,Solo,Sensitive,Naive,Adjust
0,17.15411304,-23.56654953,9.996897969,26.56034547
1,21.35914076,87.74971265,76.99886277,-6.280581245
2,5.947594927,18.49084141,16.96693206,33.12867709
3,48.64828514,19.94800015,46.86834984,12.64828514
4,12.58188352,56.15086539,26.2956799,40.44741812
5,49.90583932,13.60928659,33.31273386,45.7196284
6,17.04795719,9.644693946,51.80268287,12.38310343
7,12.97436045,34.24461062,21.21981449,13.96774815
8,39.63683504,-10.50932129,-13.81464495,-1.286834049
9,33.99193889,-13.33048755,-13.57258317,21.10499039
10,49.68616941,263.1668056,65.47662693,-1.841146488
11,-18.916871,31.80416016,-9.198009805,17.75477207
12,1.105730781,1.83878558,-18.09343362,13.06123991
13,-7.040399862,-46.3095577,-9.679236081,41.53883418
14,-5.596846352,7.717946374,26.57751244,-2.562921504
15,15.22202299,27.14054551,167.1405455,40.26967626
16,29.59023145,36.26358272,30.37246563,-2.934129293
17,90.80384564,-7.475407451,-8.345089342,-1.419556833
18,-0.786932482,26.13711871,-0.478071055,-9.657818039
19,19.29111822,45.37248863,14.13414243,36.64575499
20,32.98723844,43.46944763,-16.53055237,40.9160752
21,-7.243031545,-1.580668448,36.71358896,9.44277711
22,30.9160752,26.27029732,19.51352614,54.35845433
23,-7.765284297,0.624519435,-6.291571995,32.30587894
24,114.9997369,51.32148232,56.10698537,115.2464084
25,9.554377609,15.68006913,32.72664479,4.841489583
26,-8.718699541,46.70839676,10.53000973,60.75646522
27,-17.15942956,127.9666684,-6.261724882,19.02178316
28,5.045642421,17.3799969,-9.018448085,-30.01844809
29,14.52654695,132.258234,147.380158,24.06311554
30,8.159313833,58.41194493,8.0591186,102.2887486
31,15.54739315,-52.45905296,-59.97303983,-30.53433879
32,-22.85574859,38.28514299,15.17793332,-13.27842331
33,18.00217229,22.56365928,19.92675555,-27.99223274
34,10.03757166,-52.28076651,17.44291324,-53.59910469
35,32.18573281,10.49382199,22.89279013,49.73616591
36,210.980954,20.40437039,18.74310347,11.19266221
37,40.40153244,9.947752128,-15.84328925,9.855312753
38,23.93327703,141.8534751,150.2989321,18.86559576
39,22.38935519,7.53739886,-2.8192603,55.74601435
40,-18.16833187,1.524150494,46.16642007,-28.71017586
41,5.382594878,45.2821693,1.890963676,-7.550454736
42,80.70987642,7.527669717,-21.78422851,32.69808628
43,34.53182114,29.53182114,10.1400615,20.42807652
44,-30.55893697,27.58711218,202.7646598,10.0663491
45,-27.81798649,5.17547386,15.23118376,39.26727472
46,2.137747964,121.9817893,45.12657503,-21.75983099
47,-7.988394103,77.33151658,-10.47202235,28.12997041
48,103.3894511,-19.45154481,-14.73775209,63.56263009
49,2.283724603,62.7895786,20.08368443,12.73073734
50,11.38564828,-8.264474059,-26.91145066,-32.39449853
51,11.60708849,51.60625761,22.8593734,-5.389255646
52,-70.06109298,42.64759062,210.4507483,-12.55714589
53,27.84443295,33.28539733,117.4113628,72.90741566
54,-18.39179492,13.51373101,-29.48626899,-9.793373759
55,241.7171581,39.88330658,-35.31380043,15.28062969
56,25.21038963,13.27428163,-1.718538043,26.64327295
57,-11.62877646,11.84821109,52.93607713,-10.97605683
58,-34.14345864,57.45713538,11.35325567,-3.802563894
59,-8.495475472,8.617947864,18.7952632,1.979758858
60,-3.314598828,8.685401172,44.87305383,12.68540117
61,-7.796397207,32.93549647,55.08034703,-30.82181245
62,35.95754059,2.998969787,-1.395828856,2.020091477
63,5.418677259,19.54578638,-14.85533848,-38.95702578
64,96.19286949,-24.26934151,66.64925185,-23.81295915
65,-39.90338223,-21.82397168,14.21794109,-17.2548529
66,130.7238662,86.2184695,13.00495474,-21.22748684
67,-19.14753911,109.0276765,78.36378637,19.8977628
68,-0.584761677,23.00363039,113.7185344,-21.11855361
69,28.75926238,20.47416637,-8.159281613,-18.29966566
70,10.21315117,38.80637421,7.658068452,23.38052709
71,97.71853438,-25.68874564,11.49236642,-4.77020164
72,72.29984396,38.61692877,-21.75705238,15.988193
73,4.762549432,-15.99306639,208.0366587,24.68857579
74,252.6566119,36.57381006,31.89501083,22.65327639
75,16.97094404,35.04967061,28.32864139,14.27915163
76,-44.51600102,-13.90989617,-4.21007629,-1.139339723
77,41.26604466,-29.26932362,-15.89840694,-21.82767037
78,-11.80081063,-6.263679028,19.99204299,-32.11795208
79,10.26104178,-3.729768108,36.29780223,-21.15182438
80,6.371089482,32.66413834,57.68135052,40.95733447
81,4.115950189,-13.02184793,-8.397521512,33.59708981
82,0.636495482,6.35783952,-8.605104281,-7.351152451
83,-4.232694653,-22.91122612,9.242217463,29.02984929
84,26.46997364,18.95632645,15.51634006,24.20361402
85,25.45171625,17.67607925,22.64276687,-17.09955774
86,44.75639187,13.38152171,0.533427988,1.220863069
87,23.6159202,9.033872401,32.05530585,13.25892359
88,3.221972009,46.20793265,4.939829109,50.7028833
89,-2.152616944,15.16724902,20.08756177,26.55142327
90,-22.85053916,-20.11967139,-29.15836286,15.16923357
91,5.666061617,22.28958387,18.11889419,31.36285968
92,10.62270745,-28.23035401,52.55049431,28.8032403
93,14.85283421,51.06152826,-17.76952454,14.23792223
94,11.11974892,100.4743589,-12.92787008,-4.069714083
95,-0.044796634,61.47325665,21.54798205,19.84688366
96,99.68086428,60.20013942,136.9585139,-26.30628563
97,106.8710894,20.9328137,23.41353857,-1.509360888
98,4.415359122,1.254108425,21.17571646,18.23562713
99,13.4318871,-7.572396386,49.28495045,-8.52484533
100,38.11870415,-8.85126283,16.07198545,-19.6599389
101,-14.01081908,-6.391415134,-34.89461288,1.305278382
102,-35.58113031,35.88951945,18.37798909,2.994341331
103,-12.64856922,22.36690646,22.14277139,19.83673762
104,82.72886487,15.02181463,100.3522152,4.92563109
105,1.563975319,-2.611089327,30.86901411,11.38891067
106,123.2435481,61.33973159,-20.36731866,14.79568205
107,-30.16610566,124.265453,15.52201881,24.29264399
108,23.01732139,140.3976765,-2.112371739,22.80116618
109,52.0260457,63.75793514,0.224752287,49.61383166
110,43.96119927,11.21983915,-10.49502234,-53.49502234
111,24.83681452,26.2626466,103.8647559,0.323734141
112,53.39034214,72.79002629,4.518981248,5.297699321
113,44.84216789,168.8114746,11.55967458,11.82682125
114,1.650043871,-16.93345033,49.99337158,-23.5638497
115,15.68024262,26.38615433,-42.2721621,23.94351928
116,25.80606533,-20.53082326,31.32073079,48.31273145
117,2.160575288,-2.081675681,8.918324319,-12.46179004
118,-7.758266339,16.88978928,26.88727967,9.466954109
119,10.56085557,-12.31518887,27.77986668,33.51750556
120,-0.826339371,6.864976435,5.01802908,-9.404799871
121,80.61842184,-52.7590313,25.32449215,13.54357026
122,8.870705658,47.23317626,9.91955479,40.65219928
123,-5.214439821,16.26643779,-2.565536833,-11.53889131
124,33.50444549,16.04932479,108.6327765,5.279338993
125,-4.185153365,16.01079549,-1.308838502,69.14480401
126,-33.77378079,11.24893962,49.29441399,-28.18284883
127,-41.01895608,26.87859108,28.69417598,51.91553442
128,49.6202283,38.4411965,45.16563811,19.0748185
129,23.92156466,3.368284159,2.199095144,-21.62993536
130,2.344669908,13.27357867,-39.26041716,-23.71500736
131,-10.3315084,-52.64962311,97.18275906,17.39864019
132,-11.49662498,4.141040251,49.05403595,-27.22129451
133,10.03743178,16.95864639,-23.58634906,39.94418976
134,24.1653449,34.23803162,50.93296715,-15.96461212
135,0.05039352,-78.12151363,270.8784864,5.878486368
136,45.74621552,29.00645136,-26.30166774,-5.575783307
137,24.26275844,12.52529793,45.45608035,-26.62746808
138,-7.246436256,20.75428852,148.0169505,-64.98304948
139,12.65345451,22.35680247,20.40082002,3.22857342
140,16.01957418,-63.58569925,45.7459023,-34.76728128
141,62.89676373,7.791125874,13.94958266,2.527031238
142,23.33389378,19.44816732,12.61979076,5.390817411
143,-11.46724223,18.59588278,80.65641012,19.3222109
144,-23.54439369,0.898453519,25.81092745,40.22699516
145,8.098670554,7.008687105,34.88870917,42.27203331
146,54.28062873,12.59022943,-39.96640592,1.276312815
147,5.825140911,41.97165806,83.54064663,7.3481371
148,-27.1094139,-8.805252699,48.72674205,38.24524927
149,35.91137432,26.83401481,34.40441193,21.9361293
150,28.7969301,4.136141374,51.41022588,20.50656391
151,1.840389357,-9.893613266,30.43522422,21.71355974
152,-8.821285772,14.93722227,17.75785935,40.41318197
153,69.28396971,20.53248589,283.2769455,-20.77113511
154,35.13539453,-0.999091277,-2.585767043,28.53576353
155,-19.59384225,-2.648947079,-46.59384225,41.58552066
156,16.003058,71.80806994,-60.59582824,39.30458942
157,55.60194423,-8.291512401,34.15939253,-2.543252658
158,7.402124559,0.563494186,-4.659668094,52.76865022
159,39.97233027,16.04077663,48.16432166,2.007717421
160,56.33907875,46.45129024,42.32446331,-6.475632572
161,-21.74792015,83.42746552,15.01869977,3.11063524
162,220.7944435,40.82624918,40.04755756,-18.16129478
163,-21.63807382,-17.33787577,18.9083816,18.68160931
164,-0.871250764,-22.14618079,3.310882097,22.94661637
165,3.152166976,31.60387071,21.37801884,-19.29953675
166,35.97046345,24.56211372,-16.52138364,-5.862541822
167,-27.65238828,36.95540375,51.41947307,17.81168104
168,14.28039803,-12.30467911,34.64380753,7.78554937
169,-5.20939473,26.74605942,35.32774385,-23.07078492
170,9.261994158,11.07628895,55.48343635,-13.66431494
171,9.352516745,9.027822365,3.584487067,-3.729904639
172,-10.6874587,8.033088245,57.20247937,12.91442983
173,15.01032827,-22.2815758,2.26045776,-35.73954224
174,-2.748885557,12.72902196,9.565898368,40.7808491
175,-4.532397761,65.61200801,42.03709502,-44.24629632
176,6.426267374,3.160000241,9.001861642,26.68674279
177,51.45947457,5.948188029,357.5136499,-16.02472428
178,-7.258092289,12.36049189,7.091333458,-12.39870616
179,23.53207922,55.10999018,42.1588419,34.21464368
180,-28.38094675,33.34363098,-28.18213255,-33.56653793
181,13.69295338,9.67804313,4.844803156,2.096596917
182,11.96519794,56.93106754,2.194933016,-0.043334659
183,-24.98707388,37.73696124,24.27108417,17.09541744
184,21.34713227,22.33204491,17.01351668,23.005973
185,11.21049921,40.99088563,26.72600996,18.77881574
186,17.73916102,-4.984224481,-10.95221484,-18.62337409
187,162.9869469,34.94971504,-8.502327508,8.763555738
188,18.09359913,50.62520445,35.9806457,-4.650445218
189,10.90088368,50.57007731,-25.654257,33.91608319
190,-1.517796207,-1.556700188,30.114697,6.597080373
191,6.717533831,-64.5112697,3.134491008,20.55609365
192,2.630040765,-2.774180172,-3.679684496,23.16545287
193,19.98536483,50.55235909,-10.9398248,13.73927288
194,-3.813101403,-5.863719036,25.10331915,24.1792456
195,36.47080525,-40.98589216,69.2030992,-27.98589216
196,-29.52023053,-19.05600249,4.479769466,6.679470859
197,15.77454032,-8.6306678,64.08014367,4.272564105
198,16.80018252,25.96522415,18.08175204,23.96522415
199,-3.385354401,29.94549055,-34.12008123,2.877679221
200,11.57391132,-3.291772544,58.35254223,24.39233202
201,12.11922831,-14.45366659,-19.49884175,11.37590215
202,66.60279669,-29.76272039,-19.35888896,-16.76272039
203,65.32336747,11.73600077,2.381397935,-17.26464123
204,1.56822056,28.99294399,71.55746134,29.17035723
205,4.68561796,-15.74857125,-30.52347955,42.54416526
206,-16.91864446,9.204841263,23.58395145,0.702245355
207,21.67840112,-4.000376197,36.36099933,16.35717843
208,6.012135907,175.1577854,-14.31510242,-21.35592838
209,8.58929354,30.75954666,15.86253329,20.51346288
210,31.70809768,-44.61366973,-0.675077525,26.06056899
211,0.169687574,11.16968757,12.89828145,35.96346468
212,13.62317312,-13.86220672,-25.39164134,48.41732506
213,-1.226243072,88.16042147,8.586455846,-5.764021557
214,-18.55662887,-8.341757549,20.85101519,-1.956212064
215,-7.377698959,-28.19772553,-40.33918396,-7.341284222
216,69.76619949,27.83736167,18.48583461,14.00893375
217,51.84856746,17.57478426,14.48054492,22.66187575
218,129.6793801,3.060154924,16.16056483,21.82580355
219,64.2500312,-13.71638298,36.28361702,37.82966054
220,43.43849447,47.19972474,5.97399108,-38.07758907
221,-25.72928204,-15.87764548,27.72884435,31.86417172
222,25.90299786,55.90299786,38.72884435,6.58685791
223,20.69526598,19.54498852,7.295348191,-12.50572056
224,10.08879812,-8.461309406,19.37166551,-15.01141693
225,41.19943134,34.23804544,21.88315893,12.02719717
226,32.85383937,-24.17165752,-54.54187685,23.18581337
227,2.72345319,-7.494988219,-17.35410159,-1.432515053
228,108.7283693,42.20726591,76.99623239,64.84092047
229,30.69715344,24.12532514,-16.39652054,53.60033383
230,17.16137341,2.399980586,22.60440387,-7.254845312
231,-6.881119525,-8.157264987,-10.9166843,-4.090321802
232,54.14154158,-4.391606929,22.84976957,-33.34651193
233,-39.68615126,11.97698174,80.49952924,-14.83733777
234,-7.863758924,33.37761758,26.13094057,-29.95924942
235,12.04611452,43.73956562,57.36267086,23.25715208
236,3.319555562,52.6702261,29.72867119,3.533854222
237,2.798620298,45.82344385,151.8234439,10.71794375
238,34.08725463,31.90822566,46.37113875,14.16863143
239,27.1855072,17.65799599,4.372301818,-26.06724392
240,39.32524335,18.15193704,26.97380571,-10.98974651
241,25.40296393,25.55840508,5.330068369,11.211075
242,7.312006091,21.15656494,-6.10821955,9.576790581
243,50.47207312,-25.76567104,22.60092359,-0.587797227
244,52.89110295,10.59144476,24.70341754,15.15609715
245,154.4508899,14.76500581,-43.972171,1.71689275
246,4.873770957,19.89110295,-24.95747179,-4.429079558
247,-3.806046536,-11.58050481,-3.372295086,30.119837
248,-19.57927392,-20.56610387,-12.38190793,10.84179815
249,55.50065836,16.5903701,22.44085054,-1.290014255
250,-17.512138,59.18429067,7.010122268,-21.88053327
251,25.11330798,29.11990961,-32.47216843,52.9291519
252,29.87583253,5.070553882,3.411586067,12.28617398
253,66.39754888,-12.06120462,13.51054277,-6.506402168
254,-42.02698687,-4.680279086,32.88553021,7.31570858
255,-35.8788574,49.97702957,31.99682941,-6.646734166
256,29.56508295,18.46049687,-2.337386479,17.58681978
257,-6.211063572,-0.860887185,35.81420101,-3.987210091
258,17.06331907,28.43876004,7.738407265,25.66261352
259,8.886467002,-2.016002424,32.23664339,38.43876004
260,12.41353902,32.13779657,-14.05155957,41.77566779
261,23.86906248,4.088866706,25.38008,39.0724087
262,-33.09574766,13.22409769,54.4575599,1.264561616
263,13.51843155,17.65679592,207.0774815,-25.98890449
264,26.11082556,4.210992925,-5.563630498,13.53486319
265,-4.030385421,17.86085262,-16.21619579,42.30647164
266,11.03751121,29.16818674,-17.80250923,21.64020309
267,11.68905936,27.05274696,67.47995308,23.27084681
268,7.712200063,-2.758650073,-15.48511056,19.78394666
269,47.3419049,24.14851371,28.14851371,36.03590523
270,2.555289978,-0.180135091,66.21896845,-4.171170513
271,14.96097814,7.195063501,17.66551743,6.37233993
272,38.23841737,36.94871704,132.3581913,-22.40226088
273,92.53089898,16.82059931,-28.34932711,-50.7643639
274,25.87613523,-12.35785006,-3.594616614,-9.24363869
275,-3.424421508,6.639637361,13.04911161,-16.59434792
276,-2.972847835,-30.9011253,6.925083352,-14.08457479
277,22.95970348,34.86768094,3.504489952,17.71185269
278,7.096432777,40.45165281,19.19498722,7.258655718
279,23.11568617,-18.18965823,7.598817742,-2.098301252
280,-30.38664769,39.4804792,125.9355796,-36.39660318
281,-36.35452765,-13.43091971,25.72856797,4.814915528
282,110.6609279,84.31658174,-5.857918386,-26.16922613
283,5.490434697,-28.17067895,-5.698919479,61.90571311
284,210.2852985,10.86059646,-1.134192271,4.572947495
285,-3.365985999,31.42756182,38.01118456,-37.61511778
286,57.3045835,-23.31761585,4.134702672,-10.01433308
287,61.95595941,12.25924218,53.57815876,-11.43747504
288,-28.863709,30.35579119,2.843542055,24.5265409
289,-1.208925195,1.799624701,-17.25889745,4.306939969
290,-3.964940677,25.87974241,186.0285114,9.398338537
291,18.4914282,21.70895395,-2.236664607,-18.99800476
292,2.484339471,2.342485602,-18.94590408,15.19126785
293,9.637898198,-43.51331956,12.34716754,64.03536815
294,2.933310793,-32.49459179,10.77272915,-9.818096038
295,23.05175495,4.640239169,42.20531368,20.77507012
296,44.72920474,12.0589154,15.62720876,-38.00848983
297,71.4287699,52.40356546,11.94693582,48.77050472
298,-17.08443821,7.274703408,32.12322012,-23.48018824
299,-31.82091921,9.09962976,24.97359108,6.053042108
300,20.41182324,-42.88636662,67.13248711,44.4795462
301,-5.490089193,38.62163328,36.11101125,-14.02195527
302,27.82128421,28.86807416,33.42327251,59.10889919
303,27.55293826,6.492611405,8.040159983,-16.78346632
304,31.5747502,-26.51684625,31.88777682,22.2083644
305,10.30248117,44.62054843,46.12180859,19.58483149
306,9.579790847,15.07601036,146.0276918,21.93609536
307,15.57979085,42.26172359,22.44239617,13.21844568
308,-23.01956195,17.79358466,18.74687132,51.81694134
309,-8.317064542,-17.35474484,-12.10933221,-17.46778574
310,31.02922547,10.58028557,19.93036712,12.92873618
311,149.8818732,25.68393684,-8.590181818,-16.25518612
312,57.77621215,-34.53699106,38.24746222,16.51761825
313,59.78975334,-7.479638721,21.03660807,-10.92251095
314,18.73027444,24.83660253,-34.90480358,16.19863398
315,56.57222757,-26.8530848,55.98308726,26.7273839
316,-4.771658176,-29.89483029,-34.01566997,-6.134177209
317,34.86784736,15.95756674,20.4747011,-22.27732268
318,-23.35669275,-3.11275072,-35.69814202,-37.28353333
319,1.664423328,3.545916088,50.66442333,-20.17678954
320,320.016554,-51.96266435,9.652810715,31.91839697
321,12.33746379,15.54977891,14.15250259,44.19359206
322,37.55335357,-0.526245223,13.75669859,2.624256287
323,13.75829812,6.667592768,9.446774741,14.49881981
324,-4.210663667,-5.196156823,136.2905878,-20.90801258
325,-28.69507048,26.49840537,53.60192546,13.34853438
326,8.735350761,-31.7195884,45.22489633,16.35683574
327,-26.5405435,16.25115183,14.30111744,26.24693071
328,-31.79567434,-7.930166229,31.83122404,0.547053228
329,-27.96067622,47.20276263,-3.987786695,-0.551691121
330,16.52983229,-35.3717154,19.12054617,-29.17996973
331,13.98643081,20.4007721,-6.737871577,40.64220623
332,138.9631672,45.1479582,-12.03683281,-14.48245977
333,21.90021235,-6.824823287,31.46670478,8.425057913
334,-56.96078789,-10.28702618,150.9958684,-3.395772272
335,-4.960178423,10.23009983,48.57470751,-80.97708993
336,18.21056698,33.76708429,17.68595733,18.07725061
337,64.3823193,32.13064197,25.95947655,-19.39284067
338,38.82067681,33.07340379,-9.260233163,-7.225687586
339,46.61728053,28.40534108,-0.110048609,16.19340163
340,-3.081681772,9.239080579,16.58828883,-7.717928176
341,-3.186843123,14.58828883,-50.92361736,36.6074677
342,161.1280441,95.68706542,0.184155303,-38.64273627
343,-18.69874931,-41.43089003,144.6742713,4.042658441
344,19.92094371,19.6272367,-22.58954463,-6.628007461
345,-45.30134552,13.81746809,17.46844223,37.85954428
346,-9.87567333,45.56956711,-15.79110766,-6.746283465
347,11.76419625,37.22809178,42.10586576,73.69057896
348,110.5186622,29.55451298,14.59036375,-1.110018395
349,6.937186335,15.0805894,-3.242067495,12.42886975
350,-9.976997491,12.50625269,8.707250478,-4.90999823
351,-13.58535222,162.6751505,-13.67359252,-7.005519815
352,7.687480395,14.46077685,161.3230851,-1.312519605
353,47.33866154,17.3371376,-16.0155381,44.3722469
354,186.3770435,8.618496115,-6.467863469,34.61849611
355,3.212538146,14.46382694,24.73269671,-2.892947687
356,36.39852311,84.62204608,137.1918023,-12.74098926
357,-30.62152836,21.7469349,2.077198314,48.96828502
358,6.49355651,68.92644915,99.60429158,-9.013159505
359,80.24938372,43.86626148,57.25474071,9.54074314
360,10.05877085,16.61294566,42.44138661,9.155835419
361,91.4492612,1.712675902,51.87301529,5.712675902
362,18.59350607,-2.31657884,57.34811039,18.71932516
363,17.36310387,13.28529275,-15.83142393,25.34985055
364,-13.65362582,-3.466240401,22.33753837,9.002528696
365,19.60761508,-2.744995639,17.3386325,39.18323417
366,-31.83670714,-4.928532123,-9.315981658,39.50036838
367,13.02574578,44.07531486,58.48252302,12.25802576
368,66.13701831,60.84036546,-26.63190854,-8.731822289
369,11.64529225,98.59049067,33.07679027,5.251438094
370,51.18191169,-10.38873343,34.0058195,26.77865828
371,61.02244442,92.19158402,23.54137251,22.94673207
372,13.55040092,43.08127264,28.71386987,-3.796367061
373,15.7954434,50.40788865,-18.20439566,-9.163930779
374,49.55522919,59.29003474,2.126565794,-8.036742211
375,31.81575631,22.26489356,15.87701693,42.83639111
376,69.2147593,12.10702508,-10.98169722,1.227433912
377,46.61482128,17.61866584,-5.381334165,-16.88325644
378,45.61150163,-40.11284152,45.61018519,31.58222457
379,28.38670777,144.7949648,28.12294791,17.04267408
380,20.57839995,9.604796734,29.16868337,0.058885602
381,54.67752633,-4.204051873,48.54726235,-4.310631493
382,63.93481957,-67.76331018,59.70819779,-55.68762353
383,30.48091298,19.33095357,-45.31212341,-19.73026127
384,-9.573829038,43.86662915,32.89496823,17.32788916
385,-0.635579256,11.94580098,11.64991373,33.18396998
386,24.23182039,26.79742584,420.7114395,3.057616297
387,55.0408889,24.81259236,41.11966649,10.71813848
388,-3.986171889,1.686246729,113.8359726,-26.56602255
389,7.967544133,0.565549033,-21.21938855,6.172631051
390,2.64903987,-10.20123431,-8.35096013,20.23796765
391,63.83597255,-15.07963823,100.0882418,0.02290523
392,50.43840238,24.87020336,4.039758842,12.08949501
393,11.14629957,-23.36702809,69.6152017,12.2675786
394,2.820189329,14.74513429,-0.594561879,21.89654337
395,13.09638956,76.94273863,-22.49169645,-10.27447891
396,52.35468044,8.031688218,1.969641561,-55.03035844
397,106.6928625,8.370598338,135.9298436,14.14625875
398,17.98918182,49.05881477,8.454365346,-24.31198937
399,105.8018945,15.3336866,129.5347594,19.31841008
400,26.23771371,4.235041088,14.2363774,12.23504109
401,6.23103215,23.23236846,9.245731587,10.24038634
402,0.544496272,7.156534037,-29.72308831,-23.57588138
403,-33.9963388,61.95021086,28.94055789,16.06676451
404,32.0613656,20.75326551,49.05055135,-7.895377403
405,-6.569819067,50.63918574,21.93470454,-25.39502404
406,-17.88166528,6.294896781,12.64625386,11.74534914
407,5.706153656,42.14226228,-30.29384634,-50.77863191
408,16.7616219,10.76881198,-20.83925845,-11.24556818
409,27.04622842,37.11754455,0.489018094,-8.218270935
410,5.956530824,43.1716855,8.732022044,0.841470204
411,-22.2542723,4.159201144,20.37493815,31.7457277
412,-32.31187961,1.228684016,-10.17026894,34.80036188
413,7.779314338,21.0559708,38.34530821,6.819083269
414,36.28884931,63.55684327,-22.02566051,21.06182062
415,-28.73670378,15.0894511,28.67637366,6.427423545
416,18.82310165,21.84714142,24.92918991,-34.85157828
417,49.17246149,22.42566226,67.79906188,21.10034218
418,-16.32081619,22.04396611,0.728046705,-21.6855985
419,51.69628574,2.480182513,11.61537768,7.885637353
420,1.171531591,2.500076387,-0.364382434,-13.59986147
421,44.31769245,-1.388345037,10.74989236,-19.05413263
422,27.60286844,-48.26311431,-32.39713156,10.94304089
423,18.686054,-1.246009301,16.54040336,-11.68527954
424,7.264673412,-6.838865139,10.09232733,13.26467341
425,-17.25210145,37.90694052,-21.59981404,-41.07955037
426,-5.870963959,3.55433092,19.31874764,48.31874764
427,31.99642824,57.45630026,70.33482598,41.98341569
428,4.879910683,-22.03630057,60.19721494,12.19721494
429,20.75554019,15.223469,46.29637075,34.59956392
430,-44.66609383,32.39927149,-7.059030797,24.09573998
431,51.41132838,-12.52249224,-24.40914773,22.54551447
432,6.274249119,7.829588631,3.324087926,-10.45455402
433,62.81258192,18.1736231,-0.585682769,-9.009752181
434,12.17172744,31.61012378,10.97149161,-31.46926306
435,7.062515464,32.98645296,-40.17126576,3.473775871
436,62.74963781,85.46949602,-23.05063325,3.109566916
437,-2.336775128,51.19142667,18.90834774,3.681672408
438,-19.86535985,-5.923163301,27.41565394,-28.50164262
439,187.3806935,-14.34288897,-20.52599072,-6.253102997
440,43.03694554,-2.19010135,-0.464106425,20.00050701
441,15.63799583,-22.79310099,-19.42184078,-20.29015471
442,46.75316143,-10.53233179,-8.89268006,-11.1673412
443,16.48026165,31.90213927,31.49197583,-18.96504431
444,23.83137896,23.42391364,1.87430254,4.000274801
445,134.7945176,24.38207211,12.79185157,31.7136281
446,-22.78314199,17.57900577,21.53769895,23.63856259
447,7.238844288,-6.450114103,37.60618451,57.88767757
448,-7.967628574,-16.40434163,19.8140149,24.59565837
449,73.14654607,-6.454503427,-0.45355716,20.94599551
450,14.49909242,22.41418405,3.462276562,0.598263346
451,-2.630335226,119.579008,-14.54701032,11.37574938
452,34.81988136,0.764694634,120.9280504,0.618999609
453,67.85295733,-16.00667621,8.010758589,43.76489528
454,18.96671841,-18.23732031,97.83477805,0.678324997
455,51.99922219,71.54192429,101.3750396,-10.50143177
456,0.447214363,-23.28608024,117.5031365,47.49023136
457,12.86480962,11.98205128,21.21947341,19.68063776
458,37.52034326,-29.50116524,27.62358406,7.490231362
459,-1.574003684,5.697003409,26.59376261,-1.444952687
460,11.74146205,15.22672002,35.42923373,18.45871779
461,-13.02597126,9.725115471,23.53951726,-5.084939376
462,45.27102809,16.7252785,61.99977608,-9.728971907
463,41.73826143,2.91743727,36.11486752,24.90458852
464,9.09304182,-28.37034842,-12.34627531,39.62965158
465,52.63758088,37.52692173,21.41626258,-17.13703317
466,-56.13968779,-32.55493181,10.00675125,35.39692197
467,-18.71137273,26.0198223,-35.00425081,5.897456367
468,6.413068795,14.94256204,-27.96686637,48.19058797
469,12.16656413,-7.895979907,167.460721,15.76862416
470,41.63541937,-15.53510666,-0.525106884,4.244103504
471,-5.321256433,-35.39603547,-20.42947686,-23.02399657
472,38.97404364,-33.28893582,-34.34085368,31.00519436
473,3.025961503,15.23013624,1.358129268,13.61072516
474,-14.37576157,44.48676191,56.65150769,63.98099924
475,47.09513844,40.77913267,30.46767492,30.15621718
476,2.700035635,22.02852629,-9.471982448,9.341471439
477,17.5458981,41.04247386,-4.153417053,4.545898099
478,22.40782393,13.59003429,15.72474939,-28.08354119
479,24.68039586,-53.36683078,21.22461049,10.22461049
480,67.08910744,-15.5753769,104.9964208,-10.25553893
481,-24.89714393,-50.77321511,105.846429,-17.58732188
482,12.7564186,-16.30190884,31.79430274,58.89051433
483,-13.71768038,29.74446107,37.32409759,-14.33909488
484,20.58448409,21.62688467,-27.16887528,28.77140527
485,23.67957487,-18.90265389,-8.228038538,26.21357876
486,30.64411664,2.313179377,8.918547924,-5.376174576
487,2.876816796,-6.608701648,8.736177603,33.4510178
488,18.68752929,7.317089486,9.362511263,10.5517326
489,158.9577167,36.70259775,-8.671843492,0.093513392
490,5.72756182,59.86997626,48.46749959,5.662546264
491,129.6098583,151.5839823,166.5451683,30.4546023
492,6.471951343,54.40710887,25.37117092,18.33523297
493,20.58058677,-18.25364321,14.49770175,28.91750665
494,17.56505209,-1.38944051,-18.26487652,-1.105600639
495,8.063416675,83.05676196,-0.122636328,25.71127482
496,32.05793698,17.50055032,13.21966771,42.94736983
497,-30.03573927,-6.634771108,17.77103786,-59.24348456
498,-4.564257675,22.95044539,-8.977465737,45.85096658
499,21.81542706,31.18987974,8.517547387,4.321822512
500,11.01641356,16.48382253,66.01641356,-5.257717546
501,18.54305927,164.6305575,11.19180621,20.19180621
502,84.4720725,7.912834939,18.49431475,4.604165149
503,-4.545903517,15.10348858,6.46714106,-62.36407728
504,9.095240241,15.64238976,53.45230628,-1.178334519
505,39.30545384,23.41056064,23.76911208,-12.93569764
506,17.52257416,28.55634713,-22.41208198,87.92198538
507,31.63752361,36.57564786,-11.9621793,-44.23575406
508,-7.3672413,-31.81314293,-47.74944269,-8.622042229
509,-51.34803759,-42.23984084,100.097864,-15.74944269
510,-28.30175455,29.31558293,-19.48826984,22.57280688
511,-3.251091424,31.41391253,-6.362756771,-2.819394422
512,24.56898241,-2.934124334,-19.43065209,-12.4284591
513,11.18426502,18.5288196,-27.86552259,24.22330337
514,45.76141823,36.31918657,42.96224477,-18.79841647
515,-12.92791085,15.5730029,27.07428214,15.57483039
516,-17.85683686,13.38855602,36.40698449,6.756645342
517,9.865565666,115.9768523,153.3467546,5.384376756
518,28.01884228,71.97177626,-22.33415285,-12.68714798
519,-16.0197825,-9.848885772,21.71200916,-20.43425896
520,33.67551146,27.63764226,19.5641507,-21.80555394
521,151.5457495,121.6499279,125.5619676,-2.14171512
522,-29.10433685,-8.268577038,89.2532613,-26.44737611
523,48.2715432,35.27877152,-24.06419957,-27.74291344
524,-24.25823866,41.38299239,-22.44443266,37.05239626
525,-34.67595656,92.73094644,27.27590939,7.592886475
526,-39.8640508,-20.81832937,58.72131834,48.57801292
527,-51.71315657,26.46812241,8.902166292,13.52854874
528,25.31102241,53.14724121,30.23894502,6.155983044
529,10.36943656,21.57050947,50.26682892,-15.9205947
530,38.33020915,-9.025927005,-21.45169824,34.68287398
531,33.91781826,-21.10498896,-2.205134563,48.58068372
532,-2.81165759,20.12415228,12.99509829,25.70489525
533,8.87076047,22.67717948,-1.548496568,7.967719398
534,55.87930577,17.70945213,-0.000641006,30.87930577
535,41.80982637,67.64366387,7.566926017,26.23882995
536,91.46872083,46.73828126,26.25183653,36.44006534
537,2.007841687,6.682515231,33.70962577,-11.93948219
538,39.14339438,9.899399535,62.7653918,50.92651007
539,-1.808492455,11.09009156,4.302999051,12.4513691
540,133.4213128,-46.43942189,99.23581885,30.09539444
541,18.09887398,17.05685093,25.55453358,31.69450682
542,12.91471039,81.20911107,-0.261930019,17.03247066
543,43.46757134,29.3933466,17.52762469,5.811474871
544,19.45254401,11.53429356,93.76374171,-6.416473575
545,-24.78651909,-0.786519091,-1.361055176,20.77038509
546,-7.057734272,43.60512045,64.55920316,8.178999557
547,-1.025860248,0.404447129,5.313997885,70.83475451
548,31.05452895,48.95310621,24.91760824,41.00888872
549,20.2073664,-47.81723951,30.047428,1.207366402
550,34.24377408,6.892247358,11.59910345,-91.69404045
551,-45.39398584,-6.439626072,30.6922235,40.54516052
552,-67.69543065,-41.48847665,-3.792813018,22.1758808
553,2.466625328,-2.677716312,5.263135154,10.00575805
554,45.98804372,24.62455881,24.68370735,27.95673754
555,42.82804899,31.06630917,-12.29717574,18.08196226
556,18.55187554,34.98072103,8.698021374,0.980721027
557,-8.588515084,20.26629828,45.27205349,26.12494846
558,53.91180676,4.594933532,31.38711661,-21.92632472
559,49.40154565,28.11788679,-6.878276401,-12.73692657
560,70.16637842,65.24712452,35.24712452,-17.22078565
561,47.95935913,21.31091147,60.12085134,9.769299001
562,-1.648675619,-4.242980693,16.77250882,-23.92172049
563,-0.208099857,-3.132516535,38.75858283,-5.701388338
564,-9.087675147,12.71973574,32.14479062,-6.431565609
565,185.0333659,-54.59389446,-12.36142869,-17.95701769
566,90.42500348,80.67642476,-12.02528077,-15.2095829
567,-8.785072456,16.19428366,30.22454393,13.77063989
568,31.14568671,19.69772685,14.07943253,0.205636532
569,-39.28644838,2.67316414,-0.363757688,4.73816617
570,-2.833072905,-7.175718531,-19.83307291,-3.175718531
571,29.25970949,-13.13718779,34.66436357,7.282576365
572,-30.17469284,47.97806589,3.143554515,-21.90736506
573,26.01414867,-1.253458582,9.352184904,-6.525749637
574,27.90495855,-21.91949421,26.20896204,18.82028115
575,30.52260287,-11.27938047,39.02613699,-12.43920745
576,39.62640237,11.98907586,-6.736271126,-11.74722802
577,25.52658276,20.80337916,-3.037796376,36.88279139
578,-20.06112096,22.83150357,4.143325707,48.4334561
579,1.114549277,20.44421088,-2.470392822,14.69949138
580,24.98196325,27.77094756,15.72835464,26.7241928
581,17.59960145,-4.543850242,-1.754865933,5.89482853
582,-11.52935763,47.35702389,30.80431762,31.4737196
583,4.089907206,25.87889151,40.44437459,-26.40801187
584,63.65126183,1.124030201,37.28120535,20.12527312
585,-1.92919013,6.020075383,113.5980415,-18.45393591
586,56.59303999,-18.56999808,20.96069437,22.46410464
587,103.6003565,31.40918121,32.21798953,-37.79670742
588,22.15002353,42.69400017,-30.49949702,36.13276629
589,2.707034612,29.18897378,48.82075284,3.161907536
590,17.10589023,-22.70802542,5.586786077,37.7503471
591,10.5381435,-2.566624127,27.78611062,-11.76685808
592,57.45331818,33.23926335,4.535447886,-15.43523542
593,-0.280537956,27.84853921,13.52237683,-12.15146079
594,-42.25264358,61.8453525,16.69396633,13.70590697
595,222.5874054,58.68860124,27.05006329,-4.051132586
596,106.805859,-27.95605041,23.88810669,23.79720642
597,63.55337662,44.49164285,119.6219697,14.49164285
598,-6.119264574,7.323562795,2.946431847,0.962980647
599,11.34530425,21.98448043,2.211928945,-13.51616411
600,28.51441456,193.5144146,-11.00786431,-24.06776235
601,11.07902577,-23.29413414,15.46896073,4.26560572
602,-23.57427465,-74.63008305,0.369916952,46.29550575
603,12.75893464,-16.21696655,9.066786491,23.0908853
604,-5.238841972,45.8799879,10.6770058,78.25127446
605,-39.69670353,4.288510917,15.22972988,-1.579141453
606,20.23069183,19.57415656,14.26108603,-5.604068644
607,-3.647281683,127.3530934,-1.655158626,-21.61764937
608,28.44996152,8.247665443,-10.02249875,64.73291437
609,41.54530336,-0.644204053,5.166288529,11.62596014
610,-7.614275845,3.616214097,55.31916431,-7.694932622
611,8.187111271,71.52082806,-1.367166085,12.51967768
612,39.99258972,-5.275286019,-41.47508995,-6.373962573
613,23.29205054,-7.807606344,-22.9417893,-28.07352142
614,38.20645571,3.410106025,-19.09768075,-9.932717
615,-12.34041683,61.15835775,57.69263874,-20.90726323
616,38.20024274,-26.42564196,30.87318355,30.70494835
617,-9.330665238,36.10276701,-7.032495103,-8.043128145
618,3.302727762,8.843059839,22.67831375,32.49052075
619,50.80725406,58.70211498,0.663105482,21.18261023
620,1.431193728,26.81627221,25.52262193,6.816272214
621,20.69599573,46.39459973,51.88980913,15.41376213
622,42.47658496,98.78917896,18.85163673,-27.273366
623,14.93875105,104.6434933,2.227379093,-1.812906379
624,-12.29725946,6.801765593,23.05095314,-26.62315316
625,-11.32553965,67.14620602,54.65565645,-0.683977167
626,24.22971568,20.92031378,-2.186865653,23.4043026
627,55.26144492,-9.531367856,21.2851805,25.41539346
628,195.1282313,-23.96951355,6.36601317,6.668958279
629,7.459350989,-57.08795616,45.86975157,14.43648004
630,91.71310457,-53.45951412,13.39386866,-9.384640249
631,-15.01204486,39.52870197,3.146231042,-18.9077346
632,-5.890871149,-15.616507,-4.424956502,47.9581445
633,2.151376335,11.21786571,22.12209046,24.766594
634,1.434361433,-2.249026939,18.29802002,61.39379528
635,30.80497421,-33.07070728,2.518256857,-0.045843577
636,13.65052569,23.70361875,45.10556711,1.3731755
637,-7.147259752,-15.16514285,-2.474870164,12.21611685
638,-2.751375159,36.27044968,36.80887548,-4.586759554
639,-10.95522255,42.69592215,13.04477745,21.38389096
640,-18.48165635,-5.615353595,14.99820267,-18.62633958
641,4.441254623,33.50811026,-19.38685476,-8.335004121
642,6.052284141,30.50050808,10.87987979,6.81089067
643,-9.626408319,-8.648380298,24.27285241,8.388239667
644,62.49460981,11.27562354,163.3785256,-5.489551209
645,-1.386649105,-21.01990071,32.79013406,-32.06210381
646,28.33366562,-6.283747,-17.29958598,-59.69535542
647,-3.524420253,30.81382093,-24.91308497,10.67727388
648,13.37778064,13.97503439,45.98190003,3.780526901
649,-9.424773807,-17.79952414,9.973293916,4.120862312
650,-0.421338338,143.2513858,50.34836282,-23.46577894
651,15.48488864,5.645331305,22.62138127,-0.511762877
652,-31.58986006,66.4419597,63.34650043,13.95379331
653,-6.132681725,69.82413371,11.12417403,18.04005654
654,8.525755614,23.80676774,-0.340712597,15.26018045
655,-16.67336558,18.22684494,5.505834467,0.526213394
656,-43.26404709,20.32140333,19.83063849,-45.19129921
657,43.41418477,-1.123968754,58.90146693,9.363313404
658,20.1262864,32.07516343,-37.91683311,5.519263185
659,46.91777764,45.48050553,306.7010563,-3.736215804
660,41.12490439,-2.910243283,-19.57874825,28.82855703
661,75.12628311,-21.79928536,0.940893673,4.237241034
662,15.96764522,-22.70684135,49.6421318,26.85151569
663,98.03284596,83.09305012,42.81171752,1.475102824
664,32.52364501,29.57831655,-11.47635499,-6.449019218
665,-8.558362306,-15.50369076,65.55098078,13.55098078
666,-1.47635499,-28.39434767,21.52364501,-11.44901922
667,45.33357964,-13.5719149,5.937242661,-34.7242956
668,-13.66486706,46.32252035,82.02815743,51.89358856
669,-7.243502829,-1.827183632,8.467179288,-2.824661114
670,-10.67243462,-23.113979,6.030679944,11.90115611
671,1.580899969,21.00730924,-6.997735798,20.57837745
672,147.5362898,28.74095209,-29.34355852,0.078545143
673,201.0287402,-31.00910148,50.78333018,30.21710719
674,-28.12853013,-27.40023626,-5.296132842,29.90041138
675,56.71341057,127.2707103,5.180836448,-6.237138314
676,7.596100238,-5.379896695,4.640395464,38.94205359
677,-4.932482547,28.68097978,-10.31902022,15.565662
678,25.02073362,-24.09458416,-10.6573161,27.72922157
679,166.9319075,-7.922336468,23.80644365,25.97249183
680,-7.862061854,5.018724083,6.995722013,-36.10974748
681,-6.40513739,18.15446964,-1.313412468,-4.831785788
682,0.918682503,183.5582669,18.59928995,-13.16176509
683,39.95897537,-16.48590467,-4.719845721,-2.848317284
684,31.55862993,36.95770363,31.75856216,-4.041957478
685,44.06341485,28.10030155,-3.194792056,47.02652815
686,-12.62410191,45.98912917,61.07433004,12.94652874
687,0.121713339,16.12160038,40.32198445,-14.27803814
688,5.676172366,-1.306106799,-6.772651446,8.676172366
689,18.59029078,32.28356053,159.0647299,21.42883529
690,90.03236475,58.55749727,69.62030779,5.127843392
691,27.38833281,21.9320915,61.36276857,29.34998646
692,75.81405772,-7.05699209,3.169536331,10.16561484
693,-58.39517763,21.0696437,-22.9342778,27.48763666
694,38.31628118,62.54188932,0.475253188,-8.140166665
695,-2.424235192,8.399986248,83.47426508,57.04842913
696,47.97456308,31.7912663,11.2671638,15.85236523
697,188.3370905,35.7912663,-15.60181058,28.82181576
698,-11.76269019,-38.81496134,-10.33906384,10.78313401
699,7.20606487,-27.08653585,15.49866559,47.76071684
700,7.131817199,19.28670477,-6.868182801,41.2880711
701,110.5311637,20.50292834,38.98881063,9.145807586
702,-30.49319841,3.90898772,18.88588497,-2.04480679
703,-6.831259548,2.34361479,57.23750092,27.75617762
704,-20.94354496,-17.91588935,112.6749565,12.18187035
705,15.44746,12.99928743,25.36671019,-2.508116485
706,40.6087034,-3.061855359,32.64937021,-32.01361898
707,-6.214998209,-9.90148315,8.666092145,-8.572951359
708,27.96465632,3.938853707,222.7678866,13.9594958
709,21.26309832,-31.23432142,2.252777272,77.76051806
710,50.90218756,-47.81788172,19.71721246,19.04256426
711,-4.146200312,7.298804381,17.24407807,-19.72297855
712,22.2898601,0.908381477,45.62689692,3.739863068
713,-19.57495285,-6.450876243,56.58245511,5.054678983
714,59.58488027,5.780561323,39.47170579,1.245356824
715,3.240011543,5.914085177,57.79000857,21.50852401
716,33.95680616,1.944735785,12.99093737,8.762009381
717,-3.088514781,3.935960695,-7.905584078,-14.34455423
718,3.282501776,-18.34601023,-58.08898622,-2.048819827
719,-4.663575086,44.07862609,41.71073724,27.21991141
720,16.2152806,21.70294569,31.26898397,2.702945691
721,-0.570824344,-9.153518763,287.5351997,-6.921682329
722,-10.84850507,-2.829375187,14.14404583,52.91025552
723,10.69208701,-22.36507266,2.680655077,13.05790889
724,70.1792014,65.44918352,-3.753106236,-5.906451487
725,-5.293070481,41.89698315,46.19143753,2.166965273
726,2.974596779,8.249797389,184.6510071,-36.65443665
727,37.88197178,37.10648517,31.10648517,26.28490163
728,229.9031755,19.2233114,-1.676575357,4.663356696
729,-6.297330932,0.194896864,-13.78955873,0.918065097
730,28.27022016,45.97328461,8.97983035,8.006013291
731,-12.32674523,-10.55666595,-11.57646211,59.19361716
732,10.27325086,31.59914382,32.38374194,31.72079547
733,-37.35991012,12.67092967,-21.32907033,-21.35550083
734,2.272449443,-4.710902263,58.231606,51.31329288
735,62.39098294,-30.1273629,-31.59911597,27.84293381
736,1.0771382,-10.21324193,16.06897297,-13.49545683
737,13.84968492,21.35707919,56.70607698,16.51547566
738,-28.25288321,31.77831947,47.34002325,-3.02593443
739,16.20945221,3.924040603,137.0295649,-4.380491462
740,2.39582998,21.24275888,16.14926614,16.05119185
741,10.05768582,33.05103867,40.01614114,7.994537903
742,30.49388596,3.706535405,6.791777714,20.34906529
743,22.77799534,14.83171258,-0.275721891,17.52681357
744,10.49161465,-14.35495464,36.30558478,52.10117316
745,23.30560685,4.615885494,-41.30285792,63.52858264
746,-11.00178637,69.13001378,53.10679409,41.98273384
747,6.35389335,36.32335501,7.506585058,34.9302392
748,-9.256195536,18.99949585,-8.863910936,25.78933554
749,-5.873986968,-10.71017242,18.48787096,13.18713766
750,36.18745182,-21.26146602,58.54530752,26.61360413
751,-16.68234784,68.80626939,17.61887461,-6.767578304
752,95.82463082,0.59071549,-15.01227689,10.33535393
753,2.357813848,60.34974761,-3.15285096,-33.38282063
754,8.544216555,11.22932463,-4.894080753,-6.443026522
755,73.37224364,-18.10970983,54.690639,3.330045989
756,31.15732872,20.8498719,59.84294714,17.60313376
757,60.87676886,22.10659614,8.089685278,-20.20086068
758,4.687688059,8.055863558,80.49860726,-0.927225582
759,63.26272569,29.40783934,-11.71299023,-19.45099589
760,3.065753179,-9.561178128,5.716628092,4.70864689
761,-12.48187806,-29.92626562,13.07373438,38.80390936
762,-1.927527619,7.865765451,-0.137960621,56.86576545
763,38.51298975,16.89782928,3.880013028,18.26485255
764,-18.40945974,-1.237600237,14.25815108,-9.229102867
765,2.865288542,-5.461435726,23.53289936,7.624494026
766,17.43001058,28.84549706,34.85965934,27.69346475
767,8.851142754,-0.80385805,50.41394695,37.15321528
768,38.07864938,-5.780073781,-25.27661687,-28.99544595
769,32.12129158,52.90561457,-13.76067944,27.23932056
770,67.99128122,-10.36620749,114.5661683,-11.93625265
771,-13.25038601,37.13678693,-24.77960105,4.975268121
772,47.59609032,54.63929676,8.991200168,30.72570964
773,8.927661852,138.9245718,-41.74288721,50.25877667
774,-31.04886966,45.07677928,45.27574098,18.07677928
775,-2.976663682,-37.05424412,-53.03484901,-4.073639236
776,-43.21096811,-38.97395994,22.83734186,25.38338099
777,-18.7427902,-16.90846753,-0.773337795,5.793059853
778,26.24943566,-41.37287975,-20.47659899,27.16646027
779,-0.250226457,81.94999027,50.29321895,-6.648492614
780,-4.869512435,-0.95573967,-15.54137711,42.74305481
781,17.60489497,59.08636809,-6.913631909,-22.76541684
782,7.904232273,-7.414366861,58.18819234,20.32351616
783,6.493636293,26.09276768,12.16644253,-18.58003856
784,375.8468541,-3.07977471,51.04232165,-12.1772251
785,10.29132643,62.570417,-12.87736804,-33.77293813
786,10.73891891,40.44571762,207.4700802,26.83580255
787,30.59079949,31.03496359,38.49122815,30.82977069
788,-39.69397425,-10.57387751,58.70886216,17.32020781
789,-12.68217834,34.18747675,-12.05270181,-3.920620111
790,28.21761325,-11.75402262,26.90318934,-21.08971963
791,1.029300355,44.03662287,20.02490685,1.017584331
792,16.93535696,-5.987839897,1.6368292,15.67523077
793,-10.00877472,10.99605819,12.57695163,17.33896357
794,100.1960495,128.0924037,49.02735739,-9.74154889
795,-5.349918935,11.34964696,48.51071676,53.65876327
796,10.00816835,28.83578329,38.04247873,-18.69308642
797,-8.058615729,-2.722004941,62.64410293,-20.80066384
798,33.28340312,-10.28295479,11.16543351,4.613821801
799,-4.878618628,30.6308362,16.44841148,3.938956651
800,45.29640238,31.318586,-11.00554479,-9.77421651
801,29.95502403,18.87503229,-1.381442184,-5.009679423
802,78.76578804,-57.70226644,39.19487796,-20.98953621
803,-13.22730384,7.531593117,-35.82018627,13.66201981
804,33.83110655,24.60994151,95.38877646,22.87724248
805,14.44373601,-2.468953713,42.44373601,-9.420291535
806,9.053069812,184.4823795,95.27907821,29.07370998
807,21.86216546,16.01888392,62.16168973,10.19391303
808,133.0657332,54.81312154,-10.85420562,-26.33655428
809,8.766920722,21.54862102,16.92803385,-20.80791719
810,2.327261492,-6.545937316,4.304386864,10.05177522
811,16.2571886,11.27465387,-11.27431935,-14.94554947
812,-17.48853377,-15.24662633,21.93565698,-3.853100381
813,20.99613384,31.38965979,8.269558799,29.48080144
814,16.29691285,17.73182921,25.38988949,44.10734767
815,72.17841715,1.965469042,11.238894,19.17841715
816,121.5758107,-12.87100882,46.12899118,-17.10375789
817,26.7747786,33.98466622,31.75695088,20.68766251
818,15.09914017,8.716008406,3.680078001,57.71600841
819,33.52556571,28.26942242,-28.60250594,20.79895874
820,21.92940953,-10.04380147,20.39141081,24.69540058
821,8.897974869,-14.34464537,21.42890907,-7.810880838
822,31.30065764,44.28425482,43.26785201,66.31706045
823,-68.16918074,-19.19744894,-2.609867114,-56.05055349
824,16.41455575,42.40085123,24.7131853,34.5999376
825,58.61364212,29.80816031,-13.89321014,32.21546939
826,49.74040079,203.404939,38.9345727,32.77412693
827,27.59477267,38.59477267,1.667736528,-22.46118092
828,-27.09015565,-14.66401301,7.670312466,4.739175348
829,25.8833504,49.42881622,23.40605231,-33.63176353
830,12.30135952,-5.096969365,94.85160636,-14.52401073
831,10.21591784,62.60986663,-15.39329796,23.65594564
832,9.677188988,12.65644216,14.95647395,30.5345142
833,38.51383004,-1.726834165,-4.726834165,24.27932708
834,25.18903448,-25.37513433,11.61868325,82.27620072
835,-14.32728121,-2.952879722,-3.952879722,19.81539358
836,143.1276769,41.07828575,-2.884082921,-14.82528396
837,-2.262357122,-3.298468963,116.5483562,26.89081769
838,-2.917891586,94.22997811,-8.528793857,14.45178265
839,5.711308745,-38.58091219,50.67906465,35.47793681
840,13.73723656,9.935823579,341.5386495,-22.06182146
841,42.25976258,15.34355468,6.131321805,38.58942575
842,21.20126215,-30.45563515,31.14652071,-39.37352299
843,72.89866242,52.70690972,8.202570401,19.88274293
844,-5.54588638,14.94281051,86.55993407,-6.694515715
845,61.28385241,-16.34337248,-17.17213693,35.85816708
846,-35.63150415,32.07123717,210.7840798,19.5700354
847,42.71646941,28.05426986,17.35990149,6.180276004
848,-13.47659517,26.46207521,16.54950498,-2.389165402
849,42.78265102,-33.5962113,21.87008078,36.98969691
850,30.17120924,9.689004723,23.47992875,28.91409384
851,42.10322682,24.66303488,8.345502193,1.287215683
852,28.38243278,24.33747452,7.648257312,-45.79740027
853,17.96119774,-2.60975933,138.2652681,-34.19083745
854,-21.96175646,50.12790914,22.38645809,-9.482463077
855,-8.679151529,-13.60800332,1.927570788,59.90138084
856,106.9710597,-30.5664667,36.36862835,20.01027742
857,123.3630943,8.603244966,-35.98563924,-12.59304977
858,-6.986339963,22.44368116,18.75943176,7.257740454
859,-7.047227107,-10.89712149,47.70530986,11.02444308
860,151.5158958,35.67693158,89.43836001,-11.44235421
861,-6.281399722,-5.297408495,24.76126884,-37.09739559
862,7.495168682,287.1378587,326.0555825,-46.62565902
863,61.50993148,-3.215711212,-12.48410423,-19.85389017
864,43.29571323,7.733220694,36.03585384,-13.9477039
865,-6.265766542,62.57079625,2.849650515,15.57079625
866,-31.37243325,0.415785757,2.327428345,-19.35952953
867,0.901044336,-3.707032785,-11.79711828,-41.09895566
868,5.836868172,64.70625576,-6.130478725,46.70625576
869,-3.19578493,-22.26109113,-32.16313183,21.93482748
870,69.08307657,-13.91692343,33.78368914,-38.141464
871,2.836868172,-0.261091135,24.83686817,60.86952127
872,-3.28367015,-9.261521748,12.44430327,-4.342407684
873,29.32207041,-19.67792959,-14.93115407,-67.57493249
874,219.5153618,12.02838649,37.41796674,23.00233711
875,32.81385463,-0.327955089,-7.439690615,20.26422123
876,16.99790944,4.803593872,-18.50383072,34.66931313
877,37.40325715,70.44386191,55.76492025,-12.75727202
878,-9.920630986,19.25838921,-36.13294211,6.685524577
879,16.80643925,-10.2848081,3.16155974,18.93344137
880,-9.023591258,0.581336836,29.55669637,9.161624461
881,43.205701,70.38494931,60.18329496,17.69863387
882,-6.751534343,-14.66514492,-30.14875633,-18.73134859
883,19.00713101,31.83968976,16.73736399,10.21178255
884,49.36049096,15.51099744,40.89656702,5.498592932
885,71.04901919,65.90907603,4.77121686,7.497582502
886,19.7524664,34.61436443,-9.253735856,-7.623799797
887,65.19380089,139.6336036,113.8227578,-9.882224071
888,19.40418455,16.9522236,24.91379236,50.02908607
889,35.79481835,41.21600521,-6.712521846,80.05837892
890,-10.60727483,34.55302549,44.94637297,-10.29160974
891,31.97684823,45.16199876,-48.54511801,38.0647132
892,-10.48563808,28.34751172,25.88665089,8.681212107
893,-2.921507286,17.42468891,17.55295051,20.45078169
894,26.89914671,17.64262351,1.604034918,6.655119326
895,28.1942585,14.46327751,-5.306292079,13.70620373
896,25.84757227,37.07576689,139.3072376,24.63354589
897,4.862073084,-33.0549671,-32.43368707,-20.96028711
898,9.844980451,12.20503797,141.0655552,19.48492294
899,3.173880589,-23.66114989,32.83012796,-42.95584566
900,5.357748674,-5.642251326,-0.444444635,0.770827611
901,9.47594463,-6.887987143,4.324035599,-1.463941658
902,97.11729383,11.91948714,14.49544165,11.90527109
903,19.80080295,1.357202942,-6.331368431,9.544060118
904,-17.05160059,8.641097528,56.36568451,-19.1893071
905,1.186848038,-0.753539805,5.682227489,-8.180066001
906,9.176838472,38.86953659,-7.052369058,45.93838984
907,10.45074321,-6.423915892,-2.187131779,18.67635683
908,128.5088684,-11.78584854,54.43345179,13.82640765
909,-7.956029377,7.80184791,35.33695017,-9.371807633
910,102.2387112,-3.34551054,-4.419189765,26.60536998
911,158.3312645,-29.61961604,5.233025515,11.30670474
912,25.87948357,27.17460115,-16.19202459,-6.179539941
913,6.231991867,-21.07790627,-27.03375517,-4.215278944
914,19.13662116,25.63175261,29.72693617,-1.556948242
915,3.778174787,36.72399338,-4.096144755,-16.30742674
916,34.71840666,24.85315822,21.7876595,-3.412590774
917,20.28384918,32.5408457,1.480375928,0.987934649
918,10.45265767,-2.347092056,53.52065913,5.986658402
919,37.99386088,3.525378517,2.472571767,23.57307101
920,20.9545384,-10.75058159,-48.60382299,48.0473715
921,37.9654409,10.77977471,7.089672632,69.34564505
922,14.72439487,2.741593599,43.11539285,20.62019585
923,-7.084369193,-38.21610988,32.79139908,51.13269564
924,-38.65194354,40.85610967,-1.258655466,122.5775867
925,7.040483846,-17.26583411,9.612596681,-0.398731548
926,78.23618934,70.80848331,12.53965259,3.906246868
927,19.88373399,-3.11626601,45.51443543,-15.04913418
928,12.60408548,11.2878441,32.83200502,16.79495905
929,3.984401903,43.87532792,-51.61227731,-5.612277313
930,143.7972545,164.5842655,24.95933582,5.588944609
931,22.73923634,-9.386964781,-20.82866869,12.38486948
932,73.60454096,5.262153385,42.48767263,-56.85471495
933,119.4415646,17.23499066,23.72140929,35.48767263
934,-2.363216181,-6.581899037,39.37465613,-5.767268931
935,-24.65547213,36.30436314,-13.37431902,-11.10140244
936,14.41666711,24.68761292,166.042342,11.85517941
937,-2.326959606,2.088555756,157.6273442,-7.177827629
938,11.01569247,20.52015242,24.18979238,0.798425744
939,40.47834035,-9.60125445,3.749296595,-28.57754298
940,-18.76756673,32.14435166,-3.325077638,18.21585293
941,18.61274043,52.49667809,0.110150459,-6.287777567
942,58.14274632,-16.83005969,81.18353731,26.34670126
943,26.2417526,70.47905722,-1.952031477,20.34641454
944,76.40983902,48.28385588,-4.897236074,15.11062906
945,20.07907121,3.337905733,4.986981205,-8.532677008
946,13.6001175,-4.105854725,23.20399713,0.945191576
947,24.56298467,42.47181232,35.16356382,37.32709489
948,0.134907735,25.07495607,2.388305512,-6.701969339
949,14.89374321,31.37315028,20.00329851,6.184105813
950,13.20238613,-36.28247213,44.55299359,45.2629531
951,66.40073729,-9.533445815,42.97441054,-25.00987676
952,-15.44700077,-10.11408396,8.802686834,10.30181213
953,-6.223045158,5.00902459,-23.35773928,-29.58980902
954,29.05212453,14.80193709,-47.94762556,23.96939515
955,-34.69202771,12.43863053,25.43863053,-24.27143719
956,-6.267233244,17.43458128,6.261985148,7.418912351
957,12.66018576,-17.05058244,77.09067583,26.80368245
958,56.75114781,74.47985429,16.32975798,-12.85748161
959,-44.57584296,0.97389936,59.01591118,17.47647619
960,10.07884668,28.65563006,6.678420925,-23.51242103
961,26.91079559,12.25520431,4.549773785,-48.16801231
962,24.99382877,58.61684219,10.89560896,-3.834047911
963,14.46010245,58.78713904,-4.432223401,-13.45914194
964,-13.69024949,-18.9492003,7.180275104,8.194012713
965,-19.23021676,-35.23021676,-10.0070692,-1.748118388
966,13.23861295,23.77413913,33.50374268,8.413610522
967,-8.652382474,6.413814461,21.1906669,19.44961771
968,18.36676228,-6.478899178,21.54717953,-11.1296025
969,-3.107551434,21.34884587,50.26164047,-7.119911129
970,6.850279497,-4.296503048,-10.16500157,-6.608433521
971,15.47805934,15.33756916,-25.10093719,6.127067427
972,137.3540931,137.6096254,15.8611912,-47.70269187
973,10.76696803,-7.451695965,-21.4205893,-9.764046893
974,-13.62185002,247.4603265,233.4603265,26.43293432
975,3.942936773,11.52623828,37.72323691,30.01873486
976,-10.53822196,25.01102488,-38.45942702,1.298394496
977,20.25320336,20.19410716,15.27290209,-0.459427022
978,-43.52898341,17.47101659,8.128233113,28.79962485
979,43.57311502,45.9155596,11.92532165,23.24433731
980,21.85367206,3.356229735,15.28525852,-3.866914632
981,81.87325065,69.06820737,-14.41818242,7.565404184
982,33.25974427,9.931634756,24.37821006,-14.62178994
983,-4.731694533,-5.911287124,-7.013324169,-0.608427869
984,18.59737596,35.54083508,29.76028891,-15.80990642
985,-32.56553699,43.35300653,-19.70353434,-6.581349628
986,23.64303072,27.15031792,13.01914843,11.70950963
987,0.124628033,20.78179765,-1.414561193,5.140468811
988,7.21289688,-14.26791636,34.73575267,-44.74139154
989,8.379423956,26.03499639,35.09974672,17.11053844
990,1.162570383,36.82848035,-21.2821263,47.53504271
991,46.73329392,70.5998282,52.51941213,-1.049155248
992,82.96731895,107.4036308,58.30334628,5.3959473
993,1.253744176,42.10922608,36.02611225,-0.352396252
994,11.6854749,71.40363085,141.5928739,-2.364667384
995,36.74579394,69.43398025,-20.67152853,-21.9723155
996,2.285273274,-19.3567683,48.69032967,21.59117241
997,107.0340332,31.27557094,21.84634306,35.19172524
998,164.3808175,-13.4314194,-54.98162988,23.34812048
999,54.98277124,-27.87940085,1.189513103,20.74578606
1000,-5.559800829,-22.49521319,3.569374448,-7.944358409
1001,25.392632,24.88483564,-7.373514912,1.820248004
1002,3.471347013,-23.87312039,0.336235234,15.35776445
1003,64.97660418,64.50870543,-13.4470782,-30.5797273
1004,-6.073990471,-8.989368434,-5.514998371,-14.98041958
1005,24.49395048,23.69655672,-3.913695252,72.5362615
1006,31.08065405,2.089602903,66.43703991,19.73321704
1007,8.760646138,30.15057255,20.53676388,24.09273444
1008,41.00942649,9.629620795,24.22700146,13.36008132
1009,51.19974802,17.32309849,-21.74535118,62.84359812
1010,30.26951916,12.82276829,33.39629542,27.97844458
1011,-8.426991888,6.098990364,26.62497262,21.75805248
1012,77.50021726,30.15052509,-43.15009057,-2.066244184
1013,-5.067929431,533.5004118,14.12811322,31.57919379
1014,14.54254088,-11.54110905,33.21663147,-19.25485202
1015,40.2031371,47.12571318,19.12104226,29.8682468
1016,-12.88783937,-51.92189038,29.27807652,26.68234945
1017,0.707887701,-16.55166845,38.34617853,17.05257137
1018,56.53763267,6.46535705,4.337665778,-8.636795968
1019,13.16152463,-8.954849964,-12.6445177,15.28075918
1020,15.99664457,9.473069441,25.69474474,-13.59061795
1021,49.0347274,-0.807284686,3.430927749,-33.9652726
1022,23.76573573,12.60322849,10.45651592,15.79222606
1023,-6.848375602,32.43061815,-13.65894167,-0.190513996
1024,-22.03185474,1.762498501,-5.558066174,-40.28084357
1025,11.19030152,30.92831469,-7.166248154,29.64141403
1026,-21.92609664,-49.53395612,28.10717323,-4.533956122
1027,41.60828181,4.60012693,94.2640753,19.61643668
1028,13.06742192,7.479440283,-14.63839125,39.03816004
1029,14.35784514,22.42183463,2.193836883,43.12984739
1030,7.248821988,104.9185314,-2.464159681,65.49256809
1031,-11.70944583,41.76736538,21.15975698,-9.709445826
1032,-4.555890316,78.4896505,122.6452482,27.84638665
1033,17.40696823,42.60062513,112.3963964,26.80485386
1034,29.74996819,47.31349543,-14.34434133,-6.333426341
1035,13.69761816,-13.96771271,18.80717083,36.53529286
1036,18.78639903,-26.20488009,-10.55710865,-24.88317459
1037,-9.140809717,-20.16726179,42.01112468,0.218222574
1038,-15.8140729,29.21319509,60.8677471,-5.032256908
1039,-13.84807662,23.52402101,12.98912655,0.524021011
1040,30.24769524,29.4312446,21.73292843,-27.69323753
1041,17.2790303,-0.915412712,33.68920474,34.55247993
1042,2.824703111,-42.29660519,-4.116229654,-5.781838378
1043,-10.9016319,92.86363055,24.57880664,14.61792956
1044,-11.93420307,20.25814726,-21.88981453,3.858650428
1045,-22.23084576,-9.590176189,-12.87151533,-15.82186725
1046,-26.53502951,5.090270827,22.37495538,71.35791344
1047,128.4415828,136.5980287,158.3326974,-50.32036883
1048,0.152641954,-0.23127801,30.95671754,-7.283371386
1049,-12.78708202,46.05586102,32.620476,35.79144646
1050,-11.73976267,41.96012616,-1.4237938,-9.843949426
1051,4.784025319,66.93194311,-0.505906175,15.18932323
1052,49.55079615,128.3579862,83.0620004,-7.534404556
1053,24.03273372,13.61873296,36.6687339,5.356734047
1054,49.17730963,-8.843394727,19.14625309,103.4775228
1055,76.7109377,37.0555217,7.889876279,23.67464105
1056,14.00158424,50.46116841,4.585064734,53.11406882
1057,24.45445062,-3.299052685,18.23386008,-6.348072806
1058,60.2543513,-34.88967012,37.53913417,-28.31901773
1059,1.253456867,40.43370237,-56.30457911,66.0818611
1060,41.30253867,-8.019358001,40.20095811,-7.358409668
1061,47.67435855,41.05061144,-4.132503447,29.14216889
1062,20.7810759,-15.36259529,32.53000747,-49.57738978
1063,9.953463888,15.32971678,4.889084555,-31.89059933
1064,33.87370641,-22.34492084,13.09029208,4.037676857
1065,-23.83915222,19.87866995,-15.09657487,-8.428263072
1066,-5.297983647,16.26670902,1.76605934,-6.796034611
1067,-45.45123579,184.7768595,40.47055921,-9.598231934
1068,-20.86036819,65.89937935,179.5056686,-34.10062065
1069,9.827397277,-2.670682242,37.44809451,0.076437037
1070,25.92353419,26.31022362,-2.806189673,-26.27398363
1071,-15.55720499,39.68681951,-2.466638815,12.33839181
1072,41.20143743,21.20143743,45.0765529,14.82586008
1073,2.936057799,-13.61031202,0.8892261,32.85800497
1074,-32.47074068,15.31071139,-39.40829841,-4.439519546
1075,-11.82137671,3.39717122,14.44400292,-23.32183858
1076,59.48828696,56.58478103,-19.16597595,16.02095631
1077,11.93554723,-41.8920166,23.8045217,14.93554723
1078,47.48073829,-22.32553794,-13.54038421,27.2906358
1079,-10.31139342,20.22080736,9.30148689,20.39369207
1080,84.84793944,-40.49603335,-87.68964968,-5.808087777
1081,15.36956938,10.96637754,-52.21127961,-35.42085512
1082,45.77912488,41.45475327,-33.6544888,-18.11163304
1083,-20.31809505,-27.44647714,16.12975494,-25.43772002
1084,1.16446692,44.99185437,17.37851854,9.854917099
1085,10.71797982,1.063204913,12.74789129,-16.93103129
1086,18.73181428,12.16388614,34.40195544,-2.404041995
1087,-24.86544455,9.098880183,2.610954016,-27.52598326
1088,21.27789309,34.32391062,16.40958069,-34.753158
1089,-8.576805334,15.30895744,133.9906039,36.05990165
1090,16.75234735,5.583998192,24.50126575,-4.971397126
1091,63.11515441,80.54126828,-43.04010106,32.27789309
1092,8.298422481,51.61962547,12.80591753,-23.90285968
1093,10.23205125,22.95581857,15.91084826,8.052170007
1094,11.40335321,46.17850165,20.52327404,31.67958589
1095,34.18489449,18.8024388,-29.61323378,4.993666643
1096,-17.49299876,10.2512784,140.2487134,26.45076541
1097,10.35300914,41.78807303,29.15496602,9.895221606
1098,-9.780761031,-31.68445715,2.02391853,24.63327765
1099,39.21209997,69.57515836,91.95345162,-6.880568989
1100,-27.89257392,-30.13217271,10.07095051,89.32616538
1101,-7.607935372,52.3312402,-3.586261664,24.38623896
1102,-8.140209304,0.682399322,11.46011672,25.75973636
1103,14.29351436,44.41638511,23.93003349,-16.88737084
1104,32.14285294,24.73012743,18.59126225,2.851150706
1105,46.36108573,63.17165618,6.556740663,20.47288855
1106,22.23899184,-15.90096824,-15.91167613,-2.621426858
1107,-3.935167409,87.30591369,56.89077862,-10.48868083
1108,28.2589415,45.91092197,37.65509109,32.75690576
1109,-6.30223199,71.8142445,13.09486727,37.25238033
1110,50.78722573,76.20346884,49.66078341,-58.85975231
1111,19.87471098,55.32123104,54.91207207,44.83057131
1112,4.507870866,23.25484778,55.82255023,-48.267087
1113,198.2229362,38.33349801,6.05154231,-12.46469216
1114,20.65206273,41.54843502,26.50266734,5.891095336
1115,-37.57445642,-30.07716004,-24.09683561,15.30749018
1116,5.218971821,-0.746508117,9.043965767,18.98563042
1117,-29.22168238,12.77234905,-13.37690299,29.21115231
1118,17.42981011,85.38264929,-20.84105496,-25.42932668
1119,43.38120478,17.44420422,22.31820533,-15.98624035
1120,34.7272178,28.02443459,48.57134527,15.79788993
1121,168.7779684,-1.357670225,136.8535075,-0.08779663
1122,63.0224655,-11.49932686,-17.58255816,-13.55350167
1123,159.4176687,-19.86983987,-17.0198742,11.55514296
1124,-10.6606917,-32.85666746,9.3393083,6.670157272
1125,-33.33581794,17.95926472,-12.54967686,43.09413793
1126,18.57550522,-80.81123126,-5.233734055,6.280422557
1127,-11.08608894,-4.087916562,14.51237586,14.514569
1128,-16.14804491,-32.00456695,8.450596184,-32.36326184
1129,8.059030967,-17.45351163,-7.534186579,-31.93825935
1130,48.28238896,46.54026991,-12.53146907,-8.764620749
1131,-3.094240677,24.85195509,-6.14804491,-22.80049024
1132,42.27730239,7.455662789,27.92861328,21.3935321
1133,30.23123507,11.40959546,19.51779348,-2.590404536
1134,48.58583566,-29.87918481,-11.46524964,20.88511213
1135,-5.119291755,39.91874389,147.5320191,-29.60027393
1136,18.95843446,10.25373985,24.0725183,-0.063944774
1137,24.94087231,39.24324321,26.07262504,36.77025413
1138,-13.72384054,104.5006186,146.6128482,19.61284819
1139,12.41258216,17.0725183,-14.90510246,8.231360614
1140,4.826041298,-17.69284946,169.8411539,57.68330293
1141,186.818485,28.47255782,16.50278304,-15.53499849
1142,25.75886598,5.781534896,5.458276636,24.44316403
1143,-22.33936598,78.16441217,5.999004885,8.141743253
1144,27.18385294,-5.224929571,20.40786639,21.3940069
1145,55.16614335,35.45900126,45.40364201,-8.833856646
1146,-9.361190408,-14.08173899,-3.721464698,-3.231859317
1147,24.40093665,8.733491956,5.782000175,17.66652857
1148,61.88226174,-41.11773826,-15.16260523,-39.78952542
1149,27.09123514,28.9719957,17.06880165,15.32264202
1150,161.1861009,-13.3267112,20.12447839,27.28372177
1151,46.20340258,-19.67735798,-25.90876486,7.277775047
1152,10.12654527,16.46252944,30.84219428,18.46093894
1153,-22.68919445,14.6781152,-7.908879191,37.85210398
1154,-3.613549095,18.16306387,8.634547721,-27.6582265
1155,4.023139991,6.859340201,-37.52211027,10.38252711
1156,122.4955409,79.27731067,75.2516028,-28.82260066
1157,16.56884168,16.80536242,81.88284584,14.59512176
1158,-6.086266058,225.7623368,194.5942081,28.35915309
1159,32.54403645,57.7637267,65.69098331,8.469832988
1160,48.46278981,-3.139165808,15.42660395,-40.93525458
1161,-10.16956489,21.3180948,-37.5111251,25.14731469
1162,60.73214769,-64.53995353,-57.15032857,42.12177264
1163,14.95334487,112.8850571,7.665536694,14.04907266
1164,39.1240727,8.822731298,29.10295629,0.554016453
1165,1.607759422,52.21044223,-16.33849761,-47.95078668
1166,12.18289049,28.88111828,16.54292939,-34.18443175
1167,22.20599012,28.2038463,17.19912991,26.20298878
1168,23.43440563,-2.844358069,-0.270751589,-12.38538951
1169,105.2345783,48.38220817,-29.58500836,51.21829083
1170,-27.62876357,10.74163017,1.39580316,16.24777185
1171,-6.509285017,8.589791929,36.33343465,13.15995572
1172,13.99433845,5.54564724,-45.27487628,-36.71334744
1173,3.666525091,12.73824441,-24.64532181,12.57573935
1174,-10.73029385,-21.89955029,-3.427759697,42.86455441
1175,20.58120879,-10.17001657,14.7171458,33.89662229
1176,22.18239381,8.535890484,-2.01310587,15.5808937
1177,-18.77568227,-1.35181373,19.4023013,34.83131397
1178,43.96612342,88.91741427,-7.03387658,-9.131294873
1179,4.266352532,0.882487006,-8.939594431,-29.70647228
1180,49.4984694,29.45272692,42.21505817,19.07066566
1181,-55.75532073,31.92719052,16.21239302,4.609701772
1182,37.81774942,25.94510317,39.75317691,-0.436958086
1183,17.19005632,41.9293468,5.102539614,34.53736224
1184,23.93946992,26.8250446,33.39434261,46.37017191
1185,35.37968937,54.8224767,66.8224767,0.68388069
1186,58.07423643,45.55921857,6.5553345,11.60867464
1187,23.00272526,-16.30146607,51.25574659,5.117150577
1188,-20.36345919,-0.434054861,66.56273625,-4.321743569
1189,10.89366648,1.314371607,-20.68277772,6.570785632
1190,-2.628504707,-6.604356817,74.16019724,9.69404784
1191,62.72028433,14.95325583,30.1276565,17.6617135
1192,61.50995139,47.61780489,-0.575671087,1.766334547
1193,22.76539736,9.324641518,14.49922642,9.854121001
1194,40.29424439,42.26444161,-1.649935914,-0.174059876
1195,10.25774138,16.18868415,69.43932612,25.14264599
1196,-3.990006708,26.23794934,33.20323662,18.39156001
1197,11.80997132,7.932859857,11.04683788,-19.80846196
1198,5.511047885,7.810014942,-20.57359756,-0.637081652
1199,71.7288473,17.0093371,-23.48620764,10.75956944
1200,-16.62718876,-6.708939292,-5.708939292,-12.70893929
1201,39.0972874,5.183315297,-6.199479124,-3.816684703
1202,11.29106071,5.831935973,9.668434913,20.12755965
1203,-24.41331562,18.75018544,-0.331565087,9.750185443
1204,30.55461249,30.062484,7.433267121,37.9186486
1205,54.67595786,9.183829372,32.31192175,-8.692576255
1206,13.48479253,10.86682067,37.73198128,19.24210179
1207,35.06698201,38.81304625,19.18607838,36.04898998
1208,-15.97160235,167.2136043,-17.23921097,34.13473463
1209,15.4776313,1.363066487,27.22923672,-25.44903216
1210,6.834684314,25.9427835,-34.47319925,1.48684388
1211,32.68871694,15.912907,23.22875088,20.73675767
1212,153.6722249,-6.091929219,163.2594947,-14.56362094
1213,3.762181315,53.15205042,-13.89310228,35.3271595
1214,0.112693501,-53.28262013,-2.469243301,-6.797672793
1215,23.02133423,-22.23277198,26.13735057,-23.34313964
1216,32.53685645,22.50688705,51.4350494,54.36321174
1217,2.723733598,32.94541825,42.9634888,27.31077822
1218,39.92834456,17.86508828,-13.87777551,26.38347177
1219,22.21079128,26.85729888,107.2442624,14.09687499
1220,1.727612803,-10.95282927,17.63572324,8.691679195
1221,21.66421692,-2.248435233,8.751564767,-11.24243489
1222,19.59084616,-33.9639722,-8.37041905,3.726350813
1223,95.6167883,53.39815201,15.99589979,13.41916423
1224,5.396256766,-6.094610829,-3.287304904,31.88358551
1225,8.746371826,-18.9589935,15.72102932,0.088152661
1226,33.28723848,10.20356269,28.67262663,11.75630241
1227,47.87061806,1.372146667,112.6507737,-24.46067713
1228,5.04640607,24.12126462,69.26162441,8.625943284
1229,13.6820872,-21.37405672,21.1586939,-5.45827259
1230,-8.547021653,-40.49087774,-8.621880208,35.01380092
1231,31.65094744,5.863908779,13.65094744,25.33270231
1232,62.8676756,4.769292436,25.01161747,23.70854749
1233,25.73348342,-11.76238591,13.51861302,-44.42766938
1234,49.58706486,32.1495201,11.95161388,26.43598216
1235,52.20233724,-27.93205251,50.77544192,5.633172432
1236,35.596067,36.16956796,16.87556412,-20.69793684
1237,25.91402825,-0.705207699,26.06097075,-33.12386996
1238,26.44906508,12.45631844,18.02256604,-42.98468732
1239,48.61137641,57.61137641,-17.1983115,-3.118727622
1240,31.53657553,37.99508416,-29.23011117,25.04499401
1241,9.756436385,48.03797409,53.62640188,10.48205492
1242,33.96133849,-1.391532291,-4.271208236,-5.167086956
1243,91.22472248,-14.57811662,13.61904428,21.63323979
1244,-6.396487151,12.93818687,25.26883883,-66.40050922
1245,6.162769933,-11.51060018,27.46124534,26.46124534
1246,143.0294755,-19.01726175,132.2827939,17.53611242
1247,-2.380781146,-20.73799989,-22.73072802,21.0906626
1248,-15.0636104,-13.79127262,-29.74710974,15.19400642
1249,73.28620366,-39.05193687,165.8759551,28.65318739
1250,9.311396636,22.6623943,-16.07001094,14.76491559
1251,22.08715945,11.00737293,15.16475627,39.9297761
1252,104.8089681,-38.29760413,15.80896811,-20.43592566
1253,-12.38266983,24.10035942,10.99301959,10.33476753
1254,44.58448809,39.03286915,7.190270878,10.39532086
1255,15.89808637,20.94295542,34.41813244,26.48543603
1256,16.68781904,47.02910268,-7.169233451,-13.29633305
1257,69.79891257,12.21959394,48.98155894,-20.02644409
1258,28.55066814,46.91545575,-7.805589023,15.79743623
1259,-21.05975774,-6.021929996,107.8165422,-50.87761331
1260,27.51031695,-25.59027934,-9.341314052,45.36194795
1261,52.33510096,-26.86554019,43.53574211,17.74474992
1262,-8.60076315,33.65354084,9.178042831,9.224402855
1263,7.649005457,48.50063646,-11.55678199,23.75419661
1264,18.33142525,4.439268121,0.547110989,23.51150723
1265,64.05736895,-4.861112292,70.71387399,57.54648149
1266,95.32656171,-29.43207098,64.14160437,3.201090231
1267,10.49457963,85.70002745,9.740173407,24.91873847
1268,24.50970331,42.10047625,2.489931042,-3.859979216
1269,33.19618224,26.41580531,18.19163636,-26.95780961
1270,-16.81683445,-0.481120027,-29.71346135,30.7379274
1271,11.67806768,-6.731159376,38.29520365,39.88597659
1272,32.27920423,22.3309417,25.03527459,-48.37021661
1273,34.37756738,-57.94187266,-21.73813962,33.78036717
1274,-15.73690876,20.58421857,37.53510541,13.54992611
1275,-47.82955613,68.40739118,1.379510641,52.22620496
1276,-12.00333088,1.487691185,26.22642338,15.56427594
1277,24.28736539,7.631203234,-13.24115551,7.917999287
1278,-11.25104101,38.01621208,132.1438533,11.72941603
1279,49.63133821,29.65088117,45.68239472,-1.897182684
1280,48.8240828,-17.4699827,-8.552356499,18.68885995
1281,-19.35619903,173.9916651,0.728416572,0.719014839
1282,-15.51604041,14.72517604,10.88992363,3.042861334
1283,44.53677201,7.56285282,61.70943579,37.57589323
1284,-3.982201984,9.173414508,96.65573082,-2.883173307
1285,-34.47866525,-51.400857,126.2017084,2.074385831
1286,-10.15998709,-17.65645036,-3.352290847,-7.635229924
1287,279.6273427,6.228424724,41.247989,-44.66723249
1288,-12.74316208,21.95342268,18.15810033,-27.99809896
1289,-37.94783973,71.00190104,-13.67315533,2.815190045
1290,12.78413898,-13.77448916,-21.47491786,39.50482491
1291,2.94443935,23.6984858,-2.831135481,-26.07530817
1292,-0.862204388,-31.62747883,58.99260561,-22.01011605
1293,22.45578832,46.45862317,35.61372151,9.893465496
1294,-0.558299349,-10.55829935,62.63328705,40.48424374
1295,20.88483103,22.29262091,35.94123199,-0.284371864
1296,5.371402666,-2.522826076,5.239011051,-1.282072184
1297,-20.38500276,4.228896642,52.67601101,-50.52775845
1298,-1.316465597,-17.2846632,6.270813445,-10.21328536
1299,-16.85015492,-0.300347707,187.9842603,80.85489006
1300,-7.390617234,30.80472515,-12.65571714,-14.12083838
1301,72.55823437,-3.441765635,-16.08362015,53.96752826
1302,2.986137372,11.4837979,-9.799911124,-38.12083838
1303,123.0569813,-2.957028523,8.332255865,-18.74082249
1304,27.60035373,-23.837441,22.50165361,28.77204357
1305,0.26934046,2.361420988,60.25215938,9.975917798
1306,-2.46985238,29.77545536,28.21946907,20.62011609
1307,18.68766299,31.24674838,11.47514782,14.18417254
1308,72.78599428,4.647084167,45.49758747,-8.805536453
1309,30.45637443,29.45636025,1.073651201,-6.593020193
1310,54.00017928,-39.39980043,6.080083891,-20.47980652
1311,8.477884763,-23.68950141,21.23717216,-7.762827838
1312,-3.077703626,25.29829524,-1.279037023,45.5129626
1313,-26.8471757,44.60631258,22.04352195,43.84119617
1314,13.23717774,38.53847116,20.61795379,-9.072434234
1315,27.2324815,142.3980229,102.0669401,54.08044288
1316,39.0804692,31.04584471,-24.91894361,-9.264014169
1317,47.83124024,-41.27381295,-16.81646843,33.3541535
1318,46.55598535,-23.08521587,-13.44401465,-4.879209778
1319,7.548676725,15.56910038,20.99064772,17.86529657
1320,34.70827171,180.1649423,74.56726797,56.91267797
1321,-10.77717901,49.63826354,93.63826354,0.714848631
1322,23.13969349,27.9539787,-15.14342367,17.71501775
1323,-8.371936762,18.9070691,7.447814703,14.66509723
1324,27.59949311,3.475323581,-5.738449077,34.53740834
1325,38.46897043,2.961886965,-15.37256599,12.56404858
1326,-57.30293209,-8.009221388,14.96978803,-43.03021197
1327,-8.116158456,14.42945553,23.5981899,2.520245041
1328,14.2908748,-30.76121601,17.2778521,1.137481717
1329,106.4235375,31.01549587,-4.335212205,45.27387134
1330,25.05478516,-17.88008041,-15.58857276,9.155681349
1331,-22.31496821,-37.0225164,64.32417786,-83.18524379
1332,-32.25706373,45.00469944,-20.5766951,-34.36198461
1333,38.02120766,18.49731906,-7.740736636,-0.473848553
1334,72.25713898,-15.33330799,46.95564907,7.72698999
1335,43.67724976,3.146887446,-18.26135762,59.33039732
1336,-18.7791235,-16.05819843,8.466512489,-3.02623265
1337,41.37248829,32.73178299,16.36527263,46.69570471
1338,31.90836263,-43.22244681,-3.469555958,-7.059671592
1339,14.16869126,-4.352339111,-9.043893728,-2.803268255
1340,40.07456938,0.470977616,11.05246927,7.158131681
1341,35.40917463,349.743657,408.3089725,27.50937676
1342,-3.389250387,-11.28188021,39.63836809,-8.62850549
1343,42.30571391,22.50525536,22.10584492,-16.49441711
1344,8.900531749,70.32121299,26.25570206,-17.58566043
1345,118.947095,3.750562241,-52.03395732,-20.99606203
1346,9.105199104,35.73310882,12.57666311,-20.97089688
1347,29.22965274,6.442639843,42.41690941,-19.970266
1348,14.65656892,16.45544024,39.77668179,3.47639962
1349,0.451034088,77.44294392,21.39763599,9.96236107
1350,37.97012884,67.02064504,13.36270508,-0.396881961
1351,1.451992685,54.58792793,78.78711845,42.84499643
1352,47.68827993,37.51309429,-19.44432286,-18.56111329
1353,37.32048332,35.23128884,161.6848055,43.23086971
1354,23.14324447,-20.29718692,15.52949963,0.695539089
1355,-54.63705647,211.2205373,36.15424482,8.648808131
1356,24.35863796,25.47914394,-9.018288048,11.32722746
1357,-10.59717983,11.12924003,-14.98658991,-15.62862002
1358,9.550073005,3.644304506,43.19942148,55.4558415
1359,63.76708402,26.58324939,2.909189101,-38.50020969
1360,9.507306758,17.48291391,16.40161628,10.27965205
1361,-25.76701977,136.3230909,-21.40413751,-13.22294035
1362,-5.032592821,29.75880438,15.16954276,-9.277742406
1363,19.90596037,14.37750797,17.987258,24.84905558
1364,19.95953144,21.250215,26.273006,24.88596079
1365,-12.9868292,7.945293421,26.07737338,-0.073080644
1366,19.92562362,17.3936162,144.3966645,-10.55761059
1367,-19.89341179,42.93032758,-11.98832136,40.56424782
1368,35.89056402,6.106839886,-7.460608378,32.54703693
1369,9.634206798,20.26063306,-11.11294067,23.14751861
1370,32.89408612,16.40960398,114.0743983,42.64903658
1371,45.74609955,-7.651723672,-31.25192156,-14.24697434
1372,14.74875649,-5.781581374,7.672993941,26.52146884
1373,-31.28123419,28.98537406,-32.01462594,4.618678182
1374,52.29418118,-8.554293716,21.74875649,-12.32700606
1375,55.14265607,41.74875649,3.900281598,-3.857343926
1376,-0.835249017,21.95071015,7.794628533,7.573893836
1377,-6.172187027,-23.04731989,63.22393417,40.01511368
1378,30.25612205,-0.013782737,5.063332917,-37.05234056
1379,12.46352649,5.541567293,4.50254689,43.79462853
1380,107.0320368,-69.07076097,53.68919531,-9.533624362
1381,6.50593093,39.547681,-23.70878058,1.175911794
1382,5.420627001,-9.727919445,59.80921717,82.60362155
1383,30.40648035,162.7477914,3.465496114,35.82221788
1384,-2.84421618,8.900537293,-26.27824905,-17.36333123
1385,4.028919684,2.170857247,21.63998226,9.701732229
1386,-2.003980069,-18.77941285,-13.16976736,56.32759452
1387,23.47507074,-1.646512961,40.24416543,-83.86234996
1388,8.284034539,-18.39395422,47.79169086,11.5648965
1389,-38.47752948,-0.473211881,17.91556237,-16.46457669
1390,59.73762327,-5.40926687,-5.808788003,34.17829368
1391,60.84677359,42.89994177,18.47694912,-19.15322641
1392,20.30141127,23.83447862,22.06769559,-18.06557125
1393,1.101012297,57.70121178,2.734528491,-14.33210493
1394,28.13216004,-18.39693746,54.40465098,-18.12444652
1395,2.889974697,22.60953453,15.14213425,104.1986955
1396,27.18590983,17.28969445,5.874596301,-37.04048168
1397,3.098921709,-15.55545174,23.84121429,26.21413056
1398,-28.47444242,-6.615952236,34.11989073,21.78971461
1399,16.28949644,11.79022569,-3.961597443,31.79022569
1400,12.04531101,19.853793,14.26361425,5.272542661
1401,30.86316423,38.29307441,11.4667356,-4.355139009
1402,11.38511769,68.38511769,-6.721132365,-18.55020837
1403,26.66227499,9.256917942,12.64218606,44.25691794
1404,-18.87630365,-5.288370434,39.48404252,-36.95734214
1405,-33.21080991,5.149536259,52.13057067,-37.45736254
1406,24.03621517,4.913009559,-16.89543236,2.072783925
1407,26.06812942,-6.954417573,4.618526038,16.64107303
1408,33.03430494,-19.82076684,29.88937672,34.35649115
1409,-3.421996676,-29.57708129,42.82010647,27.92607745
1410,-40.70991196,2.048097261,-9.758538672,16.37075163
1411,-5.898427382,43.77270691,28.19691588,-5.378875159
1412,-6.624394099,-24.6243941,5.558965734,12.76524555
1413,29.01571925,39.36738748,72.33541764,10.17556845
1414,-22.43442486,22.56557514,18.16131517,-2.939749825
1415,7.536045755,39.42144586,-18.80775393,5.696485608
1416,22.9273538,-4.537278874,67.74760272,20.99614551
1417,-18.00385449,-20.64435234,30.85273324,53.78394152
1418,16.65305219,78.47510799,21.85230326,21.27960156
1419,145.5371303,-1.4284738,120.820069,13.03810182
1420,34.74579989,15.12586107,17.31589167,9.771137302
1421,8.300639716,-14.53135002,12.54146305,37.24214917
1422,-18.79499793,158.9488642,20.20500207,-14.28272211
1423,7.420125239,16.18847557,33.21109785,16.53877113
1424,32.51434674,-33.49422991,-6.921277113,-64.18307001
1425,102.9878639,2.066906156,-1.4528544,6.24513151
1426,30.81035432,-19.77454262,-34.43902714,2.041694515
1427,10.75291272,21.76148937,-21.73636647,45.38380917
1428,-16.56776394,14.76188716,-15.06224059,-1.747817619
1429,47.11418732,27.00699886,-6.170510074,-32.79442478
1430,38.44164313,51.71323227,21.84631583,7.123327008
1431,-38.56064768,7.309262563,213.1178296,10.88356155
1432,17.11497769,-10.65092489,44.75365959,32.08349483
1433,12.06480055,30.08213377,1.069133852,24.05396728
1434,-25.82334677,48.77582746,-12.43490747,-0.293041242
1435,-11.43167249,-9.396936527,39.78500077,-24.22889361
1436,29.85457718,11.39695882,26.21584302,49.21584302
1437,-23.00840687,-35.17294336,16.69981995,6.408046779
1438,31.48562027,16.4731697,24.7071508,-0.412952395
1439,28.47035117,40.28666131,-9.181045751,-22.43803037
1440,6.420014309,-2.224531457,24.7454674,37.6791047
1441,80.6042369,-29.45783083,36.07320303,30.66861006
1442,14.13092278,-21.35089644,15.77546854,-11.98908179
1443,206.4263747,-28.03180377,-33.95908065,33.26364818
1444,4.219796393,-1.940765222,-0.461240434,2.260746817
1445,6.016396196,47.09613699,31.41618019,5.736223392
1446,219.550104,-6.605201084,37.54527307,16.3219773
1447,75.73505273,4.533540692,27.49475032,16.25552794
1448,0.477639027,11.75334612,122.3397855,-19.37795181
1449,-7.704555588,50.21976116,46.85606109,32.63636943
1450,-28.53454357,20.59019876,28.60330998,14.05189579
1451,99.52577541,48.2982047,32.93278045,-5.294790263
1452,2.571209729,-10.70054776,48.25046543,30.33721934
1453,44.40892162,-26.3119331,9.582429443,17.38620615
1454,-0.428790271,-10.68166421,-11.64772903,3.193814781
1455,-23.60312621,13.98554366,-2.014456338,-3.229563177
1456,22.00008634,-15.05125457,64.06840177,25.5042778
1457,149.6242709,-10.37572914,-10.37572914,-17.39868475
1458,35.32866046,13.96638485,41.32866046,10.34223314
1459,10.34985557,40.38983642,-14.37027846,-0.530201871
1460,107.7851131,-6.190942824,7.616240402,-48.81728132
1461,-33.52137469,15.40754898,263.6630368,2.764574424
1462,120.5118952,28.51496004,-13.75395419,11.22287008
1463,-34.0893022,-10.15850213,-16.76001032,-4.433675939
1464,4.299042582,82.10217111,35.35902003,34.14780245
1465,102.0865327,108.5845114,19.25252558,54.40058039
1466,9.212054192,37.59984986,12.89126708,2.851346594
1467,42.69305071,29.66654712,-46.40412913,78.50752557
1468,1.204895433,30.56632418,11.06553177,26.20489543
1469,74.75741728,-46.42433376,-42.87349607,29.54363598
1470,5.051960952,13.82194833,3.206239453,12.82288508
1471,22.07379689,4.905224431,-19.77223505,8.40601684
1472,7.637769043,-11.16125407,27.35606113,52.57020962
1473,8.605973885,9.607269876,47.14659792,5.879525879
1474,51.59512424,4.687439887,-6.540078334,5.491489726
1475,15.33445127,8.667940587,19.84292889,55.02203901
1476,27.44359025,13.80859912,50.76974489,31.51486021
1477,32.2990325,10.99089735,-14.51006213,30.1459244
1478,15.16279245,56.16279245,20.16279245,-17.83720755
1479,90.34815486,-29.95013948,12.55104392,6.403080145
1480,0.825966244,25.48007815,29.873642,-1.381900326
1481,-39.71062486,59.64026897,-29.8248085,30.4324024
1482,139.9860226,1.445693422,5.474246738,28.91964087
1483,-6.711585483,65.32307853,117.3513162,27.2537505
1484,12.02243106,-12.10251267,11.38406835,21.50681309
1485,0.262454858,6.638399613,15.82787055,-13.04129807
1486,1.020232074,-2.705241483,3.53585004,-3.283331317
1487,-9.188515077,31.3469825,21.41797766,-6.122157588
1488,1.333283607,10.02215453,5.533295157,-20.48892835
1489,13.79300917,9.959999403,6.292038484,2.858252162
1490,7.822200729,13.46662464,5.177747943,41.3110601
1491,-2.645988771,0.159527671,22.20546935,35.17024453
1492,-27.78236544,-9.631051344,14.21763456,-9.226441296
1493,-24.87787333,10.32376825,29.64147004,-28.36673786
1494,13.5932076,14.84362175,14.50899995,25.34334565
1495,48.33068883,4.53765504,7.744621249,27.12372262
1496,-9.013029993,42.51579937,-12.66212721,-10.99817885
1497,31.00182115,18.99192039,-5.186006196,-20.82520265
1498,33.68877558,50.16489659,21.30001558,-41.65222645
1499,17.40543229,-5.527008219,25.6410176,-12.59951809
1500,47.13922574,47.14148888,75.52718458,30.61591225
1501,74.07785601,-11.18134463,-6.022488851,-53.24740264
1502,-4.99160263,-6.599117514,6.791104463,-5.601380652
1503,62.39861935,0.14148888,27.57154842,-18.60364379
1504,-43.64762623,28.35237377,-2.576207015,51.05186631
1505,-33.76340624,23.83019337,61.31542828,-25.61068074
1506,18.10819278,54.55401043,31.77568337,4.177140225
1507,113.2365938,39.16764632,21.31048474,-14.650098
1508,29.50677538,74.93396292,58.7274907,-37.9689538
1509,17.35135773,30.46268412,55.00313548,17.11446187
1510,-0.2725093,108.4925323,116.0129282,18.6808865
1511,-42.12599414,7.343917534,-38.66547293,-19.84968141
1512,48.63137594,27.5529791,36.85043324,-37.69683179
1513,4.563509627,20.08511614,1.822417977,12.67419965
1514,10.77302773,13.0235357,44.97970407,17.51206983
1515,209.5319479,14.09726071,17.9233183,0.242156427
1516,-7.579944203,20.15448741,-5.82591946,43.92810528
1517,-11.78144471,-8.425922006,-25.71034017,11.32720692
1518,14.96858567,16.68541786,326.8798729,-3.191810303
1519,20.57865895,199.5812321,-65.54354331,-11.52116139
1520,62.56153356,-12.00030251,-20.65538811,13.69384685
1521,-1.946012437,22.99887836,15.50672418,7.164205977
1522,-45.36863396,-41.35376719,55.49784571,51.73823843
1523,71.88230377,36.29191769,18.81929894,13.72144525
1524,-27.43082911,47.56917089,-2.354462315,4.569170886
1525,352.0118958,-30.02628761,9.088262586,-32.46901251
1526,-26.43082911,-0.949920814,-6.140837812,2.607354286
1527,83.21752391,34.97789197,-34.40229206,5.399548267
1528,34.54191982,-1.396041854,34.90995209,-27.55797932
1529,14.18901066,91.97343474,1.490363157,93.26689027
1530,20.00775238,-5.950189116,-13.58215684,-23.56217701
1531,91.86999244,56.23802472,-9.906031767,17.48198034
1532,-15.43721608,33.94407487,-3.678189155,-7.390443455
1533,-0.654787876,11.34521212,-34.80372769,19.52034105
1534,-16.50887588,26.87092778,24.26015172,-38.38227466
1535,-3.548475973,22.41487154,-51.93067929,-2.721251388
1536,14.2327656,16.29778726,33.68788093,-3.810570076
1537,43.2366182,-6.824392947,48.05978301,47.50187099
1538,-13.98691135,42.95907029,16.08871434,66.00228497
1539,24.47611144,5.680982696,28.21308222,36.94401191
1540,-12.37933372,29.56592862,23.16532824,59.3382596
1541,14.12705297,2.302757236,-32.71285059,16.75102726
1542,-26.20257906,10.61310015,-21.29336527,-23.01276153
1543,-0.364637899,-18.00945342,37.75575022,0.990546576
1544,25.48238303,29.43287475,53.40317939,-12.60672707
1545,-32.59905185,5.259115567,-6.236024635,25.11728298
1546,19.95429545,0.283218452,16.41176284,20.35505268
1547,-28.77218333,11.97005147,1.485581873,-1.256652925
1548,-4.496563543,22.34299974,-3.199552911,-6.435321029
1549,21.31251198,5.264367646,40.01304217,28.56913936
1550,-11.83844957,27.02442041,0.975029787,-12.43810135
1551,6.501069712,-4.441134594,29.32185823,34.67100698
1552,13.78281115,-22.39792941,13.13447772,32.24447712
1553,55.25677364,15.87020758,12.63007989,0.296843293
1554,62.23266925,20.15819168,30.86830359,43.52255733
1555,10.83554695,16.02169652,9.253378063,-16.85356764
1556,31.78552252,42.78478629,-10.88237119,21.78625874
1557,13.29487769,-34.10468031,6.236159482,-35.24463611
1558,-28.55018838,1.096166696,11.57313449,18.48100567
1559,23.28119518,34.24030013,-1.890872714,30.55202854
1560,-10.83475601,47.62402726,3.701343939,-11.10408518
1561,29.64741253,61.95462112,6.915434011,54.45776527
1562,8.856973961,34.81959482,19.51032812,18.05154484
1563,97.64163012,34.88873369,99.13924482,22.38702991
1564,6.748176561,-20.53139882,2.32748655,-18.45925089
1565,41.81448938,-8.332460372,11.04791117,6.728017328
1566,155.5192869,3.819087123,-21.90526376,-3.992788722
1567,11.72891269,20.43656131,66.36608042,28.78137766
1568,-17.59619223,39.70566301,-31.3702189,-27.59619223
1569,1.196386816,-34.69062652,17.80009729,-9.577639849
1570,26.40619134,20.40619134,2.508344298,19.94920548
1571,-49.01270651,12.8928592,-18.89971984,-17.03125889
1572,3.729808128,-33.44309391,-32.71879323,54.8571248
1573,7.145312991,3.065997634,-2.176227455,45.06171862
1574,67.49497446,73.48680133,17.58959861,15.2356214
1575,88.4982569,-17.83120677,-10.38151092,-25.21733169
1576,20.88494971,12.87785373,-12.37392026,13.68284751
1577,2.797333059,-30.42153676,-28.47625421,6.578463241
1578,6.135111717,26.07155759,7.658455745,34.27713097
1579,-15.21296961,3.551731058,-12.44826894,-26.51360523
1580,11.21895335,12.17277269,37.54221798,47.17277269
1581,9.676210849,-51.96371437,-2.63708056,7.389604237
1582,13.56981567,17.37749415,3.512155159,153.8006015
1583,8.192738654,-76.75243492,-14.99711256,7.41204434
1584,26.25215345,27.16871619,25.171539,-8.133981912
1585,15.28010903,46.62308033,-47.80885915,-46.40049609
1586,-13.09697284,9.980004732,11.46308384,-12.53691616
1587,-10.12104812,19.48809344,0.004159375,19.08961704
1588,5.70479865,-10.37782435,-8.120958785,53.58548057
1589,30.21663968,-17.10438321,9.868154549,-7.553957004
1590,-3.233533374,34.37689726,44.55130601,4.725714763
1591,33.94178097,-10.37924192,0.382121933,8.217112203
1592,129.6893558,5.950991258,40.31183534,-16.40721507
1593,1.768594076,-20.34556365,-12.87644461,-10.76228688
1594,4.194549895,28.85440824,-4.836435302,11.62764714
1595,3.039432098,-0.799168001,56.91189741,39.7177646
1596,4.246601289,-6.878134494,9.263816761,7.319690654
1597,-0.618399804,53.77513675,-23.88720058,11.36438472
1598,-22.85699711,19.01826711,38.32149883,11.26562493
1599,43.18103988,26.42563939,5.411238099,11.41843875
MEAN,21.81806912,18.1030979,22.61427934,7.760830894
STDERR,1.10216725,1.028863313,1.201439357,0.659357344
