,TS,EG,EF,ED,,
0,34.70988815,9.809076961,16.74078399,60.87736993,,
1,2.367890802,0.335593543,15.23900553,-5.53552118,,
2,5.372766772,20.93082969,53.36056335,7.798432624,,
3,-31.36490611,3.392817853,-18.39580195,15.051353,,
4,29.6308472,-0.713000868,-35.81040876,-1.346224755,,
5,-0.703151923,21.37535383,20.82577617,10.16874597,,
6,-6.535344822,3.000471172,-7.704384705,10.37009514,,
7,-26.76170481,-21.16856871,40.64231122,-45.35768878,,
8,6.865004302,-2.396085961,-21.00489845,8.213323716,,
9,-8.309155404,-34.83073875,-10.61311376,8.386886238,,
10,2.777476561,-19.00459986,-19.61311376,-1.525884613,,
11,16.2317029,-22.35415629,34.18960864,19.04820051,,
12,31.35807794,21.94917803,-28.75363562,7.295162812,,
13,26.94917803,9.251786429,15.16718311,30.51316789,,
14,7.837658229,14.16195482,19.19990915,15.75847695,,
15,53.22292108,73.4770833,46.59779091,-12.10486262,,
16,27.49393284,-11.52148664,-35.76898204,23.2337185,,
17,31.64080976,-18.31023127,-26.65564461,16.37789488,,
18,14.41143438,-36.32835128,-19.17877383,-19.34377076,,
19,-51.70275738,-8.800592371,-6.114705882,9.752956493,,
20,31.91590684,-39.94135067,19.42638934,-22.26796317,,
21,20.32477435,24.71187434,32.14010183,-19.45103066,,
22,61.91590684,-15.67602817,-1.471995668,-46.71635316,,
23,26.95623182,-2.635703177,-38.77764316,30.75300184,,
24,11.75911206,1.088763447,12.18896851,-37.23788955,,
25,-51.23788955,-22.74791006,1.902397541,29.43845585,,
26,-4.541503137,56.98555999,15.3552934,22.23204893,,
27,-8.277816428,-10.11448993,7.02579716,-15.15457196,,
28,21.11895365,15.66143626,-12.5934594,39.27145945,,
29,11.6143119,-4.948976359,45.45157066,49.90636477,,
30,18.26930144,-42.69584927,-54.52591883,33.72897684,,
31,14.01809287,65.5434198,27.37715515,8.032565401,,
32,22.79816241,9.77753392,-11.22246608,-20.13995211,,
33,27.18994065,13.27825026,-37.81005935,14.4800777,,
34,-28.57617946,-18.43636644,59.96505415,3.309128945,,
35,39.79816241,0.128218294,26.52999201,39.63313447,,
36,30.7092742,17.47707011,-10.43521901,36.05291705,,
37,23.79698508,19.93215173,61.41308712,42.19741026,,
38,-1.371236014,-19.56318499,22.92495106,55.90122318,,
39,6.221138143,-37.24327003,-37.26699791,-12.81911696,,
40,42.41002043,5.602780728,31.96422867,55.5515592,,
41,52.08761016,29.83673863,-0.606931121,-15.46872009,,
42,-9.077943241,10.2835047,5.536536154,-1.927354849,,
43,-9.02672171,23.16603859,47.03952286,2.199160879,,
44,14.67358741,-0.546540218,-21.23082101,-6.838361533,,
45,24.91761294,20.79812347,-12.84340812,12.81697478,,
46,19.7452811,0.917612941,20.33397031,-3.522642324,,
47,1.037102411,-6.278616798,-18.76666785,7.869817153,,
48,31.04485719,21.20585982,5.200109723,1.125358502,,
49,-37.98964338,4.309361508,-17.89189178,-22.08164488,,
50,4.211609911,13.63711686,-20.83439084,17.17710935,,
51,47.033357,9.223110099,-9.811390465,49.21160991,,
52,46.12511707,2.48158193,51.19451164,30.58883779,,
53,14.99122341,7.567604973,-24.35858742,0.400080321,,
54,-51.48372079,-9.5310385,15.8853645,62.68347321,,
55,35.39970934,44.79403549,23.01800363,-12.58767023,,
56,-9.257648129,-11.92824576,2.833939788,-11.14463734,,
57,-3.663111991,-10.5501012,-23.42529754,45.42847593,,
58,-24.23793419,-7.741059589,-17.0922688,18.43767042,,
59,8.23940365,-3.376555357,-23.90682289,19.64486751,,
60,6.70092307,9.557147758,10.02441752,5.707350257,,
61,12.52120393,-5.867750992,4.168192836,14.44931627,,
62,4.857306554,5.854084074,21.86052903,-5.029075962,,
63,48.64653272,-13.62969015,-46.82927162,31.88848932,,
64,12.75693602,10.59672535,23.42876748,-22.15521145,,
65,16.6501289,-0.872699278,21.93264108,-19.65133786,,
66,37.26080961,9.79138499,-3.597934298,31.62342712,,
67,-14.13808788,-4.240009113,-12.52656046,38.13370209,,
68,23.39502466,15.90718748,14.15110607,27.46816713,,
69,31.47081571,9.934161702,20.03171258,-4.797594064,,
70,21.41968137,4.858701726,10.83437608,55.66359996,,
71,15.46816713,7.687677302,-7.800159875,65.37061624,,
72,17.64805827,2.935526459,3.027025186,16.09906591,,
73,5.112037912,3.739557001,-5.338969724,16.46506082,,
74,12.10555191,10.83105573,12.739557,-7.16245827,,
75,18.9837073,-15.6956998,-7.323218891,12.87923657,,
76,24.11928237,14.35649918,36.31912322,26.60826851,,
77,66.40980846,-4.618640403,2.057509219,48.70520998,,
78,21.07482908,-12.36222859,-8.658451204,19.55634003,,
79,0.815584557,9.07482908,9.904491128,27.63777141,,
80,3.717095746,-1.0289717,-54.5826545,41.63594717,,
81,-29.63431418,31.27603652,4.140855487,10.10776733,,
82,6.341440321,24.9199672,6.087507767,28.88463631,,
83,29.93045401,40.4225889,35.38201461,13.26029174,,
84,5.487019694,-4.957164443,11.76492763,-0.579490788,,
85,7.5755281,7.883630132,22.71444033,57.12851384,,
86,-26.46404977,3.831438107,2.764927625,-8.284002913,,
87,-19.54664751,-21.1716187,-33.05282633,-24.47122214,,
88,-15.69243856,-5.93075463,3.951371665,44.7764876,,
89,8.247982424,10.6586139,40.36585613,-21.04605967,,
90,81.84752332,9.817680863,-5.312591255,-42.62191812,,
91,-2.043540109,2.167823141,11.30091903,-34.14524629,,
92,13.4278756,-3.338215154,30.2041714,42.25499493,,
93,38.53719984,-5.178067382,15.36431917,-2.140783347,,
94,-31.05710893,1.603841792,30.5319119,9.223705975,,
95,23.29389216,37.24306863,0.009159388,54.62611401,,
96,-38.94878895,-23.99877762,5.4122907,-17.26545939,,
97,-11.00435709,38.84009743,-0.32102753,-29.00435709,,
98,14.3402107,-40.13200523,-16.24128169,12.55318415,,
99,-25.10805408,-46.32474718,-4.319167707,21.68083229,,
100,28.95487216,31.44317101,8.752065493,52.21696202,,
101,18.95794161,39.11238885,36.95794161,46.50552363,,
102,11.94171537,-25.70863552,16.05826507,-39.64103316,,
103,13.03420229,-5.917295993,-10.90112875,-9.53641151,,
104,-10.62140191,0.202045886,-31.79795411,44.80549713,,
105,-9.812435566,21.52479999,3.657907836,11.70273958,,
106,18.11376979,-17.31312926,-34.78347266,18.95169904,,
107,16.37859809,-17.91519312,-4.960024863,-10.31312926,,
108,-10.09594922,5.098220749,24.28916277,15.98171877,,
109,-13.18980626,-5.361331282,30.4477267,-4.652586238,,
110,-22.11536622,4.751942751,6.557772781,30.73252575,,
111,3.156471741,-13.63316924,16.75194275,-15.40339322,,
112,-20.12718718,-32.47798496,-4.127187184,1.929371028,,
113,-26.5546636,12.68718263,-8.831901489,7.243046695,,
114,63.39155477,-20.11052767,17.66879266,8.965808809,,
115,12.76247298,42.91098106,60.65074485,-30.75522285,,
116,-25.56257311,54.35201973,6.437426885,7.567517364,,
117,-5.054106562,5.031300591,19.46625535,9.759241147,,
118,-34.12761835,37.61220069,13.00247212,-1.127618354,,
119,-5.473206465,-13.82275407,24.30733641,18.39274356,,
120,-7.988585227,-8.48101204,47.14372477,15.42138557,,
121,11.39319838,-30.98858523,4.512467551,-13.48101204,,
122,-1.203351238,48.42138557,17.94851998,3.490800769,,
123,67.18495277,36.10249676,6.358490776,11.48428036,,
124,-18.77674062,0.43507137,7.687617237,6.0460691,,
125,8.445254838,10.17234203,-14.0598369,24.17234203,,
126,-8.935443758,3.577488997,24.79830995,1.31124271,,
127,60.35971578,-9.943747431,15.47580525,18.84444058,,
128,-18.87604331,-3.211294868,33.49326138,-11.18475633,,
129,2.643967638,0.571777274,14.00519003,57.31316967,,
130,5.14474055,9.614444716,-8.876043306,-20.25110268,,
131,-23.41960841,0.801974403,3.063365026,9.87583534,,
132,18.31566295,3.756536091,-2.243463909,18.49201221,,
133,13.49201221,0.962964441,13.34574205,-13.77251168,,
134,19.66836146,-19.94886093,-2.860686304,16.22748832,,
135,5.874789813,-15.68433705,40.96296444,3.756536091,,
136,-19.47772443,-49.47772443,-25.76896532,1.522275567,,
137,3.276071967,7.818340842,-12.20983841,-12.69574878,,
138,31.9079473,-0.934413352,-10.46742319,23.00253091,,
139,-20.90813806,-27.90813806,7.648887493,-7.300534656,,
140,-3.421695493,-31.6464195,8.578304507,-29.94417517,,
141,7.538974168,-3.163270162,19.14011452,-13.97787649,,
142,56.64784347,5.842172122,27.6680876,36.45958057,,
143,6.943462826,-26.83181317,-20.38799417,2.061453845,,
144,49.57381792,3.188778647,32.13647943,-8.73997737,,
145,64.52856863,-48.96998854,-21.03411172,-0.936484135,,
146,58.58077758,-29.79188046,12.70499692,-28.32991835,,
147,-20.80134034,-27.68057707,37.20231314,-7.273432956,,
148,9.499252675,13.14495509,29.62503817,-9.740788864,,
149,10.66476574,-11.09519272,13.24757541,9.373360907,,
150,-3.249924736,20.26550695,-1.71287527,33.58651283,,
151,4.059003442,8.904913554,11.90491355,8.470948282,,
152,27.95543262,39.63330075,8.210490079,-16.56133598,,
153,28.42149982,-22.43672208,-24.06077791,23.28437026,,
154,-35.13035933,29.15167724,31.86964067,19.27982353,,
155,37.88872183,26.70741576,-26.6036629,3.096733512,,
156,-33.57667866,27.04336998,7.609176181,-8.098081574,,
157,27.16245689,20.0489253,32.57032821,-14.43791346,,
158,7.406837998,-17.42538797,58.9726442,-36.14248487,,
159,2.114095753,-31.48787208,-21.81517847,-34.9204684,,
160,-4.543956423,18.45604358,-7.906410578,25.02303257,,
161,14.67153017,14.6430045,-21.60937263,17.77870163,,
162,-13.73295276,47.94407292,-0.88246926,-19.73295276,,
163,13.70005825,24.30652707,9.078050912,-23.78797109,,
164,36.8857953,-16.34379103,-25.94394333,25.4859476,,
165,23.45514287,54.02525194,19.71477242,13.51908607,,
166,37.75405215,-13.0417865,8.200893066,0.166993092,,
167,-13.44425424,-11.04486646,11.36438666,23.34278442,,
168,-31.96317319,-14.56431098,24.74028419,-31.66947505,,
169,43.03682681,44.15809598,-11.4942016,-34.52120374,,
170,-28.03328257,1.54890564,19.54890564,-22.76374208,,
171,14.80234102,-30.82579891,-5.33787774,34.51385095,,
172,23.55052725,40.65032536,13.68774965,-18.72391754,,
173,9.302984679,-17.43265338,20.24838375,-10.26885058,,
174,-32.42452322,-13.4993718,0.912295387,29.47769761,,
175,-0.576239319,-16.48689704,-44.24987654,-20.81124088,,
176,-3.747694374,15.11044905,-11.34138931,-18.32212466,,
177,17.71008673,53.0562417,16.56120444,-14.24028584,,
178,-2.403659153,2.479326673,5.53783376,14.93729581,,
179,47.47122081,-1.444716578,21.3941622,16.81973191,,
180,22.02374974,-49.26756502,25.15236859,22.29320083,,
181,-11.19418247,8.337940707,12.6186668,9.706376363,,
182,7.395345458,-36.00551254,39.93182701,7.009080081,,
183,-20.20567986,-14.13432153,-9.605240016,23.33879618,,
184,12.38394077,27.96102046,-29.09773463,29.774284,,
185,-23.85949201,11.43889774,13.11832591,-21.79598561,,
186,33.89179417,-2.990695649,50.45316706,-29.37580327,,
187,12.95578486,2.463638263,-40.43455836,4.111107729,,
188,17.90849604,-1.872160796,15.98207245,7.883970572,,
189,-15.1956886,9.388764478,-19.61123552,-31.05130792,,
190,-18.48113934,47.15236467,14.61557647,0.031123393,,
191,73.71367835,56.54338613,46.93302151,37.54338613,,
192,-22.56155853,6.915713899,5.52026338,18.81117103,,
193,24.20884656,9.723842928,-4.016150843,-6.181162782,,
194,6.420225035,-19.52068724,10.52476791,10.43385761,,
195,16.19058091,18.83472423,19.83472423,-18.87698912,,
196,-1.489391347,50.87431748,14.1007388,-1.217207522,,
197,46.3904206,44.90107372,-24.05666206,-21.69480433,,
198,21.3211822,71.18588735,93.32158073,14.4127072,,
199,-16.91980569,0.89520884,6.904640903,-25.0075824,,
200,72.88948519,5.848741259,34.53276267,10.98907638,,
201,26.76680425,58.83108708,-0.168912917,10.91302409,,
202,-35.36764614,34.32814472,-22.53152016,-16.15125874,,
203,-3.152157029,-10.72526695,4.923895255,2.052460922,,
204,2.51510506,17.6192679,12.5051069,36.77760277,,
205,13.88176561,-6.959899529,17.45093488,26.57927525,,
206,-34.24239356,-30.63323164,4.535101389,3.010105978,,
207,15.78760093,-9.801564666,-18.99989219,-1.835740357,,
208,10.08980054,19.73799863,-12.37633422,4.800447071,,
209,53.62542645,8.795165053,6.445123808,5.036155465,,
210,29.32726961,14.91477992,34.27362453,19.56649935,,
211,-19.13886516,82.32903028,-35.14590785,-9.90667811,,
212,20.59395342,71.94228014,-4.923704523,-10.16608359,,
213,0.841164617,35.00807977,12.83633248,-24.50957817,,
214,-3.123519498,20.6292693,16.17982707,13.45752201,,
215,10.04339566,11.28335865,7.525737716,10.87164837,,
216,-6.329178215,32.4222175,31.76299468,-1.393436711,,
217,-9.193434405,-25.70587125,13.44493764,-37.7234395,,
218,-9.502358241,35.92500894,-48.82638678,27.74066316,,
219,-15.23700532,-26.32917821,21.35237613,-15.22583956,,
220,-1.096708504,125.2642446,0.075822745,30.33461962,,
221,2.2131665,13.868104,13.47196337,0.746650883,,
222,19.19386964,144.7818384,30.26424463,41.2131665,,
223,24.27897962,-11.92873913,54.60474526,92.94980775,,
224,15.49827834,-21.33810545,-14.74369017,27.08428884,,
225,-0.168793697,-13.52544287,-2.000975091,6.298333745,,
226,9.014341331,27.60875661,9.559821061,32.20737428,,
227,2.180666795,28.41002812,25.64779424,9.9344959,,
228,-16.58373702,-14.30076176,29.44817654,18.69200617,,
229,3.356729068,-0.635191971,8.569197317,-29.33264752,,
230,8.374821562,-11.62306235,-7.936223625,0.806899078,,
231,13.20434692,4.586048137,-62.28331234,-7.770971594,,
232,-9.160811671,46.99922061,21.83918833,1.31928518,,
233,14.1592529,12.0796403,-4.280230564,-28.8805534,,
234,45.63934975,60.75876864,8.559737152,-3.800940806,,
235,10.00612336,25.22031135,14.46633223,6.545914487,,
236,6.247050354,19.83801422,-0.334636359,40.4834359,,
237,9.537893711,20.38379744,14.37452028,37.01066481,,
238,-8.717046151,-8.788853141,6.174038232,-0.171262933,,
239,18.51006224,29.41970094,25.62018299,-33.14343146,,
240,1.501442418,43.87363608,11.01266775,10.6741951,,
241,-16.49855758,-0.006987835,-16.3524932,17.25565754,,
242,20.96469281,22.92826145,19.98631027,27.61200987,,
243,-4.95352122,15.64480173,-3.209133887,-3.501262651,,
244,-11.83837904,26.21310865,45.48141405,35.57352247,,
245,-17.02401943,-26.46709826,3.295773665,17.63587712,,
246,68.98773502,66.65529094,12.83207538,10.3201791,,
247,13.85269483,59.92449289,25.68736481,-3.807201712,,
248,-17.28025324,-16.57754952,1.148176132,-32.96593912,,
249,22.25127761,38.25728168,-19.92589934,34.68571106,,
250,13.86879333,-39.99332158,60.79098314,9.260945693,,
251,-16.10307629,-6.160133919,24.22825568,-2.971943192,,
252,17.56792921,2.444913322,10.61554794,-42.09278526,,
253,-26.73961051,-12.04715022,24.72269091,-52.94000725,,
254,-12.53921377,32.30602453,59.42904041,-15.30707121,,
255,51.96872269,-16.13842029,-15.50746795,46.33777034,,
256,-21.84027985,35.67425296,3.802886164,11.84259825,,
257,46.11108588,32.0814455,-2.215532985,7.477416818,,
258,30.0405839,-3.771502147,46.86216691,-5.761430437,,
259,-33.38502778,-10.89956059,16.09986465,57.94159108,,
260,28.33987792,4.866061907,16.43713516,-23.44939807,,
261,-26.26361441,-4.020471315,32.68401761,6.927160708,,
262,5.630000522,57.94882802,24.87049649,3.603890012,,
263,4.957481911,22.42363851,26.23731498,24.9037498,,
264,18.65213198,6.451080036,18.42478139,0.842664471,,
265,5.234248905,11.6363528,17.83214501,18.85318393,,
266,-35.36890693,-15.96154331,-20.16785499,27.03845669,,
267,18.8111061,21.62583334,-14.3636472,20.43530085,,
268,5.23039707,37.02351586,11.22657417,-18.5818362,,
269,19.61739922,79.01969296,3.222751277,-15.78489452,,
270,-31.57036751,53.4219867,-18.5780133,-18.98030704,,
271,49.43345539,28.20745969,20.21510548,75.42963249,,
272,-11.16241791,23.61472997,18.39301167,26.0593004,,
273,41.17129337,7.281585608,-7.272710145,-31.05212567,,
274,-1.71784748,-28.27327706,-1.049858021,8.615863794,,
275,-12.2961942,-4.366103357,62.05274221,-6.901057935,,
276,5.639795594,14.93802095,-11.25251021,-47.48801528,,
277,-25.40280803,-29.40280803,-27.36020441,-19.72352034,,
278,4.702515888,-20.99688847,14.915534,-35.34008773,,
279,35.21965436,6.242141308,8.858708701,30.02912319,,
280,-16.39914606,71.17366453,-11.82633547,15.53413691,,
281,5.556375918,-7.697927349,-2.952230615,-8.251011903,,
282,-31.87332646,47.08470849,31.04274344,30.29704671,,
283,36.64030602,-21.6559623,9.32179869,-17.99670864,,
284,17.99124306,-5.559755611,-4.918401218,24.2041021,,
285,-35.92236142,21.19761511,-6.286051125,-21.97700289,,
286,6.228252505,9.879762,-35.91580285,18.30391392,,
287,36.39222148,53.58653859,18.9273435,14.70114018,,
288,-19.97087963,-29.01415018,1.202202585,52.62595744,,
289,-14.48181251,-14.30627495,54.70313368,11.11066059,,
290,29.80590363,41.71249855,52.80590363,-18.33763598,,
291,22.67217493,-29.22888784,-2.265989297,5.910983331,,
292,-7.27761836,-47.20720874,24.7820443,-4.036558158,,
293,11.03775154,22.65530106,17.15759351,-22.56015354,,
294,5.183008123,18.36440566,38.27250212,16.30233345,,
295,11.29731529,-11.4572529,68.95728689,12.96933802,,
296,55.83719251,6.783007028,-47.16280749,24.3410629,,
297,2.40298916,8.806229376,20.86041486,-2.15506671,,
298,39.18282358,17.68669397,12.21378671,-11.84039877,,
299,13.30839564,9.452087565,22.14751542,27.49230762,,
300,24.76447592,-55.74306195,43.24651097,29.3809333,,
301,24.93017951,-30.17874,34.14801854,-42.68627787,,
302,-8.841554373,-24.84155437,-56.3803735,16.51070699,,
303,35.72190445,4.097477496,-10.29643313,-9.549871431,,
304,4.060316011,57.5841084,-30.11274568,-8.024487094,,
305,-29.50089519,-5.06407315,36.97661398,80.05154642,,
306,-0.199852442,-37.46117272,21.06146784,12.49584981,,
307,-26.98150963,-0.677211881,-24.98150963,-0.501846533,,
308,24.31748547,-3.004525862,21.03623333,23.63270361,,
309,11.88678296,54.7074288,11.65308321,20.7074288,,
310,-31.66120304,29.07821027,16.24168689,33.09979028,,
311,4.980110118,19.45868459,25.12860396,-3.392821573,,
312,50.68527001,4.537066124,6.069634624,1.146181549,,
313,29.22435846,-5.627437653,7.61198306,12.4605192,,
314,24.91980075,-2.008542291,-18.84729849,-8.081829238,,
315,31.38071229,-33.5394808,14.06963462,-1.163266132,,
316,21.40787345,27.16523309,-7.783325348,-7.761322346,,
317,-3.874540582,-13.66278669,15.04670152,5.328817674,,
318,-22.19516151,12.83427705,17.75339693,14.08435297,,
319,23.73139393,7.591636693,30.78283549,-20.02596571,,
320,-16.72830054,-27.41466535,46.46193267,41.42851705,,
321,-36.26042669,45.68816042,-5.000783321,48.08404518,,
322,-7.39666808,13.99921668,7.978640474,-5.054775141,,
323,4.990555167,-33.34261864,-45.51207705,2.987205078,,
324,3.153854323,12.32297424,16.56782683,20.15238679,,
325,15.25973772,14.37664971,16.39723937,44.43032517,,
326,-34.02776173,12.21709085,52.53620856,-2.751290883,,
327,8.487691568,-28.07627873,50.89210301,55.63622182,,
328,5.638400234,-17.78690031,21.4447054,52.47398662,,
329,-13.45328836,-24.62172659,18.26880021,5.203550799,,
330,-25.84579372,-27.19566043,-37.54212186,-9.70720914,,
331,-36.60223449,16.09183444,-12.57220507,51.63650447,,
332,27.25212619,26.35443874,-6.697898841,32.51803869,,
333,-5.958725895,-19.3132759,33.5980866,-10.84510091,,
334,24.3749137,13.3348403,-32.42267346,52.70036874,,
335,-4.657227852,31.1373812,86.01157737,-18.4518369,,
336,14.04789731,31.26983992,15.44140425,-16.53788486,,
337,-3.034946253,-10.20063339,19.40585967,-24.74499377,,
338,-10.08419911,11.12290981,22.93651178,-13.66998128,,
339,-12.86981644,34.56706215,19.12792063,-2.665743168,,
340,-2.078935262,-16.45546073,-26.82273074,-3.720920709,,
341,-68.47011035,3.538815543,70.54774144,75.49172447,,
342,2.523045482,15.22313129,29.35961193,3.136779353,,
343,-1.246164058,-19.84806915,38.85881716,-28.14118284,,
344,4.98007555,10.17094049,10.15019911,-12.14437272,,
345,15.3576129,-0.190048013,12.63982842,16.87636866,,
346,-11.27720606,8.233164628,14.34106406,7.851434744,,
347,-5.17034827,-4.01804417,21.62410875,4.597489311,,
348,3.647935305,37.57945534,-9.078144849,-15.59878512,,
349,36.09305505,18.40121488,-9.249344753,13.88761517,,
350,18.46969484,27.99033511,7.408255439,0.640894748,,
351,0.401214882,31.71641527,43.88761517,0.647935305,,
352,33.83981947,6.961328064,0.449954956,40.32211168,,
353,-7.160180533,-4.904493979,6.382865977,-40.10576092,,
354,-13.1120956,-7.026002576,-24.56271441,0.766395808,,
355,10.26656951,8.903636089,18.92944637,12.40699035,,
356,-9.754580623,-14.38583576,-10.51072974,-12.50309635,,
357,7.741602686,15.49351103,4.490118417,-11.00945751,,
358,-2.761365852,-15.75797324,27.98460542,41.98799803,,
359,-14.32435019,37.6426521,24.44375203,9.659150954,,
360,37.33660277,-13.25415948,-17.28279827,14.26177521,,
361,3.307963976,-3.965938051,-8.617208462,-13.3894952,,
362,-24.69989443,11.58493771,-23.47497553,-12.60883257,,
363,42.71471252,27.66827045,-16.4350041,62.92047448,,
364,26.9358158,12.83276431,-13.66698565,-27.99064744,,
365,27.89179375,3.406551112,12.7152055,17.31850702,,
366,21.93232081,25.44707817,10.88829876,-4.435363018,,
367,53.52410992,-10.74052242,6.553624643,5.244970253,,
368,4.855657108,-41.79081425,-43.44533606,25.44818207,,
369,-2.985325549,-14.82630821,-50.31282161,51.61619048,,
370,-0.551222336,-6.424616829,6.935278327,92.00211973,,
371,-1.348315563,-6.374818454,-4.188827913,-15.37481845,,
372,-14.21737109,39.01095728,20.19617726,11.59740893,,
373,46.93705718,11.56045888,-20.19889606,16.41218895,,
374,-1.22109495,39.66409252,22.79352674,107.7141879,,
375,1.191284716,-15.8054976,30.54946183,8.444100193,,
376,22.00940699,-29.78885821,-31.04561159,12.86269077,,
377,75.5509188,-15.41240215,-15.30236498,-46.86221632,,
378,30.33071779,35.12927125,16.38434272,28.92782471,,
379,0.211141794,-13.35738356,18.06442557,15.91770935,,
380,-6.860878706,4.139121294,8.027383292,5.272078493,,
381,18.0932491,1.449682307,-19.9399902,-19.69529499,,
382,4.920400455,-36.44124741,12.5616952,7.197104735,,
383,47.19357979,-0.616183505,37.07264269,-22.36228921,,
384,62.63905765,64.0695391,47.89755636,-7.332103693,,
385,1.276855155,11.12527355,6.071570542,3.510721984,,
386,9.246678017,8.017017965,15.63905765,23.97891615,,
387,-26.24148074,1.816196566,16.68231563,-8.633860377,,
388,20.66253386,-11.45969377,74.12248724,22.05687257,,
389,16.54102769,-18.08744911,27.28407409,49.87139662,,
390,-33.27143818,1.57753859,-28.10035579,-30.06742635,,
391,-16.13096974,11.7985894,13.15079372,18.75162882,,
392,-15.3338319,-14.05550949,-11.50037288,-5.833454849,,
393,20.22588498,43.02678541,32.4294867,21.72363391,,
394,34.89077309,36.28021197,-32.55900894,12.26631801,,
395,15.38072224,5.981023877,16.34741404,-4.919051534,,
396,-6.76031317,-2.878416108,-11.36743623,-6.989691264,,
397,-22.01165101,-49.72322145,2.106451924,28.0254407,,
398,14.9361253,59.48419689,7.329002236,-47.81936464,,
399,24.43707623,-15.23352661,30.85688586,-3.14992887,,
400,37.16130371,23.23223563,-7.838696287,33.39357073,,
401,22.09517392,47.46816677,29.9784714,31.37321154,,
402,3.946482002,1.526580546,33.9922526,66.78287088,,
403,45.22474194,20.48745372,9.588360401,2.285443466,,
404,5.912610757,13.8443747,15.20376414,12.91095538,,
405,4.330423301,52.24752615,13.26846276,55.18033146,,
406,-5.003523579,9.640397734,-6.788883141,19.85503817,,
407,29.27531095,-3.232138245,-3.29706355,26.05073825,,
408,-4.377786728,-4.900174458,-35.93450305,-17.67853262,,
409,17.27671405,41.0894008,9.118505956,14.45358043,,
410,-43.22897281,32.77102719,3.521099512,2.52023169,,
411,-18.86062243,-27.93972648,14.02594493,32.95206432,,
412,24.12917372,16.41450806,43.45707533,2.801272111,,
413,-2.664308211,2.948927739,3.499642593,1.948927739,,
414,22.28314761,9.335691789,-14.07734435,-3.283862422,,
415,0.745744334,7.666928062,-2.021465505,-32.51331792,,
416,-7.075896145,3.164888769,44.69665373,-17.3535414,,
417,33.18266849,43.93299372,-9.067006283,30.81926866,,
418,-15.55487175,-27.468502,0.70347691,17.70347691,,
419,-19.49393605,-14.58543645,-1.889751296,1.882798583,,
420,22.03329169,54.09399347,24.82490971,3.827404649,,
421,-28.74518799,25.48448078,17.54518256,14.16783358,,
422,12.09964698,14.29489063,6.637814501,59.35808735,,
423,38.03329169,42.66658611,53.93566987,18.25231707,,
424,71.29520246,-17.30433873,42.29634948,14.69566127,,
425,11.91912436,-19.95899095,-49.42228916,1.99252793,,
426,39.78971686,-2.275879251,-0.943310597,17.92377664,,
427,40.89589067,2.495431862,-46.50399463,19.96206029,,
428,-23.42189741,-44.10014401,-8.701605175,49.28879665,,
429,31.63934458,-28.00416222,4.089527231,-38.33186088,,
430,14.80022129,15.17956376,-45.05215311,-11.90087459,,
431,5.72572819,-2.872080055,-19.42189741,5.108723588,,
432,-1.202699161,28.09193702,34.22884623,15.28248441,,
433,15.17520806,6.166392957,14.00866599,11.13357254,,
434,28.95163899,3.22868,-20.78841462,9.627146892,,
435,36.50266466,4.838936356,26.93421005,36.20802847,,
436,2.68810709,30.76590074,-3.312970764,4.996587061,,
437,-10.5420403,13.22727338,4.84046083,-18.46640236,,
438,20.68887081,32.23982741,-37.43544854,23.86142415,,
439,-8.311353983,-8.695471896,27.15109651,-14.46640236,,
440,25.686991,-20.58164848,10.23497608,-4.052934412,,
441,-13.3902527,20.74286491,5.230731807,-33.47352828,,
442,-14.19166598,19.49348929,5.375218076,46.98349706,,
443,4.785102389,4.499333118,12.59744451,-5.948399352,,
444,-0.603283643,-26.80604001,32.9847622,-13.54029213,,
445,-20.74948992,14.16085388,-11.83592541,-45.36742116,,
446,-2.423971245,33.1043038,-14.33431505,9.489593273,,
447,-15.45707736,-44.16144408,28.80867052,-17.95224629,,
448,3.61131478,18.80138283,12.15126941,26.69122405,,
449,13.33188835,19.23742998,70.44508106,37.63321108,,
450,-1.688120521,-8.965192089,-42.03091286,-0.096633622,,
451,-22.67720476,19.10154497,-17.34470453,-10.90157916,,
452,8.138138943,0.120045839,11.10195274,-2.351994762,,
453,-23.14969165,23.88155652,-32.4687704,9.948990889,,
454,3.396360856,36.26149211,16.66609834,4.672675872,,
455,13.78743989,5.410025709,0.882039427,-8.419104766,,
456,-28.20039125,12.04746037,-18.63627998,19.3344023,,
457,31.36372002,24.79960875,5.958328115,30.28553943,,
458,38.85942328,32.51266682,34.888741,-8.73518481,,
459,14.20242204,35.89516551,37.06478726,27.05564812,,
460,-49.48324054,26.50342252,67.14623258,-0.322538021,,
461,28.61500318,25.97219312,27.13289563,27.39184186,,
462,38.86588575,27.73185713,3.089047072,-12.85760514,,
463,-17.86710437,-5.175172452,24.40517881,8.195354434,,
464,28.00377919,57.90253914,93.54592245,38.70790653,,
465,30.01162669,-3.522669077,25.0318747,12.72030705,,
466,16.43258699,15.43916976,20.98960538,-7.022924002,,
467,-5.624811269,-33.66099669,6.002161981,-2.826786352,,
468,39.05666462,36.9796255,18.9796255,-15.12292571,,
469,-2.205522437,-10.30529484,8.936937734,9.609329626,,
470,-9.470488298,5.754568601,5.85711981,-18.06306227,,
471,27.38731598,-22.28152016,37.78580072,-15.25655443,,
472,-18.10945787,-19.02491794,15.03320325,0.964514566,,
473,16.11164182,24.31601159,7.104358861,-30.10365239,,
474,14.9222446,26.97508206,1.017352018,1.8165697,,
475,-4.046052924,8.990933292,19.1441619,-11.09889038,,
476,6.490881476,-30.86157041,45.07830128,-0.001869796,,
477,28.09834405,7.098344052,3.883418899,23.25591355,,
478,-2.509118524,1.510924245,12.23587078,32.07830128,,
479,31.18018172,-11.42728086,36.71024587,-10.72237709,,
480,-16.54920089,10.53612,8.048045379,6.005384931,,
481,-10.58481597,14.20195025,2.988716469,-35.80833812,,
482,2.218687172,34.57878045,-22.2455367,3.15721703,,
483,5.522717947,41.67488135,46.52345561,5.887024911,,
484,-26.95684928,-8.661366867,65.80831152,5.395409511,,
485,19.15196905,29.01055982,-3.000317808,-3.869786212,,
486,31.39781503,15.6928419,-17.92980586,-3.071136612,,
487,-1.722010086,62.90551671,-11.42846109,37.1788513,,
488,-8.412975204,22.39590235,41.70891984,52.5870248,,
489,32.89176241,43.08288486,62.51779739,45.57874492,,
490,-32.80658125,45.53081547,9.699513833,-9.408233658,,
491,5.904801482,-18.77043728,38.90112773,-6.427307266,,
492,33.25768906,-30.75205733,10.25362806,29.9135264,,
493,-18.5755089,-20.41845327,22.4188057,7.243881671,,
494,-10.0832248,28.75240977,9.417993499,2.591293128,,
495,2.95565988,49.63412905,-7.378492934,-24.80976907,,
496,62.06683687,8.271108043,8.059217715,-49.89962773,,
497,12.08732955,34.0152414,20.96435564,0.002519956,,
498,-16.03376933,28.89915987,43.2116564,18.42354673,,
499,12.67561876,46.86936388,23.31940296,19.86326531,,
500,52.19679327,3.563652158,-13.98587841,5.87325517,,
501,-2.324109362,-21.08493956,13.5628944,21.22466345,,
502,8.527739527,0.540983384,-11.96894951,22.04429435,,
503,-0.14067992,-3.577214257,1.830692144,8.591522339,,
504,63.00680108,-52.76351667,55.22305529,7.040722582,,
505,45.92165851,-17.14146542,-4.141465422,-16.26617745,,
506,-6.10833282,-30.21343285,-42.38291721,27.78656715,,
507,28.18346065,-8.853871003,52.36251308,2.071465699,,
508,-22.83837514,1.470774977,-6.942471517,-15.14120808,,
509,-18.66856932,29.28195446,11.15826389,33.51792007,,
510,-6.188528176,10.60641808,24.67582872,-42.79105505,,
511,45.38245197,1.533868436,12.56541517,-55.14120808,,
512,-43.37582168,-2.39470147,2.638462135,1.311422065,,
513,2.885972572,-15.86923431,-34.586735,7.708003953,,
514,35.99934366,50.96902052,-53.77130794,-4.375002089,,
515,14.71727106,-9.529157984,5.617780249,8.911656714,,
516,0.802391501,30.8023915,1.224879755,2.735525311,,
517,-1.579226513,3.037351469,-6.610619929,50.29519982,,
518,32.04131682,38.99671945,109.6485203,-4.744276182,,
519,-0.998506354,20.55771428,10.71273777,-13.90885263,,
520,-8.850787912,40.48983085,26.68376651,-11.79683993,,
521,4.390632033,-30.95845215,15.07186955,31.69246366,,
522,-27.99546929,-2.111830681,4.52392428,-23.04941727,,
523,2.526680179,5.09936,-6.706244709,12.43911493,,
524,7.055367914,-23.98682283,9.068691308,13.0953381,,
525,16.02650056,10.09089696,57.14196997,43.12642602,,
526,21.0886764,23.02650056,30.05092678,2.024279994,,
527,11.02205943,23.06202961,37.99319207,1.164175632,,
528,18.46768952,38.81206638,9.238570838,21.56568357,,
529,10.28912978,60.39097915,-37.01763027,45.77745905,,
530,-14.60136582,24.00860915,-18.19375947,44.49838393,,
531,7.992067467,17.90050241,12.01719811,31.52976343,,
532,27.71979419,-12.46978736,28.19346342,42.47783575,,
533,-21.39435331,6.552985144,17.71096977,-35.4996764,,
534,11.50674885,11.25852571,2.48640999,8.419269492,,
535,12.60422345,33.23559266,-31.94317194,24.06736037,,
536,18.89555243,20.71973071,19.58672523,53.1971834,,
537,-15.95249289,29.01188709,-6.218503849,18.96679247,,
538,15.91450163,-6.900202056,57.95012165,19.25894884,,
539,-22.91039881,20.73567938,22.00169034,21.06345578,,
540,-8.649550118,-6.829252676,-30.44447576,14.78597041,,
541,18.06010287,12.08547467,32.31592083,17.84587126,,
542,3.277863128,11.19259047,-1.876467628,5.444879785,,
543,-13.32692618,-4.423237591,40.00403827,55.15659323,,
544,0.751029819,-72.90687568,42.71437684,-28.05348761,,
545,33.18260961,-2.006376302,9.81667517,24.83142088,,
546,-21.54106543,1.48855463,1.33675796,74.58629592,,
547,49.04425368,41.99538303,14.29379163,67.86098877,,
548,-17.44794266,4.435693223,-20.50661713,25.65505442,,
549,6.744841636,-34.25515836,-3.691365365,4.962567854,,
550,-19.25433074,-28.49325008,-43.63536347,-19.12558439,,
551,33.51294103,55.82291707,17.68080368,-9.596247158,,
552,4.138174052,6.914085766,-12.04716664,-18.43418679,,
553,-17.73764168,45.14424411,29.3295848,22.04853874,,
554,23.11576522,15.0933564,-2.580779881,28.16665294,,
555,-6.585482506,49.13347143,-40.44495947,37.80153764,,
556,3.534187827,-19.23602927,2.370356415,1.535657531,,
557,-12.38872797,-7.376125555,30.80030827,37.66168169,,
558,0.96560939,1.003416639,-2.554029087,23.86479006,,
559,36.76975594,30.34022251,50.19592236,-10.07584286,,
560,5.475143102,0.263404539,33.70834923,-23.22897747,,
561,8.860829595,6.072709564,-22.40975041,-24.80989037,,
562,27.04093219,28.63494215,28.472892,15.09062062,,
563,9.695364347,-16.8963945,3.522580424,-26.28091699,,
564,-31.69275859,-5.822548621,4.307241412,0.780528085,,
565,38.45375626,31.98374113,18.83898439,-5.582581023,,
566,-19.43344194,2.486793343,-15.10414404,4.179840773,,
567,-22.58590528,44.38360479,-7.715695316,4.200388107,,
568,8.064060943,28.27955052,25.15641362,39.00249249,,
569,-5.366674551,40.6948939,1.371659539,7.648717561,,
570,-31.35863405,28.97999243,17.79528708,40.90303186,,
571,11.41385948,72.6402363,-26.94440142,-20.13338689,,
572,26.00673149,15.99540153,33.92434232,72.90168239,,
573,23.71608356,-1.657594013,48.20977795,-19.39233794,,
574,-8.746205591,-21.54536237,-15.40533427,-12.4039289,,
575,59.59478564,-46.97060858,11.84195315,13.01806145,,
576,-63.44504825,-14.48251189,-30.44504825,0.480024475,,
577,6.26965023,18.05927599,38.28405782,33.67599113,,
578,-24.4219922,20.20913054,-15.4219922,-10.00124371,,
579,27.02181235,12.38204115,0.1716669,-9.805277047,,
580,-11.70229675,-3.621788675,-19.25955785,18.39676449,,
581,-18.44478457,73.11960272,-4.535850229,-11.71798154,,
582,-2.974742914,38.47727256,12.65684188,-24.53200402,,
583,27.25988732,21.19850411,17.52806355,13.43598873,,
584,31.36957023,10.9932502,40.1234811,6.15730962,,
585,44.32524925,46.72308898,60.83409955,16.30364657,,
586,21.66513135,-5.760660669,21.253712,14.79663305,,
587,204.8291908,-10.0067498,10.02580792,203.1898673,,
588,-21.11902638,3.327687677,31.98754551,27.32768768,,
589,0.753235334,41.28535488,36.43425957,21.83864083,,
590,4.476592361,6.051044704,-14.67231232,-1.565740432,,
591,4.645881008,-2.490471412,-8.665102524,-0.107684485,,
592,25.58452537,18.95656347,21.69180374,-13.94008524,,
593,-31.41154755,-9.729455578,27.27447151,6.219359664,,
594,-2.360495448,21.21726346,-9.519940349,4.26942999,,
595,-20.51784415,-16.04540007,-68.20288143,44.58452537,,
596,9.937227353,46.86799964,35.15154759,-6.902032471,,
597,11.33457251,56.88364729,14.47966504,9.861362544,,
598,-61.72941455,12.22728094,8.001298228,56.31704334,,
599,-12.66247627,27.37201367,17.40075528,-36.67397292,,
600,52.15084488,74.70367771,-4.852370322,61.28744548,,
601,-0.691572483,6.95335111,33.60864582,36.72095481,,
602,-4.780854819,-1.538588557,13.4923464,24.87442846,,
603,-18.53172223,34.39997747,-9.600022529,-12.94473925,,
604,12.29136388,-24.89634292,-6.00502198,30.53175583,,
605,-22.43751116,11.74141478,20.13439009,6.173903957,,
606,44.93790243,45.54931755,15.88082685,-17.23663307,,
607,-21.27175651,6.335268176,-17.87439077,-15.40238772,,
608,18.74677462,5.018254169,47.53145355,3.676121247,,
609,15.05655683,7.619962756,34.61401081,2.050604882,,
610,22.84123576,-4.633660963,17.84123576,-12.81663131,,
611,22.80293311,69.87953842,20.87953842,-31.20897078,,
612,31.33601644,4.381491104,-4.5912241,37.28447849,,
613,18.32995315,45.28447849,41.37845946,24.42090248,,
614,26.39058604,28.3602696,18.34511137,21.44818727,,
615,8.610182418,34.80628461,29.22517512,12.45516052,,
616,3.957242285,50.77417652,33.07928613,10.19789912,,
617,-20.74150404,2.007041464,14.14149566,6.743951033,,
618,60.95724228,-18.25633444,25.22841008,-38.10377964,,
619,-5.440997612,-35.6782236,44.0098051,-37.23085174,,
620,27.75513854,35.62593748,-20.90888956,4.665270231,,
621,60.63368357,12.82736557,-0.736849921,-4.269475429,,
622,-58.74424706,16.74114012,58.59282055,-14.57571326,,
623,26.29274893,10.66351113,-6.724906417,10.4869577,,
624,17.18756056,-15.67412718,15.98985179,-68.82728857,,
625,-49.64442892,-3.107306092,10.28811146,-31.46156927,,
626,-25.53242191,7.120100947,-5.09584998,-45.09584998,,
627,-18.43187101,24.94869741,26.96354654,16.44127285,,
628,33.00749813,26.32057273,27.70696827,8.621102593,,
629,11.47251323,-34.4720092,-4.570419612,-15.52748677,,
630,4.897708122,0.950381902,-46.35448662,11.38453968,,
631,25.49230408,3.265095155,-29.47730782,37.70696827,,
632,35.29381769,54.89885871,-7.206566001,32.15299561,,
633,21.9161737,-48.67155233,8.021598413,4.267077822,,
634,0.696666787,72.56526959,-12.49610027,31.18839298,,
635,6.69310444,0.397989641,11.98939047,49.42548231,,
636,10.50749505,4.094242621,17.70191508,-7.504711134,,
637,56.65687844,-28.38986923,44.07540099,-36.04036494,,
638,50.3078438,-30.49773617,-19.50296739,-29.48901747,,
639,22.70017134,2.299125094,-10.2928537,20.68622142,,
640,-5.067171969,-17.67336423,17.25714028,-15.09033713,,
641,9.722447981,-9.277552019,20.07183679,-12.68261905,,
642,12.00547906,-43.56186681,12.02670161,27.90587606,,
643,2.955993192,-24.95134616,47.86333255,37.72434158,,
644,-11.24204617,14.97973455,-14.15412859,-10.81947074,,
645,15.49022755,-25.37590931,15.55715912,13.91280298,,
646,32.47401507,31.00365022,-24.18946753,-41.91222043,,
647,-5.131681095,19.70301137,17.70301137,18.8683189,,
648,5.796730959,23.71967861,37.56557393,24.6476677,,
649,-20.74263545,21.33273642,31.71631766,-21.90010109,,
650,-28.28368234,12.88218569,60.02956847,22.71967861,,
651,-11.96784491,31.98193954,18.03053523,19.01595653,,
652,34.50249695,-30.53718157,12.17136798,30.45951189,,
653,27.74675644,-14.25324356,3.385538879,-33.87204468,,
654,-52.55371429,7.81048012,-9.884843256,-23.18621334,,
655,21.75757543,-25.53387502,-28.16637408,-30.16637408,,
656,5.500978826,14.68281066,29.22850634,-4.771643801,,
657,-26.49902117,-38.13520737,30.59196981,14.91016301,,
658,43.00110395,31.68286071,-33.90800516,5.864742584,,
659,42.00391028,15.87581371,32.87356753,-5.850023758,,
660,47.30909173,14.88449703,-26.48620923,-15.43232079,,
661,-15.7104628,10.79559047,-49.16285677,-7.847227617,,
662,-3.896836015,128.8831949,9.519700516,9.188967362,,
663,5.617225767,11.09353796,8.143084515,18.78106204,,
664,-24.84989476,24.71972111,-0.225024537,-3.445003773,,
665,-5.609728656,0.680385543,-14.38444316,16.98007409,,
666,58.2447101,-7.599565853,-5.439259238,-50.96750453,,
667,-16.22502454,17.14479897,4.959887218,33.87487165,,
668,-21.12156236,8.209414691,-20.35461368,11.88597039,,
669,-13.25106835,-22.56395223,-9.268113626,-24.35741036,,
670,-21.00903503,-13.2044226,-6.249619092,-23.8357818,,
671,-65.66299248,-12.59519774,24.96883063,5.667984572,,
672,13.82533064,0.797393424,64.82533064,20.11809743,,
673,9.302208776,5.339693149,0.378019577,-25.43203239,,
674,4.686792514,26.20076112,54.57504365,24.11694947,,
675,-19.17639297,64.37126647,1.734351612,24.49864944,,
676,46.30089045,20.87499508,-26.35898223,-41.36522635,,
677,-20.90186626,-7.469726767,-39.24199358,1.92494802,,
678,16.74551819,-2.07505198,-28.96430744,-29.06880786,,
679,17.16886654,32.27777514,4.565107597,-26.38700366,,
680,43.10527314,20.64112127,2.672340258,6.620538218,,
681,5.939919907,-24.42062788,23.24935449,58.81642161,,
682,2.698540785,-63.1632157,25.79707039,24.92060998,,
683,39.30115653,-3.080663143,37.83700466,30.2593016,,
684,-8.655624864,0.335116481,12.33405835,26.33802634,,
685,2.328238623,7.339878075,29.34516874,39.34463967,,
686,-0.66144459,40.35231113,45.33723275,40.33617461,,
687,5.209825549,36.66071664,15.6233809,29.38041661,,
688,-12.7521534,19.37459486,23.93148028,24.57719035,,
689,33.33627201,-4.176947487,12.82355446,-53.20188064,,
690,5.653037572,15.82419816,-19.74566469,50.25433531,,
691,16.26693955,5.484662661,-2.620149701,-46.03749123,,
692,-1.023367105,7.084716734,9.573774946,-9.200231571,,
693,-20.12162514,11.82924584,-2.347618625,36.721162,,
694,7.41433012,-1.251592557,-45.24176675,-1.172986128,,
695,4.021246287,29.64725281,16.71323035,-0.482779786,,
696,44.71909,-34.70755152,-44.23729764,-21.17543488,,
697,-8.152443438,-13.21667672,2.207594283,-8.046968317,,
698,37.59062344,-25.44824788,8.526390163,11.67784816,,
699,-35.57908496,13.95303168,30.42091504,42.25120664,,
700,-4.993438495,27.48487302,9.380395549,-25.88919398,,
701,-19.81083588,-12.41088247,-4.715220164,-0.384763099,,
702,-19.5122556,3.628997738,17.8859096,-36.04551634,,
703,5.502130628,-14.99343849,0.371766743,-18.6891008,,
704,19.4975585,-19.90885816,40.71340699,30.38963425,,
705,-30.76248135,6.271423188,-26.9319734,10.74599478,,
706,14.26948899,24.97099658,54.48873896,0.323451111,,
707,4.929255474,31.57339945,-37.26471418,-49.8043354,,
708,-54.77735177,-38.18247773,45.18698358,-18.0155794,,
709,3.389546563,-6.599028565,-21.36080094,7.365306793,,
710,38.62269791,-3.174663372,19.49640115,2.762188247,,
711,15.90435478,2.207743688,-3.666489736,-38.79225631,,
712,37.56588162,-2.25035552,-24.13042963,-22.11400722,,
713,11.16551109,46.24577046,-14.49020731,-6.025999805,,
714,27.09392609,24.03008912,-8.170096145,51.86182234,,
715,19.47012618,9.189681533,5.125844569,45.86182234,,
716,12.44479527,48.87200994,36.62531836,12.61208466,,
717,0.081344546,29.2744862,29.60513232,21.98698769,,
718,12.17345194,37.00117766,14.82890339,0.311069047,,
719,25.76048244,-18.78390439,6.062408163,29.9535308,,
720,-28.09479635,0.905203649,25.76674797,1.089811218,,
721,31.77828595,20.04365933,-0.060182432,-9.117872297,,
722,19.5922655,-9.079384616,2.263915616,-0.748044663,,
723,-4.622250214,31.69295429,-13.77985247,-8.307045708,,
724,41.89580526,-5.600976978,-2.671767631,-4.200935389,,
725,20.7672361,19.62257912,-2.084044345,52.42834895,,
726,10.83707235,-4.342658605,24.90660352,10.15586564,,
727,19.11055995,37.73405431,-21.82213593,-16.56372291,,
728,27.54258214,43.07981957,-12.41170653,32.81685012,,
729,-2.097376482,-1.914531161,8.285261962,27.90827279,,
730,28.02965667,23.89588136,-13.85567878,6.658654288,,
731,16.81120086,-14.05731442,33.2282521,17.35408755,,
732,14.53166503,45.27592702,33.03115417,40.28689218,,
733,16.29043583,42.05649127,18.97124607,20.31184308,,
734,-14.11454262,-27.45564089,-15.50988366,40.30409322,,
735,-9.132027731,11.73564241,20.05206277,43.98041526,,
736,15.13513234,68.12127589,-1.442823878,-39.2203786,,
737,52.6153912,52.47307579,-5.769618834,73.78692812,,
738,-36.37491632,9.275813602,22.16147053,20.55093526,,
739,2.496884154,23.29591092,-0.05960002,19.45044864,,
740,-4.462605086,33.57811782,-0.462605086,7.950069533,,
741,12.90105976,53.13363809,9.075710521,8.843132194,,
742,-5.241785885,22.68852742,-13.31147258,-4.282508794,,
743,-31.5440509,7.194406987,-2.515087121,-6.637255847,,
744,-46.51625889,-11.25155322,-19.0387499,-36.24809307,,
745,25.34706869,-13.43320768,39.5840931,-29.20656373,,
746,24.50796221,29.22941592,11.47336065,-59.22733213,,
747,42.49033044,7.006619361,25.23301208,37.49051402,,
748,-25.80113214,13.19865409,0.19886786,49.05580459,,
749,17.34968018,-38.50768408,12.920811,17.06382084,,
750,-11.82255802,32.62734915,-13.46402355,-25.21008123,,
751,-4.08693804,1.34177081,-28.37263706,6.484834085,,
752,-1.785236789,-16.80352244,2.384477486,-17.9227605,,
753,16.37540302,37.15202946,7.614365002,-51.40035235,,
754,-21.93666541,-1.565046305,2.586382321,36.92581087,,
755,44.30181072,12.36619184,8.29742998,13.43495369,,
756,0.869234312,13.93016145,25.57122104,7.869234312,,
757,17.73943299,-21.61156038,15.86923431,2.02949921,,
758,24.19771115,20.73943299,52.89175084,-18.29103058,,
759,1.713315789,32.55428077,16.28440139,-19.93728732,,
760,6.781918307,45.04316136,16.61301987,30.13550598,,
761,-10.38698013,32.42833063,-10.30253091,34.52067525,,
762,31.97450294,-22.11784167,17.60512447,-13.48722015,,
763,13.98239834,23.14340138,-26.95683864,11.06684756,,
764,14.98163645,14.43094505,-12.82988462,-7.365830647,,
765,3.704683809,-9.928405389,13.61457064,16.15754667,,
766,-20.81513925,8.605137311,-3.51099086,-5.452926775,,
767,24.77658776,-11.29042551,-41.33574516,32.51210043,,
768,6.192267724,-3.795109318,-5.984976122,5.078312813,,
769,-4.060888016,9.10355873,-18.20008884,7.837780031,,
770,-31.66853145,-27.37733269,5.875823049,-7.14959701,,
771,-5.136843882,-17.1808305,1.58554334,25.66570091,,
772,22.83649518,-26.14392749,-27.58819899,13.46074432,,
773,-17.30218594,18.73033121,-20.9775985,7.204945438,,
774,23.06014862,-13.41680723,10.6994248,-32.30458444,,
775,33.11691892,4.29689656,13.829266,-1.822458244,,
776,-22.92754043,-21.51497553,-2.212353491,-23.08670451,,
777,19.25002958,48.54109199,-4.531673611,-13.09508,,
778,-5.911834303,13.83476488,-10.29298696,-3.245868586,,
779,25.76705094,-17.01948962,25.36350841,6.141312915,,
780,0.950413378,-34.41694467,-21.75996377,3.147772391,,
781,7.018338271,32.24814921,32.97305501,-8.782605399,,
782,-9.481301657,15.46627401,-35.32984339,-46.40635088,,
783,21.70098183,-17.10807482,11.11362314,12.78513269,,
784,5.132847671,-13.16178784,6.552917097,22.99807331,,
785,0.418142733,11.0826741,-1.497256469,21.18302124,,
786,12.71277824,2.502743531,-40.27147542,13.56866343,,
787,4.897726175,-33.29656221,61.36796917,22.09842044,,
788,11.94483047,8.891305783,58.12877306,4.635463646,,
789,55.10739241,3.456902745,13.31809735,-5.852464075,,
790,5.294340797,58.17391026,-9.687284344,-18.60200363,,
791,7.227434944,39.59532013,-26.81270857,26.62208248,,
792,6.445326376,42.95442314,0.491803064,29.0392726,,
793,-33.5930464,-22.67789586,37.86957368,17.84129053,,
794,16.72815791,34.12412207,30.16249484,-29.30012524,,
795,-6.253220839,13.83646115,14.05439755,16.30865668,,
796,4.373786366,0.503523054,-3.817179113,1.129370526,,
797,-32.09968847,-12.51045785,-0.948150666,56.22030774,,
798,25.37378637,36.37378637,4.770774859,25.94618348,,
799,-27.41442581,-4.517709926,-10.28274242,2.58557419,,
0,3.805261022,59.54267409,29.65521134,15.35511199,,
1,43.00871974,-0.678345587,73.63359555,35.50822297,,
2,-2.974441291,25.00960269,21.30389129,13.45166957,,
3,-52.49483833,37.7677486,20.61769893,-9.569863171,,
4,-35.02216365,37.13565615,-8.805161421,2.541323562,,
5,8.328757869,12.94488605,-20.51479349,28.67472582,,
6,15.01173235,-4.438948962,20.0511873,27.25957996,,
7,-0.117750406,33.70470232,22.98644592,-22.56843172,,
8,-15.33524824,-9.138102647,35.57339161,-1.195803796,,
9,-29.3448651,17.92921536,55.9195985,-6.316014524,,
10,-7.07349728,-6.788850483,25.35471832,15.2113986,,
11,28.79457935,-14.2631218,1.679177047,0.804196204,,
12,12.42053176,-8.533034259,-3.064185283,-12.32692108,,
13,79.2993387,-7.167936958,-0.804778389,-32.03841622,,
14,23.2710412,35.1679846,-12.32692108,-3.981505964,,
15,-27.8320154,-7.337109713,-13.78558142,46.57002233,,
16,18.77590855,-21.00296388,28.80231801,-29.5871182,,
17,-7.87622979,34.56320596,-26.86542873,-16.95040608,,
18,-9.897326036,-37.3297293,8.881546395,37.63400936,,
19,-18.17127253,-9.072340386,0.013593701,6.997036119,,
20,12.03976581,-8.675441207,-7.464706843,51.14960564,,
21,77.80269398,-42.97745286,21.05754665,21.78710515,,
22,3.140660339,57.29772288,3.864812659,-8.245027175,,
23,-24.46162113,15.45189982,10.04215374,24.70378725,,
24,15.57692084,-31.6044705,26.06206574,-6.665064703,,
25,-3.388805742,-27.83948818,40.33653548,-16.05239852,,
26,-13.1502096,60.03157301,4.36484113,-6.150209603,,
27,38.4544701,34.17403334,-23.27466547,-38.79792299,,
28,-6.278217548,-11.34925214,56.10499588,22.68841486,,
29,-5.569927036,12.42577355,-13.22008119,-5.249149371,,
30,11.5793362,15.8043105,35.2833273,-22.6413387,,
31,-2.205177141,-3.096610885,-18.25791923,-48.93453202,,
32,-7.289181312,9.710818688,24.90266618,33.17553174,,
33,30.47871569,59.60992639,43.97324008,23.23616853,,
34,32.77145548,42.5492896,-35.52128431,15.60992639,,
35,-9.683320453,22.17553174,-1.844849545,28.08457655,,
36,-12.04381164,1.476689199,21.84570427,-10.3593041,,
37,22.78455243,-23.21544757,0.597757082,14.67183031,,
38,35.53073875,36.28271061,34.05337962,6.101363794,,
39,18.83318334,15.75117999,1.90266576,-35.4697882,,
40,-8.530179595,8.262847496,16.34908621,2.400829435,,
41,23.84291284,1.131940752,26.05968377,-11.90418774,,
42,18.29734298,-2.581922822,-22.7371525,-11.66816153,,
43,1.314590723,-0.581922822,25.29734298,18.36633395,,
44,12.43727017,0.530334397,-32.73355072,-23.79329066,,
45,13.54357072,2.679746121,27.69533686,-14.30466314,,
46,23.02597049,32.10166449,48.72189294,13.35484552,,
47,29.72197477,32.56040622,1.941859491,42.25447783,,
48,47.22152317,-10.56691366,30.2018228,8.375698862,,
49,36.81089748,-21.79811191,145.3184199,-27.12518385,,
50,44.39454242,-28.18275963,18.87548466,15.81724037,,
51,4.810704686,14.03820983,2.230320862,-37.33961517,,
52,63.4409404,1.773190546,-22.88481062,-11.80987199,,
53,16.61026437,12.98057585,-21.90117877,23.84675513,,
54,23.02400294,-16.80662243,-30.3864354,-16.64049735,,
55,9.945610251,9.640266577,-10.71803489,2.488549094,,
56,11.55992739,19.23045665,-35.47055121,13.83423482,,
57,12.98662783,-2.921936361,12.90098591,9.895192022,,
58,33.00235078,-10.68335126,-3.852577637,-23.41959773,,
59,13.51311702,-18.41386009,-23.32038144,-7.673840273,,
60,-31.12895206,17.22025999,20.54565397,15.60318439,,
61,-36.28175478,38.95239644,-19.31546712,20.98610878,,
62,0.199270152,-0.27134644,34.90524325,-15.68290698,,
63,-11.52580026,18.25397234,3.871047943,33.62700246,,
64,-18.62224544,-6.175064565,20.97867012,-3.151016349,,
65,1.035940212,40.87117041,10.88255162,15.11832511,,
66,34.78165182,-18.21452636,7.627087596,28.44194878,,
67,3.679242377,49.11517243,-7.038664822,5.794764894,,
68,14.40066885,-5.313147546,36.68685245,-3.169727217,,
69,5.970407862,10.25659147,1.11448524,-75.5986741,,
70,4.257905569,1.828301633,11.11514229,12.11448524,,
71,-1.599988202,-37.45591082,-4.457881974,39.82895868,,
72,38.82054126,61.39303481,33.05372659,-19.14059452,,
73,13.80143213,9.007050416,-5.084335489,8.770292865,,
74,-4.526309936,-45.19892708,22.41491576,10.84199577,,
75,8.626220144,-56.49037252,-4.624889833,21.27644214,,
76,13.66203859,-18.04314099,57.33495666,-36.10465051,,
77,-21.45048665,29.97036631,19.02138204,-42.66504334,,
78,50.20367721,19.07764466,19.30269515,106.0588905,,
79,14.48874806,-10.04623484,-26.68140018,-10.31656552,,
80,-1.205865282,-11.09514866,-10.42729854,-32.20586528,,
81,5.052413469,61.96705414,-10.80316958,10.47474568,,
82,23.50458911,43.39529263,-21.71613407,14.83957928,,
83,79.1262846,-26.8737154,44.79342465,4.904851345,,
84,-19.79124007,38.77059436,16.8700447,-33.85839903,,
85,3.216832772,-6.592339404,-4.608485095,4.61463411,,
86,14.45345075,11.12967943,9.506986358,-30.23648154,,
87,37.52325662,46.95334934,21.94527649,-6.823531455,,
88,-2.910427867,34.24995298,8.819921243,23.97007993,,
89,17.40081721,16.56436143,67.9358624,2.07372877,,
90,8.781379594,26.92922204,46.86830886,26.39876545,,
91,29.0312769,5.215148555,35.01602036,44.21732806,,
92,-27.34160643,34.36503821,-28.37094197,9.511715888,,
93,-8.546955184,76.42370928,50.89307786,8.74640018,,
94,-11.48828411,-16.13625767,-20.42961304,54.68772911,,
95,-2.546955184,50.36503821,3.511715888,-8.429613039,,
96,-5.606146819,31.10754513,-5.72067004,-1.606146819,,
97,26.59219064,-4.350547754,-20.60614682,3.050283519,,
98,6.068638827,26.71721617,43.3929275,-5.156598283,,
99,63.28123363,-11.54260488,20.37553674,11.74030444,,
100,-19.64461954,20.45738044,15.13612331,-0.425362393,,
101,12.88252309,19.0417231,-8.138448329,52.1828088,,
102,37.55652331,-0.044048118,-20.46444811,4.715723313,,
103,11.38538643,40.91192349,-23.65656837,-38.86718319,,
104,-13.72690643,7.152573847,-29.72690643,-1.910975947,,
105,15.77958142,19.51694618,14.45825743,3.042216656,,
106,-44.68809831,3.171553958,-48.92505827,23.66268146,,
107,-21.38578091,-11.52967719,17.16937054,-1.148378429,,
108,63.58785078,8.134102161,13.62971954,7.865359086,,
109,14.10099863,-38.26024722,-14.22714368,20.87412432,,
110,-2.337176922,57.49534801,5.629719544,67.04159939,,
111,33.53721677,-19.82402907,38.31034247,13.50411324,,
112,58.78916285,46.41941553,32.5605924,17.30008705,,
113,-28.4038335,6.596166505,13.41793308,-12.86913323,,
114,1.752002312,15.41908843,31.56416186,12.34655171,,
115,-5.629375941,-6.85794639,26.1101187,3.718522988,,
116,1.420940665,-13.56656367,22.5859528,25.02219023,,
117,24.8009476,-1.990305435,31.2496807,3.414692832,,
118,3.218441531,6.800947599,45.9971989,14.00969457,,
119,-20.591555,21.41469283,46.1934502,19.00344673,,
120,-8.76759522,77.33305717,8.524474979,-10.80556269,,
121,-20.00192399,-2.944182562,-26.85341715,22.87428661,,
122,34.98509745,44.2812772,46.67583538,24.62978619,,
123,24.09378491,2.438653053,-11.14054386,-12.33196167,,
124,20.47853724,12.48180419,15.82515597,-3.476706129,,
125,-2.691113671,-11.52013584,19.4084515,51.13356021,,
126,17.26292145,-41.17321055,59.2596545,-3.954327811,,
127,-6.519829286,0.478537236,6.65429682,30.3939244,,
128,42.99637894,-19.76094744,20.2307878,-33.40294614,,
129,37.31292207,49.67213863,2.109004858,27.71422781,,
130,23.68408541,6.397489661,29.3337566,-14.17789396,,
131,-17.95583432,-4.736761449,43.67990196,-16.83384126,,
132,5.544806888,-12.74520355,50.67865786,23.52249839,,
133,36.48176368,18.79020033,-35.16518268,-36.34365064,,
134,17.91529563,9.140413991,-10.87820404,1.025993007,,
135,8.241296144,55.4197641,-24.95948031,0.43819032,,
136,-35.28165825,-5.32096218,1.24999492,21.54912483,,
137,28.58842876,-39.15174526,2.914861381,-23.47487759,,
138,7.600429966,47.35590549,-30.76200629,-10.10044013,,
139,72.27729764,13.80895081,-35.3482649,21.75764567,,
140,40.67146775,-17.93232691,-10.19112222,-45.99624281,,
141,-40.52285026,28.40035528,59.77006774,5.331686479,,
142,34.53092602,-1.376423389,20.53092602,-42.18154399,,
143,6.988929597,-5.160395889,68.14665061,15.7607436,,
144,-11.06011317,48.67243854,17.7259282,-1.327561458,,
145,-20.11360282,46.56545923,28.913142,43.67243854,,
146,-20.16709248,8.378245421,61.7259282,26.37824542,,
147,-27.24732697,35.93988683,10.40499025,0.207335125,,
148,-9.675128932,0.838588201,6.306581557,31.07258488,,
149,65.90092434,4.054275595,18.02489208,8.192935093,,
150,-0.936559876,71.58630201,7.838588201,18.58630201,,
151,-20.91827037,12.82029869,10.06344012,2.315726312,,
152,34.54437307,21.88522744,26.82257698,10.52684886,,
153,13.516547,17.57919746,-0.82430738,8.02278964,,
154,7.692237128,30.14086823,-15.38793755,-9.307762872,,
155,-20.20502507,8.010528376,19.90275165,-11.07468522,,
156,-7.234094422,-2.515819089,-17.89145198,-16.13256479,,
157,-13.557071,-9.653736998,-15.82484234,-29.62039701,,
158,-54.55381919,-4.076656674,42.17207755,13.61369133,,
159,19.26832078,-16.97434561,7.821407453,-1.995580281,,
160,-7.986993104,25.22033644,24.98277134,-1.064741683,,
161,36.95253578,37.03028436,26.06483928,14.07347801,,
162,-10.93516072,16.96981324,19.0000488,4.857509737,,
163,14.89974884,-2.621668379,25.63018261,-14.28414851,,
164,-10.98483336,-33.87876173,9.076836194,3.034900896,,
165,-9.194109807,0.471884771,4.405285314,4.183287121,,
166,24.97323134,20.02256699,22.04230124,9.148372879,,
167,15.81609972,-26.45803075,-8.841329982,17.07516619,,
168,-19.85600459,17.42386749,15.22677414,-10.86117826,,
169,34.39112859,30.72195077,96.38736185,3.860503068,,
170,-0.161745012,-3.804267884,32.18538478,11.15951642,,
171,4.191052322,-8.482512571,-6.472165231,21.5226611,,
172,24.33965736,-5.646208641,-14.16740964,-7.62642104,,
173,12.02999415,4.83563537,-35.55266261,41.66220302,,
174,-12.41104934,6.61721866,-5.150448841,-9.649035441,,
175,-7.505021022,-21.01208802,-13.25572772,-42.24159372,,
176,-53.68841001,47.28936639,-48.53114722,-11.52259731,,
177,7.194767914,50.86083472,-6.929557243,20.75693049,,
178,-15.27131637,4.239795432,36.21757184,36.49107637,,
179,30.80047819,46.23979543,31.80047819,-22.17729822,,
180,30.84309583,16.86440875,1.003425531,-8.510015744,,
181,-7.226412555,6.399162948,-6.670345442,16.96079969,,
182,22.46867134,15.23883325,1.655883585,12.90703459,,
183,-2.78921123,-4.329349777,-0.484394605,-28.58600015,,
184,20.20989679,13.53329502,-7.764180982,-13.96767575,,
185,-13.87374974,-26.80818003,47.29252515,3.793700461,,
186,17.3623331,-23.66435435,21.61037049,2.583683051,,
187,20.74972435,16.23253067,19.85308404,-24.45719264,,
188,8.476500091,4.767347593,33.62986562,1.83504723,,
189,34.18644961,-26.21900345,33.29079753,10.79779824,,
190,9.435533782,13.1142267,20.90701095,56.93637333,,
191,37.66163275,7.74729864,-0.25270136,5.713448822,,
192,29.77427391,-51.26640427,-12.54067287,26.49476597,,
193,-12.31938387,23.10187943,31.79741133,21.41682621,,
194,-6.511300401,16.68327805,3.929744087,-48.80965402,,
195,19.15485903,-18.08397073,-6.296603767,63.19553722,,
196,23.53974959,1.655048568,4.539749592,8.412510894,,
197,-32.08450418,-5.217712734,-6.338981571,-36.83599664,,
198,-8.604657939,-16.91228158,-52.49888442,23.33760684,,
199,38.1580335,-39.33898157,-7.466220269,3.291242057,,
200,9.108682288,-12.03176442,25.32815843,-11.31828219,,
201,2.291455884,-18.36697254,26.74875944,-5.422026353,,
202,-33.14740772,-23.0036281,30.38748182,15.06192953,,
203,25.22441426,4.071979744,-8.013413151,16.63302746,,
204,19.62106505,24.04491798,20.93144663,13.39991566,,
205,-23.06662226,-29.13354641,-16.68738543,4.977993836,,
206,5.028208586,-7.50769166,8.166602668,8.066712285,,
207,26.2324127,8.282208599,36.34860313,10.36520176,,
208,-31.63503706,-5.803761538,-22.69500065,5.50958393,,
209,26.81902251,9.329873883,-38.31031598,24.34419605,,
210,33.76832764,15.50318917,9.888845131,34.67191365,,
211,32.52910691,20.35425824,4.823803818,-14.4119537,,
212,47.67023302,-11.78408878,-6.970081908,17.21427106,,
213,21.03155825,49.941842,-32.69683277,27.49080052,,
214,-14.42030331,-10.51165972,45.66777278,37.58051677,,
215,-1.774552481,26.35716608,16.73701664,0.256418882,,
216,17.48518289,24.06528305,-10.22274366,-9.650736986,,
217,20.62337922,-27.07038374,-29.94255734,-33.09061744,,
218,-56.93674033,-47.80082045,-10.3748505,42.06730642,,
219,-4.531004077,20.04909608,-39.66894732,0.483159516,,
220,29.30831126,-1.731434599,5.658760117,-9.392586445,,
221,49.55380184,-48.03619308,-2.711345826,28.61350143,,
222,6.288890538,13.78030416,-13.98504814,1.653638472,,
223,48.08870069,-78.73375474,8.091020834,-14.60291645,,
224,22.54279208,41.51108448,-7.962492517,-12.05079781,,
225,18.51854837,7.550031856,1.905886161,7.703197409,,
226,41.637292,55.54882865,-1.79292976,34.56146628,,
227,47.32731345,8.599389774,32.88919574,0.687695067,,
228,32.90334109,27.3800174,55.39680633,-62.67034937,,
229,-16.2349355,-6.557689819,-11.56313213,-6.360050105,,
230,16.6626654,56.61229863,67.98356632,40.25781986,,
231,-4.295045734,5.81231425,11.76572423,21.1343942,,
232,34.35082611,28.84585858,-1.966037023,-17.91649407,,
233,-14.05021491,-10.89480938,21.94978509,1.599228843,,
234,70.63820588,-26.16533029,49.05431609,32.98110063,,
235,10.6134738,26.49356822,46.31864633,18.78803003,,
236,21.99989199,38.99989199,-3.992080256,11.97471856,,
237,-20.15542587,-10.85608573,-9.986109728,5.805281995,,
238,44.15365615,38.62375574,16.75543388,14.98062934,,
239,-1.420028718,22.28591776,-11.26898808,34.8740248,,
240,12.28275253,20.28550533,41.66868616,-22.38024374,,
241,26.76379317,-14.57321056,-5.950885801,-13.57045776,,
242,25.90507729,-7.475350752,23.66868616,-27.66556477,,
243,-4.919713442,48.08028656,6.800471116,-12.92246624,,
244,-31.40680014,22.3504985,-1.678501214,-4.794110403,,
245,-34.66176381,-5.049074076,17.76019025,-16.48835003,,
246,-1.09873733,-34.53032715,25.09844551,-2.818053692,,
247,-2.984846081,-29.8345931,-35.33167365,12.2058896,,
248,28.80483192,3.148470765,6.566425621,33.51380935,,
249,-12.62171818,7.205087513,9.800667733,9.049859349,,
250,-44.17970981,6.210400777,17.05869649,-6.093007798,,
251,6.444719746,0.724232908,-5.616688144,-4.082543413,,
252,6.372707179,16.00160893,16.50073192,12.79255969,,
253,6.765551519,43.31869084,1.742051403,55.71153518,,
254,2.423215463,14.05562527,-28.68306318,-13.99663705,,
255,34.0618652,3.631728099,15.13001564,31.84508419,,
256,11.01558715,4.811660586,20.91362387,-27.05238837,,
257,21.57374626,-6.256314935,21.70969731,28.15153819,,
258,4.253501467,-16.56220478,-40.98441285,18.77767283,,
259,-31.35827821,21.67570955,57.18552595,-20.91643733,,
260,11.50081487,21.17485164,19.38238229,47.68951889,,
261,-16.41896704,9.358586978,24.19938596,42.02793871,,
262,-14.78158454,56.06014051,23.42594611,26.16915977,,
263,-4.637538898,12.83728597,9.82787266,26.98614762,,
264,47.70307341,17.18656605,-24.37162648,49.72391599,,
265,2.723915993,40.06120478,-46.52680654,-31.44921651,,
266,-28.21461555,-17.98198181,16.86897232,18.5527507,,
267,-10.88204777,32.62837352,-9.419397712,5.541807271,,
268,5.906164504,8.927610283,-28.00805238,-25.42326322,,
269,10.43833317,-1.392088499,15.59818256,-13.30630538,,
270,33.22586329,-4.721516219,18.49095367,-36.37064272,,
271,6.284332299,27.60920679,-7.177575443,-9.730893618,,
272,51.77581579,-26.27798728,-25.7353133,-5.600805649,,
273,-13.08503321,31.99102803,1.403837703,-27.95052555,,
274,34.39919435,68.72665607,33.35003464,2.071732627,,
275,51.64595148,4.426095882,-43.86982096,-48.22418421,,
276,1.792098578,-9.207901422,18.9121299,-4.841819128,,
277,-12.97512839,25.98130272,-1.10626882,-15.25919369,,
278,44.84755969,64.97870012,17.42679941,16.39946041,,
279,4.020664855,31.21446773,-5.284231016,15.79327383,,
280,50.09501529,-20.09401738,30.72027446,-4.552264325,,
281,3.856543851,-39.7533439,5.754341807,29.8224765,,
282,29.11038671,2.87523978,-28.49950105,20.36422956,,
283,18.05872698,3.530063866,-0.218345251,-24.23426769,,
284,5.305181962,5.481527768,29.77286468,7.664433303,,
285,18.2046178,1.092404219,1.092404219,-41.92348816,,
286,74.40975618,40.07548264,37.32436425,-1.190807946,,
287,3.023684645,8.552722063,9.091599076,10.52532458,,
288,43.13418485,-10.32581113,6.789785411,-31.7514137,,
289,-5.380256817,4.635744792,16.88174439,-25.62625641,,
290,8.772588709,-19.81781033,-15.24460799,23.96938839,,
291,40.2485863,3.62498895,-19.16101467,25.54259072,,
292,-3.973213288,27.38085663,-2.306665692,27.25572268,,
293,13.97018224,17.94523205,-12.78031591,-12.30426981,,
294,13.21876013,-3.826900397,3.42789223,-2.239239105,,
295,19.44903955,-14.39656148,44.42098807,-14.22465929,,
296,17.21029545,1.703119481,-24.42073889,0.206381287,,
297,8.834806183,23.83350146,-11.29296635,33.45801219,,
298,11.56049064,-3.050198378,-1.039430094,33.00245406,,
299,14.46192636,-7.920086526,64.70572893,6.958664551,,
300,27.10571503,-6.737861797,20.60726835,2.711550466,,
301,-35.23630848,20.92322133,80.0796445,26.34345643,,
302,55.71155047,17.65940941,50.81583258,33.10571503,,
303,29.33296719,-51.59282672,7.48358692,-8.747861558,,
304,4.400871238,1.144965712,13.91268229,4.028824001,,
305,-0.005624747,-9.40129409,-1.459364945,15.85461144,,
306,15.73158824,20.32509225,5.150879685,-6.302860513,,
307,1.37260113,9.819738498,4.778994018,-27.13565296,,
308,2.225387065,-6.530674417,19.76192999,-14.67702013,,
309,2.884290803,9.079563435,-12.14004214,25.93313071,,
310,47.86917215,15.12772415,29.33981066,-7.072104889,,
311,-7.921045656,34.49365853,2.493745538,-28.38432871,,
312,7.563337603,2.075520714,40.73439359,0.026788268,,
313,-34.1437753,13.46587271,13.22196427,46.78287982,,
314,19.96600017,24.6977255,5.648993051,20.42945083,,
315,-15.26560641,47.95393581,25.61207005,23.88034472,,
316,23.0712806,38.4958603,5.205591389,-12.22597383,,
317,18.02103045,-2.286123805,-8.406227767,8.940195104,,
318,6.752378827,25.46466868,9.09292794,16.82686513,,
319,8.814762078,12.20559139,-30.90707206,-3.835144523,,
320,8.914786048,39.9356331,4.226071858,26.33390854,,
321,52.57042895,-6.230433329,7.786102313,22.2052248,,
322,-38.71562722,0.768825966,13.89570699,20.27584696,,
323,18.3489728,-28.72579259,-18.6510272,7.377732673,,
324,29.75579336,9.3907698,38.45461901,2.374807497,,
325,1.968922288,60.39722641,12.00251477,34.84295049,,
326,16.97785933,9.708609587,1.581614299,15.15274153,,
327,-20.44981678,8.707159572,-20.264417,-63.10744065,,
328,-9.165788509,-44.3337846,5.311217846,-63.34277857,,
329,-25.74478085,1.872222245,7.918209536,39.92822094,,
330,25.57398031,7.300389181,38.39813754,46.45319415,,
331,-47.13694072,30.01144051,-4.572417252,1.872726426,,
332,9.981864289,6.790967768,-9.262943599,14.60846522,,
333,35.96867811,30.0702378,-22.17438952,-13.11286433,,
334,19.47899144,11.17601841,-2.745659079,32.56885165,,
335,-46.75727748,6.710724569,11.22139055,10.71072457,,
336,-11.90065781,-7.40016051,3.420948367,29.52848196,,
337,39.92045106,-41.79312422,30.31242017,29.45911364,,
338,34.2146455,-16.1459252,2.764181612,28.23609616,,
339,-5.793235024,10.25086723,27.03440074,39.71981293,,
340,13.42061501,12.78000956,32.24501459,32.26834457,,
341,-1.066978389,32.698118,11.64105173,24.64105173,,
342,45.93637685,48.37395505,16.03789048,47.52622549,,
343,5.939568251,-9.581759145,47.28554153,13.24762168,,
344,-20.32140846,40.54587684,25.84046717,32.20563993,,
345,7.886113763,17.22635068,40.50023025,20.70775247,,
346,-13.40847656,10.36329047,27.16421842,16.70352738,,
347,12.56682505,38.26538754,6.545378273,9.776818097,,
348,27.58497905,-66.00210899,6.032726226,5.055949702,,
349,18.5979458,-6.529783314,34.65600449,4.806957077,,
350,-27.49630312,-29.60080876,-0.932438561,-8.48469138,,
351,5.025633355,18.38927287,-4.701645679,-5.610731464,,
352,5.370281208,-8.06460816,28.98900712,-11.48844113,,
353,15.63642167,15.89901687,13.37599727,11.87095919,,
354,29.31236546,-33.43061455,-10.16508279,-5.492741604,,
355,12.30815416,-14.47992936,-3.231421147,32.94390362,,
356,20.28079852,10.91185323,7.433122073,-7.957583729,,
357,21.09149829,-4.486063891,1.592891604,42.38513024,,
358,-5.473287672,-36.72586953,-22.1763859,14.50971608,,
359,19.11261442,0.071060058,0.633883265,-31.45217544,,
360,28.01152568,-20.2329659,-9.797287797,-24.7972878,,
361,-7.003254638,25.82033549,-9.028895069,16.04084783,,
362,-0.36160969,51.46923746,-16.5748299,1.287288626,,
363,14.2027122,-16.36160969,46.41593241,30.01152568,,
364,-10.95265726,-19.37435722,-10.0008419,-36.57914195,,
365,1.517486772,48.83956024,-2.833652511,-4.85329078,,
366,61.23361131,49.27161534,10.28111635,-2.214133146,,
367,47.53036348,-3.357059382,46.29964058,13.49283777,,
368,-3.056015326,27.7495495,27.01203698,20.00231522,,
369,-6.153232911,34.80788006,27.04120226,36.30368974,,
370,7.089811051,26.99259347,38.07036753,6.700940712,,
371,-36.46432918,-18.81297136,1.963428191,52.02175874,,
372,13.39951302,-6.441952384,11.9655691,-6.13250191,,
373,-3.077990157,-18.08056022,0.603243473,-19.19881258,,
374,8.852260648,3.486399038,28.32024572,3.814653224,,
375,0.584470049,-5.600486982,2.14290741,72.24859714,,
376,-10.92357816,16.08634859,34.80468149,22.60997576,,
377,0.210637548,43.07973076,8.747500395,16.88502502,,
378,16.86835522,30.18068963,4.14744764,-17.0835254,,
379,-22.18870067,13.48899573,26.41857895,8.076421836,,
380,-13.0283246,33.51721124,0.6876353,0.119555097,,
381,34.08370847,37.95756419,-9.164890482,-29.66208839,,
382,17.49076044,-29.11548984,0.282166299,-1.687476476,,
383,13.74444332,9.918773811,0.653371646,38.05493422,,
384,32.93416161,32.38704722,1.141856563,-26.8331463,,
385,20.1668537,36.57550479,20.61973931,-4.694683,,
386,-8.776413219,9.305317,53.24858392,-16.38026069,,
387,-10.16272925,-38.00098278,-8.790457222,4.11583332,,
388,-12.91079837,90.5778466,-34.03523062,30.94205932,,
389,-0.546585649,-24.79090814,27.45341435,-14.03977263,,
390,32.84487914,-30.03068861,54.60509867,-25.64830784,,
391,10.58238861,12.07103358,16.97839541,0.324440091,,
392,0.451348062,75.73396909,1.657900628,-34.55586954,,
393,-35.55586954,16.15429183,8.733969088,13.42969525,,
394,-1.97619228,9.596267378,-49.90734142,-7.059478346,,
395,6.016590115,2.016590115,-33.98340989,11.65790063,,
396,55.00739973,-8.596133091,57.20857734,-57.40673156,,
397,-22.39495548,-7.187889835,45.40386691,-49.18200179,,
398,-0.004376347,4.806222125,-11.39495548,13.40386691,,
399,29.16558591,6.563787098,23.66333739,-0.50407878,,
400,44.07135893,15.23117956,-13.27106251,-8.092945852,,
401,110.7472335,17.92983432,42.79279385,16.33162798,,
402,-4.631779975,-8.453663316,-4.727744244,15.17180734,,
403,-26.35125947,-12.5612689,15.84593127,-5.25907344,,
404,-13.0786061,-6.680285552,43.0566109,-1.167706828,,
405,-23.49055504,13.88260807,36.66981941,11.5325031,,
406,13.67006623,1.898438159,40.41561225,-11.91390462,,
407,-22.89450575,24.37712872,-32.78931348,2.122801824,,
408,-12.72047293,1.106507635,15.61860591,-9.146061477,,
409,28.89271266,-1.057816441,-16.49676412,-6.070970462,,
410,-6.326040964,37.50789964,-0.146061477,-53.46790381,,
411,10.60766836,-24.80095424,2.436447763,-40.83596731,,
412,-21.15530216,-16.95874463,2.435190048,31.44010787,,
413,66.83568183,26.63420648,0.239452163,27.03961609,,
414,24.15107429,-32.97489221,-10.48126353,20.57534839,,
415,-10.96038391,0.436009685,-12.16267889,-23.75644965,,
416,11.5234236,24.5234236,0.989042886,19.51578344,,
417,32.74340085,19.01012334,-12.92298672,45.67483635,,
418,24.48701302,21.89905063,27.0703359,26.77403496,,
419,28.22970539,-0.225927115,21.18480616,5.8901728,,
420,31.76675584,-10.39608414,-15.27696183,-13.42887239,,
421,-10.77641119,39.22358881,26.83233234,17.61484527,,
422,-2.743539718,-19.23316093,43.88596138,2.419300266,,
423,-12.91651475,-8.201440949,13.56020112,25.783806,,
424,16.78786294,-23.28059667,36.33198372,29.4328951,,
425,-22.31304843,11.82387078,-2.058991963,28.63471784,,
426,-31.44996765,15.58604019,-22.41395981,36.84009666,,
427,60.94100804,5.46534686,6.771637056,2.670725684,,
428,3.389103354,54.17847649,-39.50558322,-27.43569265,,
429,9.209304617,-20.68500363,-22.88012194,-19.27850182,,
430,1.479729331,9.800823188,27.68767216,-20.41853044,,
431,5.653469845,26.2477873,-5.636795765,26.00661376,,
432,29.35879238,-6.005649865,3.496566303,-36.36565977,,
433,-23.46168943,4.968562608,36.08809676,19.68172791,,
434,1.324323603,-0.312804696,11.16409225,-31.07435622,,
435,29.9454706,13.26103331,29.25660098,-17.28119772,,
436,-25.99424713,7.366605575,-27.89637889,19.28404747,,
437,19.45823123,6.106268021,-5.937132162,32.5373039,,
438,2.710946656,-0.879867264,-9.141650236,-38.76428591,,
439,76.46703988,-15.12543046,12.63900628,-13.17020317,,
440,2.287808778,12.00194052,-21.64060168,3.216415201,,
441,33.64497263,-17.35492938,42.28780878,-4.426616915,,
442,37.39505369,-4.548675988,6.310648198,3.165149665,,
443,9.042329235,-21.09189394,17.94645554,-5.143997759,,
444,9.540454405,30.3818057,7.427637548,16.62154152,,
445,18.60391389,14.39590781,-47.43839243,2.494622557,,
446,23.31598277,-39.82751591,3.472953623,-6.258011934,,
447,-27.38751586,-19.95458048,-6.833197097,42.86799675,,
448,28.46138641,22.68637255,21.66533743,69.29950565,,
449,44.15481986,-42.29387237,-20.13071156,1.952148899,,
450,-16.29259232,-20.41496293,45.37980601,50.44163134,,
451,72.62454722,15.13634484,25.05220433,18.44163134,,
452,18.54594445,-11.69633858,2.545944447,9.933377345,,
453,-3.194623699,-1.447196023,-27.68947905,-10.32605451,,
454,-11.68604929,12.95052617,7.950526169,3.801946536,,
455,-12.5717673,-1.322624744,9.82595489,7.684234786,,
456,-3.036305463,12.78292159,-19.64271448,-30.13244072,,
457,-6.237625932,10.57010355,13.17651257,-8.322263624,,
458,10.88455655,9.25911806,-44.35218794,-34.46173996,,
459,-13.39485191,-13.05346723,-19.86249179,17.48937726,,
460,0.32828231,-37.26389428,-26.50467662,-41.60663248,,
461,1.495323375,-12.14964822,30.83806157,51.05426348,,
462,20.60956944,85.07884391,-11.36585014,21.78890072,,
463,41.8749322,-3.214733434,-37.37814035,43.86264199,,
464,-3.693439054,44.11149418,29.62004732,35.77267948,,
465,23.66248193,14.42498055,38.78090153,18.12860046,,
466,-13.65499832,-33.1222563,15.22957558,-15.22769399,,
467,51.25590428,90.30656095,-7.430609347,13.84044242,,
468,21.79912734,-14.82250484,8.381000227,5.810244311,,
469,-36.38466794,37.73370481,31.92010027,31.57751938,,
470,5.431876495,31.90087988,29.49386973,7.973990085,,
471,5.442993465,-17.24063196,13.22837142,24.36988326,,
472,-1.607431337,-33.62864328,-19.10008874,22.37951516,,
473,13.9080697,-2.644960152,17.86564582,-21.60253627,,
474,31.6284528,-9.42382801,6.701191318,9.054577743,,
475,17.90761492,32.55507237,-21.6751537,-13.52402338,,
476,-1.511713092,10.52573296,15.07234584,14.16557159,,
477,8.17086406,-3.947036675,67.44895046,33.05296333,,
478,24.27713097,-9.325261596,1.792668594,50.37035672,,
479,-22.72441855,64.22668475,11.92167597,11.44671988,,
480,44.82415678,-28.21620166,7.020642764,-4.298657951,,
481,-21.96883277,-43.05128907,-6.165318752,-14.48461947,,
482,27.62426088,7.138109466,21.173386,-28.29512715,,
483,-14.94778384,17.83468125,-23.20567719,-11.5565513,,
484,50.03352675,25.35507186,72.45352263,22.227371,,
485,58.09661285,-12.67723552,33.48430136,-5.160317507,,
486,-12.99878063,5.645838239,-24.74185027,-16.25571099,,
487,39.83968249,22.00274802,11.968912,-0.224932258,,
488,51.37875425,-7.948283201,26.64049179,49.37875425,,
489,7.584366757,-0.406458361,26.07977932,-11.00440824,,
490,53.61146956,9.947207589,-0.194618971,21.61146956,,
491,15.0144794,10.8461043,16.20120427,9.406816771,,
492,-16.01964701,11.76124408,9.026471829,-8.365627165,,
493,9.670204659,6.856870395,37.8543312,-28.41931942,,
494,-27.70499352,8.026471829,-5.189330185,-3.164617316,,
495,19.0511847,21.0511847,-7.383726231,41.78595695,,
496,15.11069527,-5.584409827,28.32847734,34.41559017,,
497,-0.27951492,63.502703,21.7640415,-5.148845674,,
498,21.63069042,-13.88166145,-26.34460586,12.34981076,,
499,17.33486681,14.61240331,19.10524775,33.75117156,,
500,29.48361822,-80.02209235,-19.79207938,-62.75781591,,
501,-36.83144766,35.69329818,7.927118211,-42.551943,,
502,20.48742528,4.970293543,23.69459594,-10.79588643,,
503,-1.055403159,-4.349287955,27.23328222,-12.19454643,,
504,27.0520046,17.57606134,30.39461292,-32.7439377,,
505,2.379540062,14.29896011,-5.378720095,9.445047154,,
506,-45.17462077,3.727429848,43.5246957,54.21860386,,
507,-33.47179583,-18.15013436,45.76815224,25.24999544,,
508,9.323885367,12.56772955,21.82142304,-17.67611463,,
509,48.50440719,-19.25955311,13.17861066,56.96518138,,
510,21.71919955,-11.15395371,39.33373467,8.913797234,,
511,13.06526723,-39.2955744,8.684726998,-5.661340682,,
512,-4.622347668,9.571993118,-27.59132222,11.02272558,,
513,8.390044769,-29.68024063,-46.84074445,4.523797957,,
514,67.65718693,15.56688739,20.60300721,23.50187172,,
515,-0.624819682,33.96987136,-5.73099882,-0.113331586,,
516,-5.430221865,-25.73584172,-9.703143354,46.87112523,,
517,10.69845822,19.46507127,26.18738286,46.97965795,,
518,-21.70053252,22.81474847,13.84531046,-10.72895813,,
519,35.71831531,-24.67044499,-2.251122708,-44.0677508,,
520,13.76247684,-4.872983856,9.230566365,-10.60206246,,
521,21.66885894,-5.602062459,-3.444623599,3.678791255,,
522,-28.10417599,-6.173702202,26.48162313,10.92984802,,
523,6.555376401,0.210701732,22.23056637,18.47169081,,
524,9.815858086,-1.831120102,21.25834488,39.59064339,,
525,24.43727485,29.45005556,0.662489542,47.80307737,,
526,-61.00521195,4.628985529,1.160937309,-11.05633479,,
527,11.43727485,0.092195626,12.24556417,-50.5116023,,
528,-8.692284016,26.99270112,28.18056038,-39.55363188,,
529,0.452116387,-14.89738809,3.247012318,-4.99005408,,
530,-46.61433555,12.31346425,6.440619852,-19.07375082,,
531,56.01974373,-22.80312278,14.4256578,11.89797528,,
532,-4.081908135,-11.14082214,44.68972881,2.488999512,,
533,-45.87964079,10.4629038,5.45925732,31.08907897,,
534,-49.02664061,21.54791351,-6.908812603,14.63446128,,
535,8.857671892,10.62276258,-20.91818301,27.22407092,,
536,19.20960489,41.88376903,-12.23503255,-8.368250082,,
537,5.81470081,21.92946048,-38.3082398,-15.72626052,,
538,24.70941685,44.91012425,49.95985897,-47.34031788,,
539,90.48728617,-18.65717757,3.62050371,-29.60902299,,
540,55.08889144,1.758995901,-14.12404631,12.45042924,,
541,36.77092878,-16.01556195,33.34915602,12.25500211,,
542,18.66691463,9.750369329,-2.124448621,2.459734277,,
543,79.06822212,62.05229325,0.464285648,-21.36652581,,
544,-29.18264654,30.92629918,44.91114865,-26.22954413,,
545,61.39527512,-23.04195376,-4.807465793,-9.651622476,,
546,8.18109545,8.961758019,39.75757113,12.25829412,,
547,0.696524698,-6.865955126,-2.188103103,-24.42843495,,
548,10.76571438,29.16716267,4.756059147,-0.624871763,,
549,-44.824389,6.174404094,-3.026320049,11.76692129,,
550,-20.03114767,-3.242733948,9.764507478,23.57585238,,
551,54.365473,25.55654191,-3.037182188,30.37512824,,
552,-2.468603076,-6.877866992,26.65916581,-3.737119478,,
553,-5.200086674,-30.62971292,-31.52230636,59.17583629,,
554,34.94804454,37.00174782,-33.62232922,32.75359374,,
555,-1.646522158,-18.86775026,-5.941492955,0.181411544,,
556,-11.42493695,17.44341393,19.95511639,8.948733227,,
557,71.51703632,-8.456524356,-11.8061364,22.28126661,,
558,-8.595181135,-2.983235062,-5.625389295,2.194047699,,
559,-7.187171341,54.19075427,4.689690415,9.704584458,,
560,30.77858588,46.35124941,-9.25306617,13.78866006,,
561,3.073596063,28.54265877,-10.43719287,0.739786222,,
562,9.476428095,28.21599654,-13.48184567,-11.17968789,,
563,25.38596308,3.354311028,-18.94784676,-5.552162335,,
564,13.76245928,-6.739920823,-28.74787518,27.12335116,,
565,-13.43477151,29.98017275,-8.945105966,-8.849715768,,
566,17.24460722,-2.225251888,8.338043319,-5.099331122,,
567,7.549669867,33.15227116,42.15290562,5.953095958,,
568,28.1342778,11.56324758,32.07829445,-18.65298545,,
569,49.36728434,-34.71109235,17.8487412,-23.84545241,,
570,16.23854411,-14.14563898,49.7088043,-22.23521234,,
571,42.34701455,11.84316435,19.61923093,-15.79854217,,
572,-30.89249152,3.219609189,-2.193167993,17.0132206,,
573,54.4349042,5.676918459,-26.87467869,-19.21988725,,
574,16.49724912,35.45271703,-28.46190151,42.22851561,,
575,-4.025748864,34.55130086,-9.582841825,9.964272754,,
576,-4.153451433,6.294101366,-2.224457648,-23.67201045,,
577,32.13971626,-26.63812226,3.608784572,15.18597712,,
578,5.07876049,-50.68549434,7.148717247,-23.14404723,,
579,2.743008023,-9.761096346,36.07418839,5.308073254,,
580,-1.201196724,-9.201196724,8.807042797,20.40436701,,
581,-14.41165707,15.66134566,7.509554939,-26.94003196,,
582,-4.918691812,19.71407908,27.10004006,6.740838901,,
583,-11.7612561,5.753430991,5.292064466,33.91610659,,
584,6.456520535,4.879652369,-19.5054023,-21.57592428,,
585,8.738608424,-25.37705075,36.16737261,-8.588616663,,
586,15.04608109,22.18712503,34.30841655,6.257647005,,
587,9.776685586,20.257647,-0.402435521,0.648334029,,
588,-22.63823183,23.4080602,16.09760419,26.23648028,,
589,-11.44409587,4.382710912,12.24819321,3.209759585,,
590,23.37374422,-30.4770158,20.3976963,-16.08595178,,
591,12.89460252,37.40740915,-5.431900615,31.72366697,,
592,7.045500291,-34.39706657,-3.72172965,-10.62679911,,
593,37.29059616,56.01187959,-11.89318988,-4.384740769,,
594,37.03695321,11.01897967,21.13766605,51.11969251,,
595,18.09238997,41.64678559,13.25624027,-12.58294695,,
596,-17.07375052,13.41502204,52.39256718,43.06337586,,
597,-20.27202848,57.03470798,18.38635416,-37.50518733,,
598,-11.48314096,10.92382582,12.01992216,-2.39929711,,
599,14.33523142,0.085830723,-31.35803212,32.3987802,,
600,36.10190253,6.125081102,30.09031324,35.0439561,,
601,26.51570318,30.82568985,-11.17004919,42.01783366,,
602,-13.02557962,-9.867192707,11.06713467,13.13667039,,
603,23.17916444,-19.80924628,11.15984896,21.17916444,,
604,4.502466829,31.49942496,-0.626715748,45.00094589,,
605,-13.44586014,35.19851239,-8.271088281,6.826174032,,
606,-32.83123206,32.77191966,52.83531445,-5.982200232,,
607,37.47663031,-13.97321759,-7.423065499,-26.4230655,,
608,-10.44618901,12.53290237,-0.555144762,-9.050672815,,
609,-15.31783505,40.00903222,9.385150205,53.54335668,,
610,-12.76538556,-12.89373952,-17.76538556,20.53162919,,
611,6.45530955,-29.05961671,1.14784049,-16.37754008,,
612,46.58342862,17.32164552,22.89980729,40.26704995,,
613,19.05854248,-26.77055219,-2.519619295,1.702150028,,
614,-10.49787182,36.80290735,45.82374437,12.01254669,,
615,23.55156703,9.198906158,-13.94656718,-5.6193383,,
616,-2.361501296,6.751997285,6.60198727,21.43612014,,
617,22.81867695,11.21528152,-2.248802837,37.48955217,,
618,6.869460146,18.23770585,12.47659585,22.31072872,,
619,46.59519393,20.34143559,8.679780046,-1.290379332,,
620,-2.753009332,-8.699882354,2.795829918,-10.98308672,,
621,-28.0096502,10.04347677,-25.08034665,0.81339939,,
622,20.37980811,-51.16003712,28.28254817,26.30911166,,
623,3.928647362,37.64502444,14.14073671,3.946216834,,
624,14.02717713,55.09636568,16.04604674,-2.916214059,,
625,29.70374689,-0.25399158,32.54883533,-24.30328485,,
626,59.37418634,-38.58882654,-14.84815108,23.26306947,,
627,25.99992104,11.98734131,11.02927376,19.01040415,,
628,-4.086786527,4.220903777,-10.24762997,-22.47140592,,
629,-9.492387762,31.47264684,-6.737145557,-8.268611812,,
630,-11.00987046,20.99712783,30.31880169,-16.07980126,,
631,7.297819842,4.682439234,10.47264684,57.56355948,,
632,39.60590739,-1.885696864,-18.26030425,16.27484916,,
633,9.383971183,13.78091362,-18.04909833,-8.337659519,,
634,22.22758413,-11.26118042,9.575898067,-24.12260487,,
635,53.3283645,5.639490368,29.00727245,20.03403012,,
636,22.44746713,-21.32344449,-30.3335916,43.64273182,,
637,49.46099661,-2.121415074,35.04679066,-30.51194444,,
638,52.93774871,10.10301354,10.5166682,-54.66541867,,
639,13.84476124,31.89549677,-14.32682686,1.659643662,,
640,37.24750121,24.62454934,-7.357592374,-13.45185441,,
641,17.2436964,57.74047447,12.80546378,0.526482492,,
642,-14.68750949,-25.79962981,5.599081423,18.80926859,,
643,11.82160997,-5.760516066,-19.60643299,-16.20920665,,
644,17.77562921,-0.331000292,9.202147229,-3.671056035,,
645,19.51576833,-20.10115526,31.51459699,15.83891877,,
646,-9.884315044,5.055183263,-12.88431504,12.92259318,,
647,-10.69122327,14.00905545,-4.371334754,-5.26470525,,
648,17.29726508,-6.929921906,-4.044458597,-33.51535282,,
649,-33.24049145,37.50903695,-8.053109354,-16.09291424,,
650,-4.917932218,16.31927187,-31.16537304,38.11312983,,
651,35.15456581,6.831248803,15.70019185,-39.47066999,,
652,-5.572338118,16.5759565,-9.449785927,-15.90138105,,
653,-4.296754439,-3.353028375,21.30088016,-25.78184117,,
654,28.28722171,-7.448558272,17.86272622,-35.59011778,,
655,29.1825575,-5.643405449,3.305109691,28.34372334,,
656,-19.09948668,-37.58680295,67.33709469,-20.25169138,,
657,-24.66290531,-44.29240992,-13.12485413,9.58075283,,
658,23.54253614,-0.330626604,12.00448497,-33.82795925,,
659,37.53775254,35.08133101,-17.93496975,15.91832333,,
660,-1.541826495,-2.416800293,43.95817967,4.833116477,,
661,9.208158092,11.08316888,14.95822899,26.4582105,,
662,-28.91611596,32.70889175,31.33396111,58.08393336,,
663,-2.282859071,-25.99488095,-11.05887609,-14.97406734,,
664,-38.15827739,6.587490088,-8.575226223,27.00443892,,
665,3.665130679,9.344129881,12.54231037,12.03707911,,
666,-17.61759831,17.21968538,25.34680164,-20.81930069,,
667,11.24223882,-19.44845329,-1.404610786,-14.30671105,,
668,15.40993688,1.186793979,-42.4470228,8.501482683,,
669,2.284061397,4.524369134,3.490039457,15.3298343,,
670,4.295733514,36.59255106,-6.240438601,20.85850058,,
671,28.31266946,-35.55001183,22.09524817,-41.48707409,,
672,-1.435809302,16.97533851,21.41205745,81.37140235,,
673,64.15304288,36.70123997,30.11763136,36.3104197,,
674,17.41205745,16.13271533,23.20878196,-2.100728111,,
675,-18.96367884,43.79763414,42.54910672,35.67107202,,
676,-14.23484469,14.1378614,-6.896160247,-7.930181891,,
677,-39.87895793,19.91729521,20.61263241,31.81561328,,
678,5.798793956,22.32440594,-41.89616025,61.12104207,,
679,24.81973758,36.85592428,74.2969101,48.92051577,,
680,16.71168795,-33.39203413,16.50158193,-14.76437792,,
681,19.29413776,-38.131398,5.818071889,-0.764377922,,
682,5.081369881,13.45105181,-25.39469599,9.812748176,,
683,65.80764091,42.59255748,-1.418886058,2.796197366,,
684,23.50863318,-21.55961849,-6.972201937,-19.9277253,,
685,21.36905641,-7.78814853,11.98332143,-48.42926202,,
686,-48.31346028,-0.927725303,40.09604973,14.96261983,,
687,31.28317657,-37.78814853,53.62136148,56.11982477,,
688,-5.389511421,-16.82277837,40.55357332,17.68703941,,
689,37.26946254,42.23443827,11.81161811,0.840143315,,
690,18.98684027,17.0152979,29.31068772,57.9058784,,
691,4.847550996,-14.13952743,2.398878984,24.18746455,,
692,-14.09983975,1.471928865,32.23905235,-11.18500997,,
693,13.50676581,31.04469348,-24.89754748,11.5248621,,
694,-14.09150161,46.56543723,10.26406678,-8.540578353,,
695,39.09925954,-83.01134913,30.51779664,-20.91268925,,
696,1.260409247,-36.88933865,8.549929056,-3.172756018,,
697,-42.05410457,24.75565934,37.40347047,4.986383629,,
698,-10.20645746,-11.20645746,18.59861668,12.22203101,,
699,-10.80836226,26.02968496,-2.369094553,9.549929056,,
700,5.067971437,52.87962984,46.60907704,69.6569154,,
701,14.17516827,18.38610347,-18.35216974,-0.459579542,,
702,-18.43876132,22.71520743,-49.28479257,6.317616908,,
703,32.85571066,37.72566109,3.739126608,-0.260873392,,
704,-18.62396619,25.41290649,1.733948934,2.053362562,,
705,21.77082161,23.4931671,28.73232012,36.17212466,,
706,-7.784178595,3.401415507,-34.41299039,14.85501698,,
707,-4.665725304,24.81258073,-18.82624652,-55.06539954,,
708,17.3875392,-1.461463006,-5.724988422,20.06702926,,
709,-24.93297074,9.105499422,29.82201821,28.48155247,,
710,37.4943011,-24.67521105,-19.42875857,28.38177348,,
711,-16.06545417,35.76503368,-22.80048732,-14.25348069,,
712,10.7818058,-5.218194205,-12.90971161,-1.289028948,,
713,43.96261012,-4.672063756,19.49103189,10.98031881,,
714,7.310227558,-21.27132026,-23.54438549,19.76409711,,
715,31.35786753,-19.80163833,22.19836167,31.43967935,,
716,-26.27733038,28.98539493,30.35540214,39.56448649,,
717,52.30116481,-1.05835988,32.53688699,52.94164012,,
718,0.669028668,-31.9100629,-20.9100629,-26.38187255,,
719,26.97871266,-13.85191077,1.787316234,1.827035623,,
720,-7.739347605,1.566829629,28.83314323,-15.97631667,,
721,21.55544002,19.31847096,-2.444559981,-44.39243622,,
722,-10.85760788,27.55758269,-11.79621495,-16.20343001,,
723,28.03815621,11.56421809,-7.447171521,16.2116119,,
724,-16.08337236,-23.47628994,44.58324918,-37.03579522,,
725,-3.689710087,33.40551189,-26.48737185,19.72692837,,
726,-9.523867082,21.03570589,-35.821495,12.53567204,,
727,0.226149842,-13.50007851,45.6427883,7.238044127,,
728,-5.711254638,37.93852234,-7.003107156,-36.24429061,,
729,-14.23658917,-5.039993845,23.10593241,30.31022918,,
730,30.99253866,34.70201413,-20.29798587,-2.158335563,,
731,-8.003107156,11.40548637,3.347115866,-10.33184636,,
732,33.69080294,15.90851812,50.23509088,-30.80367802,,
733,29.90726591,16.80765193,-3.280923966,3.184031689,,
734,39.88958595,-39.29850857,23.67054034,-31.45088927,,
735,45.76089163,11.87899282,-30.47710525,15.61147065,,
736,-17.8162841,1.614774774,10.40287547,-19.8162841,,
737,-13.47054077,32.81905148,8.273738841,53.09338933,,
738,17.55816982,-2.597124531,32.24032086,-36.62905714,,
739,-36.46650253,16.07050599,-5.222670617,5.289665557,,
740,-1.916238292,45.9151928,2.037462076,15.77107774,,
741,-25.20707648,14.84183123,20.18157713,20.84183123,,
742,-35.78304913,48.05369819,20.71879468,25.91564,,
743,14.13266942,18.81737738,27.2549387,26.13266942,,
744,21.59597141,-2.663026556,8.769763238,19.63534283,,
745,28.55894527,48.17657147,49.27125384,16.40599575,,
746,31.41470291,85.84749271,-2.41150526,-25.43119097,,
747,21.21239589,-37.06628779,9.789448946,-8.190865346,,
748,25.51659057,5.487301605,52.19650581,42.01031527,,
749,31.37638945,-12.69473909,-14.18636991,-1.853734537,,
750,-25.91683767,4.088244836,-7.318221366,-28.84201063,,
751,0.255083741,-3.598471423,28.79274189,3.822030854,,
752,44.52071472,2.767429743,10.65027666,-16.93621981,,
753,18.39370196,-22.4767361,4.628008122,3.523263895,,
754,-8.145708264,-28.3621322,29.95903596,23.21195541,,
755,20.81706517,-21.51030742,-44.64607379,1.637867803,,
756,-14.04902207,-21.48935443,-5.140789411,11.80407473,,
757,43.89854363,27.40595812,37.61188972,-44.24149462,,
758,21.32711088,0.006113792,12.41887823,-10.95725472,,
759,-8.305819736,33.44644615,23.47401408,-3.461786499,,
760,2.166131253,-5.978145402,27.91471701,6.853277692,,
761,10.50756467,23.19899071,-13.63243238,-12.63243238,,
762,12.466146,13.92327622,21.91899661,15.88185755,,
763,-1.798256488,25.03662108,3.313788554,27.76871903,,
764,-20.36481051,-7.450060011,-14.47001039,0.364938569,,
765,-7.034784944,5.629665014,-9.817735043,-4.929585057,,
766,10.74703951,25.60858898,3.615239109,-10.279561,,
767,31.59528873,-35.70036055,19.83893914,-1.266260749,,
768,13.07487852,-13.2507298,31.11582099,-11.6172806,,
769,19.0659948,-5.083483785,22.28306701,20.65850153,,
770,14.699444,-21.40020839,16.64961781,40.81686383,,
771,8.82912584,-32.69551088,5.644392243,21.80941646,,
772,-8.487910664,40.04646796,3.979950624,21.93560573,,
773,-3.48544404,41.93807236,-0.15061743,55.07110703,,
774,-9.620945342,31.42339955,-9.751740104,-32.0843268,,
775,-44.54332577,4.548252334,-18.81819081,9.777262961,,
776,-1.632754764,-48.75009476,13.36724524,-17.71098143,,
777,14.14234358,16.3281319,13.75837855,-25.88699142,,
778,29.66308379,17.30372667,-27.28984444,28.25703652,,
779,9.191235245,-20.86743475,-9.828321421,12.24012691,,
780,-1.838703897,-3.64893907,3.459565588,36.83767534,,
781,-15.91727339,10.16441375,8.27706734,32.72501158,,
782,-3.263936814,28.65527632,-41.42598385,30.84409454,,
783,4.053738049,14.675155,-5.594923392,21.13452492,,
784,-26.94565409,-10.10783147,50.8185539,-27.0880883,,
785,20.42537956,60.68091473,-10.85469382,41.0298077,,
786,0.145306181,37.54327557,-23.64583754,13.03220523,,
787,-30.07845334,4.484727572,-2.360825196,-11.84834529,,
788,24.96106894,15.95313106,58.90153486,4.467022344,,
789,35.40748827,40.86978335,42.83009396,23.45908447,,
790,7.66546927,66.58212156,75.19920525,30.05632346,,
791,-17.54052333,14.5349122,-4.219443145,-4.493615707,,
792,-13.98426569,13.41336844,-11.52644686,10.63260678,,
793,29.6691327,-3.475414353,-2.873048475,-16.391052,,
794,31.94104302,51.63744232,24.94587855,4.398861842,,
795,4.249479256,18.10009667,-18.83004757,32.30966396,,
796,6.101641892,22.62058134,-20.81670835,-11.85753323,,
797,-6.572367079,14.27922496,54.78408193,17.24940842,,
798,4.661406213,23.25904942,-18.49894731,5.183291648,,
799,22.11007247,37.00708966,-43.68103378,-15.83141347,,
MEAN,8.053326977,7.828271846,8.058345416,6.029346342,,7.492322645
STDERR,0.624242735,0.651507778,0.617751567,0.639699149,,0.633300307
,TS,EG,EF,ED,,
