,Thompson Sampling,Epsilon First
0,-3.417041080716771,43.83638167973938
1,21.137689028882424,-12.620252455386343
2,-11.503255510559528,-14.051829972607962
3,32.85525719453138,-7.094730262693249
4,-19.528888516981795,-11.330009405149937
5,23.41212766340997,-31.644011938191497
6,19.091808245049652,32.214984885234735
7,29.47553458800808,-5.678307881956274
8,-3.0735862935813154,4.1022211489446665
9,10.162702542626546,6.39335464031775
10,14.122381613505324,-40.58648489512246
11,19.986895100099574,11.508680689163265
12,62.63486864717366,24.468862687660547
13,21.644666456055095,15.806181771071032
14,0.6139277290574534,26.042674849333544
15,5.117011009530405,8.082015388025066
16,-14.958983117816326,35.67380227346846
17,66.84407613204581,-2.760219736495449
18,-13.235315577230088,1.103903325520782
19,0.5570396310023193,18.952770010900302
20,16.498953849525883,-24.011984306914947
21,-24.664952460072673,32.578397061931014
22,-6.814361207119661,-1.4042759201692872
23,9.167845119187477,-5.58002270708558
24,68.00715033918947,35.22001653545722
25,54.725076088688574,8.886073404404655
26,9.763926823550802,-9.658554187077598
27,-34.87142038335057,-39.472629946223094
28,28.11265969292075,-22.065543914387618
29,-28.113352393525656,13.156347875537751
30,-2.7963186313408532,12.429489181738433
31,45.311832157800225,32.531037296562765
32,57.23408521991598,39.53835631805723
33,20.67263504468083,-76.79600506665645
34,59.06531266986044,27.265590314886232
35,-25.193944952608323,-20.737127881759
36,4.222477989095021,22.516360496706476
37,-13.669860098210576,-5.916137734686105
38,1.0714074073461215,-23.186166143478896
39,-25.75944034120473,0.7089871741840261
40,4.907538162554482,-17.640920303573477
41,8.946721011481387,-19.836701751993758
42,15.086057599184242,-1.6908796959202013
43,-8.23423983358844,-9.050851228058884
44,18.901747786534393,2.347568786387705
45,-12.980888663531706,22.86786976367018
46,12.480449247446629,-25.15475602183882
47,-29.341335997670193,-3.934325202256564
48,47.41408318270259,9.554857863948442
49,2.1157241474959037,22.88184382589909
50,27.388316014092556,8.56326270031003
51,-10.968976656494318,6.2851257554812
52,-22.768845188624066,-14.935739316222058
53,40.06771486990273,30.56875895945269
54,7.997740583902978,-10.115197636839369
55,18.281320209242246,-4.953991837120162
56,-0.31090439884273885,24.641841367007178
57,22.358677410790584,-2.3560736703883762
58,-3.427872823687946,16.315620095041304
59,55.22832429050972,79.23822050381979
60,-34.39307692199446,-20.214928270995596
61,33.77139080810809,16.563461561089426
62,41.5414419694373,-26.462923437800285
63,1.3514689444733556,-23.17737150255634
64,-30.58419527265329,-17.165239119172714
65,6.0624828091383876,29.66995092214954
66,-2.380725934091635,8.868852957857133
67,19.233487470850083,18.949463264525985
68,-22.166006682756283,-5.455928679852164
69,63.41792851465294,15.066389816651656
70,-37.00952943937745,11.373942446511014
71,-8.840585076703542,25.61697874565361
72,14.756469247658409,2.0957999860093475
73,59.68856941365363,1.1518666909071291
74,1.1535402138049593,-30.925466557366846
75,-33.58955558228904,10.78450260010625
76,7.987121408184837,-33.05732778403484
77,28.264516207916348,16.11240375900648
78,-0.8723979175475631,10.543546860939731
79,27.56976517805237,-10.26767663482447
80,27.71188163931375,33.21297985070799
81,0.4517673408513495,-56.26232277661187
82,-18.00732551296051,-4.113898836792637
83,19.47532853704994,36.77848777557982
84,14.3061869336317,18.582664826741834
85,40.47525544606995,7.436938965110356
86,2.257965148816117,-24.56640869461045
87,-7.0584291720583465,31.405154649802405
88,-4.067124928164589,18.924508764296657
89,1.9629421841683399,-5.919113428278184
90,28.567981412892976,29.370863775226926
91,-14.604000171948176,-6.013123000712115
92,42.066657908003876,-20.30965187355873
93,21.67022009618293,25.207629412851226
94,17.19778494407384,2.086169699832665
95,-35.830982157043486,3.637143660427803
96,10.353381191636018,-34.73360476577026
97,12.851991410203361,-13.530318667021191
98,13.482793614957167,3.1172341053972907
99,60.703680419408016,9.106527329063354
100,-33.327950341294056,3.0689763699754047
101,18.806042491810494,30.333230159525932
102,5.023124176566219,48.87191656188945
103,-21.68528923715586,8.376392457890953
104,9.10766087632667,22.07916352667485
105,-29.813972161623052,-0.3584687144210572
106,21.073285775549518,10.416846759241505
107,26.512053886006747,-8.219295224902007
108,-27.339691574701916,45.9339742871759
109,-37.7763580720091,-44.92435891785928
110,42.122005449995505,-9.75857471329583
111,-11.857043588348755,-11.012803187699234
112,2.996794342298144,2.488847647575464
113,61.798113556539775,-13.465810890583956
114,12.533420770516,2.1714932255198147
115,19.355128278752492,-6.395595537789831
116,-3.367931115956484,5.358100265840894
117,-35.408344861534154,-16.397054939483112
118,-15.469864498297015,17.265291492757065
119,49.020767194435564,-25.659169351213908
120,23.863043312719,3.538444152738216
121,-2.7034531835126403,15.307191440538634
122,64.11921898317175,33.429276282982265
123,10.747427857519273,1.0690911755713155
124,-21.67903225471061,-8.885554570316744
125,-6.47510767839173,-1.5412311740996936
126,47.45882381709043,-13.729597472727846
127,62.20787446395098,-10.935951423402196
128,18.13770794100838,-9.37265637788811
129,-31.66631946907735,-7.569131645654723
130,-12.09652030323795,12.549790171265524
131,16.89360221639144,31.89381627915294
132,-1.7307026760070625,-42.615703554624204
133,20.335594597507953,-28.79737805807968
134,3.923520719756679,46.593055459451
135,45.537838267759824,24.841670235132757
136,-7.940138623062278,27.72607779540331
137,14.484064228174763,14.595506591049269
138,39.96357864017582,-5.0939754055459865
139,-33.545559535670066,-6.281223307361273
140,-4.499595406851984,-31.334912720539606
141,-7.723321855925064,-12.088001249048274
142,51.370679945020385,-22.752898844274885
143,4.278386013062181,31.020215027750943
144,37.631338753686265,42.48896564625202
145,-21.09865548631373,-15.887320693518758
146,28.874782998855856,-2.239494641576144
147,4.571079383506302,-17.32202112166368
148,9.316334561988548,44.032865901871894
149,77.37165501573111,1.7814754206855947
150,-10.336458771308608,11.247813750056428
151,16.358222819190992,32.57465163669984
152,57.722342438951806,-8.145406175486944
153,8.26282117303438,8.920135254041401
154,-19.04089363703006,8.025091823269044
155,19.429815783042624,-7.267184804058573
156,-25.776761479881177,11.617785412033047
157,-47.00996831149579,-14.330153323508002
158,23.44852314899079,-46.59521402252801
159,24.75682485689314,25.993992789876035
160,38.83338802666786,15.827034885059717
161,-36.13371940230069,23.000200317383094
162,4.857330194763099,19.644738768651596
163,1.0654536837484194,30.38319357326134
164,21.388625850471264,6.117493278341417
165,3.137342790991115,70.35472878660902
166,-12.871009549220952,21.659482406110886
167,5.999332594771469,-22.865550866577703
168,40.16781432695834,12.51701260735641
169,1.5588067107273726,-29.31132933564144
170,9.587607835639052,7.452988591698189
171,-1.683636648724569,4.293343107110788
172,-18.753857924403615,3.717833975557773
173,15.48632158417129,4.718644699602125
174,24.32757433025819,42.69882106822451
175,8.685723222257906,1.9468569699352023
176,-39.02412610990739,26.034531448545742
177,-3.313736566439175,7.594528898185321
178,-9.074886045163897,25.075053463072155
179,55.92357344974638,-19.26143612609338
180,16.568927596205647,-23.900678907351487
181,6.404076651775534,16.663256602964797
182,14.39867490414925,12.558033262779357
183,3.1847540402152887,-31.780970406339094
184,0.003721981890462356,-6.02644589155182
185,-10.525328725973326,2.5751776145544065
186,7.047874254690658,50.59422150847774
187,31.08216385416742,-9.695923642889014
188,3.690953767092007,38.97243896213258
189,-13.120782577444258,-26.983261258032186
190,49.36704818433529,1.7488810456965909
191,11.615763157487663,-31.207673495351624
192,25.43381076338419,6.446084079181412
193,-18.480431693730385,-22.868998889113566
194,-10.249402562125853,-2.7119481002637094
195,1.9577006160015344,40.96947704880686
196,4.019497925871126,29.321396074413585
197,40.23277155298219,4.398691891866026
198,-7.991028733944704,12.389123891586802
199,30.50904097370089,-32.810939174611654
200,-1.6571458623310542,-30.532120119409345
201,-3.776087090292666,-19.303463650740042
202,-32.75749893329044,-2.16472213996712
203,7.526984118812548,40.88750887152935
204,2.411053736313616,21.100157787842708
205,-4.542270062061979,41.532348337516865
206,31.575743152853047,10.732423491994824
207,-0.8970716786389192,-39.453186724039895
208,5.2339807070050846,26.336986333969712
209,15.741554422151403,36.50165021516904
210,50.87662015838258,-19.080063070348288
211,21.172874134038416,26.91388929974174
212,17.01976638821053,8.65284171092691
213,-9.802865186001455,32.59391524406803
214,41.07676055449712,8.64343161792996
215,-24.34463633327983,-14.891677605829893
216,4.967317106129362,0.6384500910228812
217,19.6980278390881,-5.9631155968392955
218,12.904072965780154,17.726155814426775
219,15.635918215499819,-1.4459338349933362
220,71.58309548764825,7.505157143098741
221,5.934027947979688,-2.6540141087112823
222,6.479629449490046,-46.71575608472881
223,-15.668332383117068,51.75344727988054
224,12.227654126741061,34.7524381746578
225,-12.612445574428031,-5.670464648359018
226,-23.868772992100517,16.456049513637065
227,-8.623799132485766,41.730190394135654
228,5.160569241548572,26.076909089539072
229,-4.119729579610927,21.26545009164559
230,0.09573618792513772,8.601136334538209
231,11.779803614124985,-5.16429731951337
232,8.241066273945926,11.135918425318437
233,-20.937500356483568,-22.338331252864688
234,1.6616687471339904,25.928504343848044
235,2.1561304941553727,-17.747544766907698
236,-12.916721568551779,2.150742458810203
237,22.916600489472685,-4.010494823876058
238,14.090991212382969,-2.281942184056776
239,-14.083399510526768,-5.849257541188939
240,-45.977252273205956,11.46165419458595
241,-9.246026861251476,53.17242572254048
242,-11.624247082410623,41.44360075309025
243,7.176985259711418,4.3596060801968735
244,40.032857643078955,-13.55591510671967
245,-52.73615654843691,-13.16878404162604
246,20.106883540557646,21.641986048164757
247,2.301508341104285,35.65185503078845
248,45.00011496546152,30.565084515708996
249,25.829525388618062,-2.5055359616306623
250,68.20709144288026,51.3628195403721
251,10.485267782879621,-6.499667806274614
252,-25.724547438849648,20.451885079474927
253,12.669937656352161,31.096542009594877
254,27.809517804092025,40.40403770121207
255,-18.853132578907843,27.21574471038401
256,10.930855855312604,22.4783040706041
257,11.067034304314907,-4.967326590332721
258,44.778668246581994,30.60112997510147
259,-4.469979039965256,17.69776444924967
260,3.5693570093967106,32.7454732643273
261,-8.236568603917934,28.75870557193493
262,6.758390516993118,6.524550907453865
263,50.85169593558082,-10.033057864450665
264,-12.030063498131732,10.280966148878997
265,-9.649673321046418,-11.169426442057636
266,-7.734983534278386,-27.367093269762805
267,63.11593015317877,16.556150252372316
268,5.155877546243347,-13.183478677058739
269,22.847508596088307,-7.511949094502186
270,-26.45056022073266,-14.513800565408035
271,28.934486055529085,18.617514862180677
272,10.597600582349205,24.47154623144833
273,2.648353796860868,-9.604558845043925
274,7.661354980559348,-19.549314096054974
275,-2.5384027843227006,-5.555269787526701
276,27.112625897737356,19.061550469355648
277,16.20286082288009,-3.366855970285475
278,-4.89995394602105,1.7254270103020746
279,-12.817948351134673,19.13011238124086
280,28.213777576649072,43.69110817113722
281,38.12852881899213,-15.322839362156802
282,0.6983974271364288,43.393232116160284
283,-21.468466368380675,20.457064617875016
284,-23.177712653673417,47.92228849318568
285,-22.934403255498907,16.7622776493882
286,21.312288346423323,12.865220679417517
287,3.0080085584256846,-31.38085362891435
288,22.94206716631122,36.4766689209465
289,36.453269216236656,11.178804487403186
290,5.7519356630179574,-33.66906734331169
291,48.3172413146885,36.93228763631263
292,-29.312926196834894,10.633864108099798
293,30.87397008376018,-25.75153704984683
294,28.41603923002776,26.251424047024706
295,-19.259716501769777,8.505389534084571
296,9.612031607362658,22.523427484111927
297,-1.185453879609557,-51.07932467366607
298,-38.969914136699785,-41.433136469962825
299,32.37515186367433,44.110587647867646
300,18.927034184268667,1.4689602613736683
301,43.23487426984289,19.19950980658416
302,16.915913566494645,-20.30402663974042
303,-2.0557948629052976,57.069509634650196
304,-0.12512818887589605,-5.75779433103075
305,-24.86169981342342,-32.14113496146518
306,29.1789373037414,48.78527348940022
307,-28.011084520490524,-3.4631785825629673
308,24.811570484870728,-21.030508360941145
309,10.301567974585687,27.04376554489708
310,1.0100748102074357,-3.3473862519718454
311,38.97390605272013,0.43141991229730836
312,18.617060448488278,38.314610860858124
313,15.073324361460742,11.391406210350679
314,19.381378902450276,19.867119730622672
315,-5.406558569997521,21.004057165437924
316,-16.520052444203753,18.98613587969948
317,3.7897766290450905,-10.215778961403414
318,25.406771526474735,38.9205262091828
319,-21.05808662955446,19.251884319483096
320,15.340434801341978,0.9950900843401401
321,-62.026542531014336,35.44020678507781
322,6.0314547201500215,28.120660748887236
323,29.83888958131559,-14.711557428222163
324,-4.810525172135459,-25.252973987446232
325,0.8169351522691628,47.09608924938384
326,36.47787584765632,67.30727981113064
327,-21.515144887409832,-8.084621452557254
328,38.093001846319915,-57.648250145105536
329,17.16426130855703,26.059519369442846
330,-13.010795576964028,27.367103725551374
331,-16.749507677135266,-10.832574106320354
332,56.84942238289884,-11.959860364470465
333,29.479090064805604,-16.909386816506522
334,37.76163229704383,-17.39881079374668
335,44.231884299613924,0.02500255461220513
336,29.309492643715437,28.96309895964545
337,0.9090179605217446,-51.673629488101476
338,20.59413279698661,52.60720370298116
339,-18.928834588360655,12.82177008657479
340,12.723148158902655,-72.34857732746092
341,45.73196923625753,3.6444971654011367
342,6.299895646373065,-4.187507850499983
343,-2.543773604002509,25.16615361402322
344,-19.61382781149901,-14.040883113886522
345,22.99611519057657,-14.42785626050836
346,-15.64914441574078,16.718934835611908
347,5.3073245103463424,25.475274531796988
348,16.194325780504023,22.970069151890495
349,8.320699809042132,8.861635268026552
350,0.5105418298730641,2.787583817948497
351,-2.154324313892066,27.804839329900243
352,-8.372870530821668,30.68873985185201
353,-14.372870530821864,24.940512367141878
354,-9.072712349563922,13.016703745952533
355,34.611477163000266,36.186930731328864
356,32.729878941053705,-36.664155469043685
357,14.05769399468063,13.779543458404817
358,-17.13354410993007,-46.639774316904116
359,19.703040329204626,5.242786562638742
360,20.962195203120444,5.2857685031610915
361,58.96127836793032,4.13829144900263
362,-39.50991226924409,-10.151373913235188
363,7.392205315604489,-25.279911931634686
364,-27.58841417889728,16.41137346251448
365,-9.40444377889329,61.99426266902438
366,36.77492295218065,11.684062124589316
367,23.840688969016313,30.866043129078555
368,-13.849986665600383,8.206294897183191
369,31.98140704309309,7.220527270554024
370,5.54326908274637,-6.602776904035739
371,6.756519189003365,1.1059481652460774
372,-20.071747148752873,3.3403584027799282
373,-16.586844579919905,2.835253027663972
374,35.855832285392154,16.572647263477712
375,-13.502651054387186,5.65901570335769
376,-0.15237405148967065,-5.655845448669317
377,45.73400756191334,40.326736161220644
378,22.250109193222073,6.2397207224452576
379,20.448136570612803,49.11304953408005
380,25.926536792672778,11.257058533826473
381,-33.05756338180336,-23.056806247254606
382,13.274866170245136,24.725885421361493
383,-42.05074917086463,60.97774112002929
384,-20.636537437655097,-12.993887106161699
385,0.8070789898642224,-8.900714869115133
386,24.141654348585423,35.44010685920354
387,2.650053171228993,28.673994061608347
388,-0.12445047808725695,2.913652678573861
389,-53.67759922212399,44.07716367245868
390,21.42762956879949,13.40412688940879
391,30.669543041126545,7.321273309906228
392,-4.760640644444891,12.73672563676986
393,37.482081333494264,9.18457865170285
394,-3.908165455393495,-21.241856668260866
395,61.54276253371165,-6.074317471474229
396,32.96404399531009,-8.839200721583618
397,13.175963031017586,-17.96135703518013
398,5.8890020182313165,24.724958425929568
399,37.24569217265147,12.00953525311829
400,4.757441191703352,9.458454086150807
401,31.853271207145628,-2.975876894398941
402,-20.121163946122408,-33.595640578908856
403,-12.220028519064808,-7.1589133370506275
404,36.763785369164125,-13.264259483473536
405,29.164793855005538,18.422387884913956
406,7.482329990078034,-21.504027904122815
407,76.74028788512783,28.168977358464588
408,40.04471518480167,12.980414573735912
409,1.6473645608402445,22.413268482498108
410,51.1626505490824,10.628123027362992
411,12.268811692966029,-15.849279195720753
412,-5.40142969504862,13.013229784524807
413,44.001331917369875,30.795339084762418
414,-18.510386612623364,26.233937519659083
415,34.44101071104783,50.91715744380429
416,40.9708516156935,-33.082883281146266
417,3.482356742752357,-25.526508616127305
418,-35.50349836200631,-36.397312450273795
419,-13.46805148632816,18.114192676787876
420,-29.97043092092308,-27.833750429927264
421,-20.256414986587604,19.824062963155104
422,27.58167169778782,-7.104838148980781
423,-8.235531941093692,-15.1196045410048
424,-10.987589083082643,-18.701844282855344
425,6.533240084337467,39.84351639051892
426,22.64419578181411,-29.432240741116185
427,31.380404187176097,2.7264242503762577
428,3.6454984072496677,-5.323176051074284
429,34.86664448280787,-4.980425632215317
430,-11.84002635603701,2.766050437453365
431,0.3000875244844541,-59.981205470545056
432,16.71634722381935,-3.7475611461337603
433,-15.093026788408512,8.113970230272274
434,26.351302230072964,-1.7209082569759322
435,22.854117405402395,-15.79175931995458
436,0.2253243463630794,21.37902281106764
437,-11.201654578699024,3.4335213835432787
438,-28.70418568072994,9.861462583377754
439,-8.893174749840227,28.414808069505426
440,15.623112014192326,-38.61707663271341
441,0.048635038750872495,15.21178350724654
442,17.005539536814215,24.637646289345863
443,25.28432172896346,0.9668909257321899
444,-0.35977341603543334,-30.459204630527143
445,-39.73466022899019,15.937710867683645
446,-12.105180581591545,-30.039717841233266
447,11.742116242646839,33.69103843812391
448,50.44388336662973,8.812170912504662
449,9.972854280917872,-5.235956082301731
450,37.747085341598535,-7.283471243846065
451,-18.606870598699974,-19.836859675012168
452,0.4881312167845828,-12.481711669081447
453,13.272095773518057,-23.618082895832174
454,-13.94623108499595,30.563813204728014
455,-39.584065637913135,-13.387207033097614
456,8.130873254655791,11.176430291545444
457,17.33976267379189,51.78879368527866
458,-15.0550852463118,4.441288093591714
459,-1.003082182679063,19.500490095048075
460,-36.5755424592795,9.973743883160271
461,46.14330392184357,17.977734273213162
462,39.10071033630493,8.746073491342532
463,9.433245949892093,-5.937949880264682
464,-26.33821044424409,42.21916024007217
465,17.058760149007977,6.318160012405917
466,28.92829362906105,-28.373978950822547
467,-9.650373239977714,6.187693492459954
468,50.13454733293803,18.7896531169812
469,12.965145887851705,-10.441677755554975
470,-14.550504688795142,6.6625712477661985
471,24.86088631942828,-4.216986799678432
472,-20.38658103237765,-8.537234915207113
473,-4.546470919383848,-7.809077994298269
474,41.47236696062741,45.36577370262238
475,46.79982018009631,39.607668998860184
476,9.789296552514683,16.21761264696867
477,45.83738416560622,-13.8515447544399
478,-2.0083270554708728,-8.379227789607198
479,30.35811287623044,22.968758661835043
480,-15.726854385551041,42.070015680033
481,6.947085166648641,63.26558168446008
482,48.28113953828805,47.47953276572252
483,-4.724968983759786,-16.61185899595776
484,49.34653677749342,-45.989597585116336
485,-24.78344086209168,29.971596360155473
486,-12.21179918734381,35.36080991529515
487,14.352909606523559,-43.41779506421194
488,5.333064254682946,-7.2864803888980205
489,-11.194995306342692,0.9977554246213034
490,-6.672114015755395,-6.017303455547089
491,48.39874968401467,5.060644423560943
492,-4.363700949013342,1.539306981562134
493,-1.4729341972698553,52.71317376772079
494,27.29945386478388,-22.62326709209389
495,8.4999162149697,8.214238843041423
496,-11.373970489797859,2.555675301152436
497,28.132186035361023,-44.85437763219451
498,-54.42125339936633,5.713701699204265
499,23.225536775732266,33.75084490873744
500,56.576490435148024,-6.322991825890569
501,-33.80287985871667,-1.0798971221073985
502,6.479942015372765,16.208297719857757
503,32.85205553442692,-30.25886756854116
504,-7.228055073102617,-10.835899387306245
505,43.523321597250906,-5.789178111850596
506,-14.952609029101076,37.726113596958236
507,16.76095118782145,-8.828383769716757
508,-13.985359389986694,20.728662064967477
509,13.066989839175793,48.06698983917522
510,-17.890930106031778,-7.795710674652068
511,31.97912451879786,57.83521033861415
512,9.45827108978086,2.7075222815573903
513,36.25713830531057,-3.6697370886031333
514,58.9700679775645,19.210408061043818
515,-9.44310698803765,54.11643726912115
516,22.783919229835842,19.157500530625583
517,17.11340786590644,-8.30765143367034
518,16.7898121351036,21.404137838817512
519,-24.83139630813667,18.70505637798034
520,17.698742919887465,28.025385076523378
521,18.311994481329553,13.160145110519894
522,-11.962210669467746,-33.0321874673978
523,24.63518627720137,-5.148273260640348
524,28.86842878240527,-8.419563285160493
525,-12.425444378184396,20.590159967064903
526,104.83291224197504,28.556748759453402
527,47.96361288084297,-36.875999699860266
528,60.60687828637153,8.214415425519585
529,6.189431328353315,21.121398930945897
530,15.781376486250412,11.847183198798742
531,15.987798259527242,-27.01534414584476
532,25.64299386408832,22.26436544731481
533,37.32861617867832,-22.994294626021055
534,-5.547183852568977,54.800355055796075
535,-9.805273797534898,-0.8921739329809493
536,26.633864739530047,-33.339784343457744
537,60.54119288472609,39.711631969620846
538,-25.47762066711008,-26.529666420317245
539,10.360810132178603,-18.44312377421165
540,-4.071604561777986,-2.0645378166073107
541,30.86759895080415,-12.931303313944863
542,-4.939017874121915,9.672626436583737
543,20.941694283493227,18.722809339544547
544,-21.95139899841694,27.25035383754045
545,46.79473380179247,-26.404580655160796
546,18.313151432813726,9.484538575954348
547,48.34571616868549,-18.755488974965996
548,-18.789471877818784,-21.52741249702641
549,32.844289114104996,5.614623021847435
550,38.67590226342858,-4.524550852768478
551,-0.9694470227747247,-4.709290516335197
552,13.353195811093794,27.586234344817885
553,21.039835304166967,12.56635096909061
554,-8.069328830211404,37.93786334860837
555,4.093709316469933,23.093709316468246
556,-18.506498227499435,7.581568170556494
557,0.37990821913614914,11.209517889090593
558,13.442447461886516,8.32311144245445
559,6.240787510465866,-13.733685334227378
560,73.8615125094504,5.007589902786941
561,-0.9248027125739302,-35.2594862850814
562,34.950273315089625,7.597436339203053
563,37.84847582798699,26.27623944114393
564,3.43434908672872,39.08284754069244
565,48.59323899694057,18.7955009624791
566,22.313571259225878,47.75178793384055
567,6.925961203604532,1.355248977001608
568,26.49481542798344,-21.542936169446737
569,26.40320956185359,-5.566454578482464
570,-11.715300892578174,57.66322512609425
571,-5.459078576245826,12.886521976919084
572,30.50707395581631,5.4344923377363745
573,47.795985886735096,11.323833146846743
574,46.20545372799876,-25.71472732211669
575,49.20906041240444,-9.709071178934675
576,36.57163825227612,46.45519251764869
577,-1.2154400119963307,32.92919373659194
578,52.408402048568185,7.271160698235389
579,1.1547346779083838,4.458323111077978
580,20.76933697850131,19.126417213885013
581,27.196781215453274,10.268372603448283
582,33.065712986994924,51.263620925585585
583,-7.237851999161533,1.1906442833029782
584,1.7943695832865583,13.347290239996237
585,6.442490773182921,-29.12334164748275
586,54.6553865999835,1.816991806945464
587,8.113258539336657,-15.954279462641953
588,16.243574807302682,-3.074263040219132
589,-6.442593533726559,-15.710951071345566
590,1.3840097346284872,-12.15701304431341
591,1.816340631497409,-13.941962748723085
592,28.814857008477297,34.07857553995029
593,7.888027075480482,-2.0197341999339784
594,18.561210953619135,-11.198997283836423
595,6.950862048293216,-2.5010758734678857
596,-14.68496543146162,-19.198070139749802
597,-4.8683009776968635,45.48281189998819
598,-21.05864214042905,-45.394786360620536
599,48.05626830524179,14.327488882667812
600,3.4739204750643418,16.222431440395994
601,-38.18207347509734,11.214823004414086
602,-19.42406893771894,38.85943824646421
603,-11.010070450178414,5.017216744674103
604,-8.039409467533916,-4.144801891438999
605,50.805313012978594,35.61219277823232
606,31.90430484955848,8.381435871405998
607,-7.662154510146666,39.88273315428328
608,-19.731926493353715,3.8783965466647894
609,-19.0760419891052,57.27713176263062
610,26.019953628370693,10.833214821929834
611,-10.744852719191782,5.846445505536099
612,-17.741799711121445,40.97330308578819
613,27.42819518144609,34.63712635289543
614,-11.416059703028754,11.299043093881112
615,17.350322623682892,-25.168192252697548
616,10.585440482096745,-12.35024250341939
617,-3.1345204939622304,92.59980608976988
618,24.695546286151735,5.983278789078796
619,46.57899300360539,-5.910430272364691
620,-3.4751836897960704,11.311352921926611
621,-1.4231728391758391,-19.444808769737644
622,-9.857098666606527,29.101420983565752
623,1.0496086499332271,-0.41450584319205663
624,36.61156090794698,-10.172524663213224
625,20.864087980132783,-8.719604469211632
626,21.252800893133784,11.611560907941477
627,-11.351102417938836,2.198904405802606
628,15.938083473075453,28.717058828253563
629,2.8069880831091094,-38.889655001844325
630,39.17119574196878,-5.676227341647383
631,34.585963438285404,-4.815258391489333
632,29.98700521792519,35.44129156554319
633,0.8282744415554395,-16.219689633692806
634,-7.369069985131709,35.10227276477889
635,18.599063286734495,4.480913442813993
636,21.917428641042527,-11.452446747578989
637,-2.774709901669477,-34.46383724072907
638,-7.8202198964994665,37.38048807142878
639,-0.9138718154436771,18.94830048608628
640,-6.543531361381082,-4.85201592141883
641,53.44235049696406,17.65807823336553
642,20.89597208514786,27.6943624904006
643,31.190338503532793,-2.8963481521877394
644,41.26345926274713,5.627186754745759
645,-40.8476285361854,-36.48698564989967
646,-26.491143696334493,-0.7619701526265232
647,34.34005069864629,21.727196775477946
648,-23.838168805265433,-5.807883045025215
649,-6.4116118234759645,-33.29658172854969
650,18.147744121084347,67.8470840098802
651,27.50615902814541,40.07190725170787
652,23.012334895755085,-63.50184481668
653,-3.3565569651021296,-2.173862304742976
654,35.28498694240689,-4.2513100944839195
655,24.74424402651008,62.75825730592264
656,32.95158668304322,20.124930399607504
657,30.482027025578454,49.06420598941964
658,-20.520704734213236,16.306869621006072
659,-18.265189795094432,33.09507826209369
660,44.09357941469288,73.22166259591415
661,32.660277913466174,108.28041873299603
662,18.796898713989915,-3.627566851819134
663,-16.28362285760963,22.87973216734663
664,10.6241147122674,36.00281622670277
665,14.669627293991509,-38.422271585598715
666,34.73629927364062,17.972585496159205
667,-21.91805902445409,2.086141635739252
668,-6.362173861245534,43.87052808797276
669,12.767937252771564,1.681514914345168
670,31.695906375766707,-40.78098944248784
671,28.676814784807263,38.328374696709695
672,30.583608906725416,51.015838009056296
673,0.10575950519983235,-32.655843804435555
674,24.572130115752277,6.153743042968738
675,18.452654082654593,73.58365419782515
676,-9.3969710326887,-17.77766627711306
677,-17.539932077411653,-20.518307808299298
678,9.82689599196309,9.888681106156085
679,11.872250526183599,141.8998032672961
680,-21.61195033288272,8.11393774487197
681,7.963422683100092,-3.341363010616006
682,17.54346029753412,-30.167346116117397
683,-4.320449444766603,-2.692299098074858
684,4.47596908237467,-6.05484541721802
685,-8.399761915571263,-24.92818488724351
686,-25.05484541721837,6.127563960334578
687,-9.694779196111192,-21.92818488724341
688,8.53614808583382,10.652423213539603
689,48.502461852985405,8.220819443723041
690,10.393282045399083,-26.985530804116724
691,-15.161939316792555,8.283984651779214
692,17.287117911105632,2.654516676950582
693,-8.666081607793597,6.988554495955499
694,19.715373977209758,28.804088389691692
695,16.30787505683487,-15.940625345211524
696,-1.5297099494868234,1.0041666987483202
697,33.211190775767975,4.733153512866123
698,28.342933181099063,34.228905153333415
699,38.27517988463045,-2.0635865977223427
700,12.617606975990288,14.867774925373046
701,4.827222163436567,14.42098341763499
702,-1.9121209818571934,-22.430678604688364
703,50.27481749047223,32.20986935816641
704,-40.88873654603409,-27.450146796786274
705,50.42459399344644,2.9196513206720436
706,35.20683410074395,76.78967284319947
707,-16.10805628538286,47.518503404558516
708,53.366374889363556,-0.38360188813635965
709,-34.84185098840312,-53.402743679802235
710,36.665179797617924,47.003413446263
711,10.765554622656838,31.16849899866586
712,-28.40368394287251,20.114123534740408
713,-22.847529220403967,22.770053481821186
714,-7.032546128447554,-4.824168098744811
715,-39.91269625497757,-0.46541088539050524
716,29.652523072609185,4.719137556837815
717,17.824082716230947,-29.852107743564886
718,22.44624935555138,4.308276136772091
719,24.255451231844905,-44.406771017232074
720,16.32151563192586,-4.850935327712487
721,-3.9026567733800146,-34.661699276512984
722,13.498088169323228,-4.317603917069398
723,46.17430182074176,11.1408215167692
724,-22.927364377398145,20.007152152989985
725,-33.73400621135646,-8.858970473320303
726,-1.9035962645504767,-45.5730121642205
727,61.09640373545258,-20.896638617790508
728,53.745644550139914,1.534428750968476
729,22.94732824157249,-3.684458080783978
730,34.91639191959612,-6.089889671540125
731,22.50248964656508,-39.083608080404176
732,-10.062886823909778,5.778327013059269
733,77.72174797433428,-41.220919849090805
734,-20.89175086406016,8.403398215004657
735,-7.708968742898934,-8.752622773656569
736,16.20615112139705,-37.9177723863767
737,43.90224662895549,3.501165113569205
738,-3.235013527215883,11.95399590466771
739,18.092933989567065,28.892451902257342
740,2.01234796678097,14.043813118871114
741,28.547788640613426,29.886251985547382
742,8.04293550353808,-13.722524685433367
743,29.24973696038828,20.84275797514512
744,14.556573432623217,18.185412512508968
745,-1.045512025682544,-24.00018006646924
746,25.5614150538034,34.47488849700759
747,13.16257083875974,2.4594920651438725
748,36.03575937459914,10.989253351781553
749,34.64298828884747,57.203711180267454
750,-4.599903276851973,-15.085686408246675
751,22.93238587736597,29.62491600323582
752,8.992571382537555,36.00071408693698
753,20.268839775909605,18.27628228623692
754,-18.34111755693162,-26.666185897731673
755,-0.4826181799821878,-11.800478613456491
756,18.8652905977821,-57.83509854279876
757,1.0945715185559428,-13.05131734014472
758,27.55374469841681,-1.1318919701272225
759,24.640996262509248,11.371908387819804
760,-5.377282248506773,-21.409615886778575
761,14.369800880132303,-15.72492009092418
762,21.183719267573665,15.432238281586713
763,33.754848179886395,33.70734390961456
764,4.045037816709001,10.38460024679622
765,-20.029182443623938,-4.443411639685588
766,22.361604219893227,48.5874178173
767,1.734543368866789,13.736029742087506
768,15.645639629331844,-14.921250242608407
769,34.61635894416,-42.116996596069534
770,-3.721735272299398,5.404537635697059
771,27.208917180140407,-19.20978793083293
772,17.381702278474958,-36.551450622436285
773,4.381702278475252,-5.188148516591593
774,17.99266562572306,38.006369809784225
775,46.6224139499337,15.168911706684165
776,23.20083642326931,19.821130045524765
777,4.848853581823705,6.294382855821231
778,30.20083642326944,2.460724073622239
779,17.73795943662353,8.43300053732185
780,6.53232277467677,-24.87224169248865
781,-16.192869857646567,39.64198631534299
782,-3.9332969500611714,38.333863833266804
783,14.65469939005214,-12.94859011875683
784,20.802564197417894,11.500986294051012
785,12.243216626267076,2.730355113440437
786,15.154750404366307,47.68520893995008
787,-14.521342907622184,-16.561528461053783
788,7.038386140523335,40.012256387277134
789,18.934354331293342,5.058028596221559
790,44.67868393440527,30.436547840763325
791,1.5004202780147484,-12.934165254689763
792,6.063657585902934,-26.659062864860392
793,-2.4293668047579957,1.98244182631055
794,-43.912770190499444,2.111992229731493
795,36.340937135138255,-21.233303015115837
796,27.086283313278237,-24.809518730265847
797,-12.079980805640485,-6.5622130634162685
798,-32.956003725886156,1.8062724088199236
799,60.17526298164724,1.7253335676871986
800,27.523354062430617,7.243726346246311
801,22.167505580908326,-28.307949157011926
802,10.990517948018411,3.8094704034206153
803,-0.2001964729415685,3.2389675054657063
804,-19.47468912756881,-9.706944683144828
805,30.89420417943106,-15.777922460841939
806,-8.451029868336308,28.615610872612155
807,-39.72983384245764,19.017818279563233
808,-28.670337559231776,35.58895177855095
809,24.56733142767624,2.3776575646932825
810,-3.014984820995746,7.799033621991167
811,51.410509189853336,0.9228896004142626
812,-23.940669844531204,-2.674271377810545
813,-49.232310223003225,8.625163034682387
814,-24.255955042701736,-3.8837589505377452
815,-20.419955197189175,33.2600345125864
816,44.41838764580221,-8.887319034518178
817,-25.29891345873243,28.331514844182415
818,12.057453666052274,-26.76457298241099
819,37.37372674355611,-0.17338306857447483
820,8.546818729428447,4.157359693451252
821,75.14481886358281,-17.51323728063813
822,54.13278201686405,-1.7603313654122967
823,1.901581222931624,2.120807873539667
824,49.257489334170224,22.89936343492903
825,19.442008970449624,6.557851202167684
826,-15.586633248560252,-38.518805289415006
827,9.24052879146732,-4.687232439234476
828,4.045698234216339,0.4523462754519807
829,8.088359611984005,28.843357171550366
830,-16.811157416978844,26.214219125585004
831,-1.400715741809406,-23.394769978316848
832,17.315765870507192,16.717025417919707
833,10.719920041405585,21.47600196576461
834,35.928321997339665,42.57772972144271
835,39.28688471495561,-15.47874648309885
836,24.717072734927786,8.796236948656775
837,50.46532303010583,5.770388514991221
838,32.39650842445857,32.41706994914382
839,12.617478293843646,-4.29146101441356
840,87.44098731968161,10.620228720820213
841,26.635548369744875,2.202287083718917
842,10.641506011002404,-5.941076570089841
843,-16.57238706708529,51.650016927072855
844,33.39332380671173,3.4875821127364666
845,2.722103035333851,17.931195220877036
846,5.5816508296381855,-28.497643422934317
847,2.3099093625334315,42.1528121858246
848,0.4210924848294947,-5.763450015650582
849,14.448448599026065,16.238637021163772
850,-9.243340146321854,-57.328807041564076
851,1.4189930098043675,4.055341950995789
852,-16.185328001848013,-0.9677009617348187
853,45.03790063421066,6.30438995270542
854,-9.06980626133929,-5.090542174994328
855,24.517247795262552,37.49845438344802
856,21.777160500273474,-10.231965770538073
857,23.45814117662533,-8.324154491757595
858,26.395904498534303,5.228281714412773
859,-18.9780977519847,9.960495405507459
860,21.49231136492282,-23.734493286936264
861,-11.448137274455192,36.74456824087
862,-27.19139125761468,51.51468454632368
863,13.234877255307879,19.55998466293574
864,-4.969267487547308,-20.273669138310126
865,-9.98434504344062,0.8407450131269484
866,0.4692736293131674,5.469273629313996
867,-29.53763869590137,30.40647526623944
868,-56.667640589608354,11.256904602328072
869,27.7843121778375,29.418617811404975
870,48.0028522336022,-26.584512188726215
871,-39.280819223476,18.483005353230684
872,15.639383854311848,-0.8960397084671696
873,2.9611069065902633,6.137538174678167
874,45.04762551708212,-1.4730201592483008
875,8.47817808549224,-10.509972188009598
876,16.83283293345287,26.34577630751044
877,-19.897416166313015,11.964603481871238
878,-11.215882455535422,-28.791401258239823
879,17.9783939913215,4.208598741761323
880,37.208697894187445,45.82742996225287
881,3.7006043233530397,11.534651085324281
882,45.39770191444585,45.62173701226295
883,-27.137364669709136,16.188212826447394
884,34.6318095945336,-9.529756253671668
885,-18.623304495433963,-20.398059268481127
886,8.621015103233034,0.9797809321856219
887,-4.707881862701775,-49.81222459576927
888,-7.870166492718035,19.989262951085248
889,-11.351775707065029,-11.060539030718662
890,-31.312337659576684,13.87805867644941
891,-28.798832628814456,9.068146332992411
892,18.212922856675124,24.11894843316857
893,19.110179944412256,29.789896230214897
894,34.89860441758879,24.005903639290732
895,0.9999529430751118,-66.98092819262091
896,7.888108186893282,-38.80647106829138
897,17.57075516786002,-13.813331575216276
898,2.746241485217563,-25.450401700074128
899,26.59172840191331,53.42265709231638
900,-2.260940473882849,-6.976641292204396
901,18.975994126947192,-18.378643114491236
902,-12.079287145220075,28.859297733763334
903,-6.756926720891439,-2.96103601761654
904,64.25884733087618,62.35473394276198
905,-14.020539153996395,-12.907129889889166
906,4.4861252342555105,-1.541792194672917
907,34.72771247669998,-13.76689162407372
908,1.2990049399710808,30.22680357624952
909,38.6764101335506,34.606776998235155
910,7.837881960951126,-18.77986535130319
911,-4.0504943251275405,-5.968559742807943
912,41.17789928608984,10.844113036115274
913,-19.458407563848912,32.615944018923784
914,31.19097619506806,-11.462029669970569
915,50.83340192678069,58.70520591136831
916,23.352426411127155,-12.175091322599974
917,38.60141773624306,12.879944144854214
918,27.945712454520773,-4.966367923191034
919,14.304774714546188,-35.62207320491417
920,29.95569674815229,12.830726110429655
921,6.947846198545303,-29.384070400111902
922,17.171938358771836,29.72260530512042
923,7.275076995600488,-2.3608829216266143
924,26.380287192353432,31.47895003749407
925,13.585222984769787,-1.7053952267002657
926,20.242202998313218,-34.20604666925271
927,38.96034988435682,-5.245522053687903
928,43.98015519453155,-20.361631765711834
929,55.87800071651691,-11.69508273591072
930,17.61103754363945,-18.623564639919557
931,-13.828684673560904,4.529553892834102
932,1.931339221480703,60.84238759759411
933,26.465361932509367,17.221109325750994
934,26.221109325751996,0.8858217239679582
935,30.491211583994485,15.726741306887588
936,-15.037693561439326,22.040837102984373
937,21.041875370727738,17.618973479094734
938,-27.806660241491706,-2.298972781668618
939,-1.2419527710077727,3.252184230717522
940,-16.846953621000072,-2.036097648609644
941,2.1100648408844127,-21.511311919724477
942,-21.17969761225898,-8.18383399560174
943,0.5653167723634693,-22.080422101643972
944,-27.35642538008971,6.4897575976620905
945,21.120546366980374,-20.236775456583988
946,16.064302105620342,9.930846873889625
947,10.2184978386419,-4.076907889895312
948,19.58266249762986,-42.977939301588556
949,1.120440412509259,-14.683457096358584
950,-8.903429408640648,-3.990446637685924
951,40.339536095811404,-15.930945231423921
952,39.883725270727076,9.87250967979944
953,-6.626729686281947,-0.7321874744681163
954,29.74133247478366,16.50824223931246
955,9.458249411944088,7.769250142498107
956,-11.942573387494837,6.962090839228785
957,-0.2917960163740765,-58.59853323275269
958,-16.550865346115955,-50.965212805598725
959,28.38671317122709,31.856390117676362
960,30.420352002320314,-29.073408769389818
961,29.37904556145119,6.024046420103103
962,-19.03026781999855,-6.956666431882429
963,20.894290761635425,25.797297245367606
964,16.207077348958943,8.788104236209056
965,44.87934292576678,4.39084295908233
966,23.454914182203577,-20.333857497300055
967,20.772318399178086,10.292231876847458
968,4.487362190681447,22.644669934264204
969,51.68776749511979,25.53388779672501
970,26.55482116979661,28.91189951212818
971,-24.760087467788274,44.01342056345931
972,5.84374306172502,15.517848525672077
973,24.672255229450116,18.104086004559957
974,-14.433795811407604,30.06275117354184
975,41.331862991840154,28.692413347636034
976,20.339580784506563,-13.956299359359436
977,5.693565846208756,-21.299727920284184
978,-18.0400550256034,15.2139186629205
979,-1.5478846229837755,9.982847349946866
980,44.86317828855633,-2.541379929747929
981,28.07580987499329,15.659257289006081
982,28.47110379993424,11.167026146910537
983,16.140118319557114,4.867112965063553
984,50.93995648733436,7.402112538574477
985,38.93743100985916,-18.246068976067665
986,34.512134852671466,9.116844450418963
987,29.409644203533766,7.0386920181380805
988,37.30312048477439,0.9052882220781602
989,4.393308151238509,12.607174760814566
990,10.931271167045765,2.4415751564233688
991,17.52010405061444,17.231962109637767
992,30.611591533985603,4.378869595565277
993,13.802583577229399,42.55575383181435
994,-6.0343780678116055,-8.465640354295523
995,7.347646326965645,15.379985447076482
996,15.930931642177821,9.616258840901866
997,-4.959118454087411,15.713021337183463
998,-26.742433325935867,23.99610578342606
999,29.684700262607443,57.387516249917006
1000,15.29842838426574,-39.668424493493404
1001,-19.813087466807605,27.357095891371777
1002,1.9839868028521404,-11.39766118279013
1003,-13.093529410735583,-8.801012982456454
1004,-22.59541373386034,19.712683145780566
1005,49.535865428746064,-19.259364275640827
1006,-6.579303427550441,0.422234581580486
1007,-2.4018279172873642,16.798326577834356
1008,21.185885023757347,9.290028798754742
1009,10.658862965524811,27.88412568780114
1010,-38.81322742236832,9.213914278273663
1011,-23.64992614093472,-17.258017778738452
1012,-35.38677482629736,13.34579707311981
1013,12.358041541704807,6.487907712588944
1014,26.470366679440964,0.07273749347813241
1015,48.89945161744949,-31.170133374851744
1016,8.569760262197327,-1.376654978556426
1017,-9.048565406295076,56.62334502143914
1018,-39.37123613596456,-15.209588368454664
1019,23.789446249980266,16.09627662508261
1020,50.990020356829525,-1.111601726663494
1021,10.093507704764733,-21.968211651107307
1022,21.868446909525,52.56171539460984
1023,12.11345906857451,13.215081152065519
1024,42.600071543438574,9.181974366897029
1025,25.05653024763917,26.37384988820094
1026,5.42137000622316,18.877224438119743
1027,-6.18222530451772,7.427761216778486
1028,20.71429501480507,1.7029247526933489
1029,12.490727747351098,13.51418352685719
1030,-0.7997710833126306,6.525738847951676
1031,20.78867901868673,36.122627607475714
1032,4.891215793861212,4.88312296596156
1033,14.566427186684985,-1.2654104286951005
1034,-4.563791953823063,12.789782032747803
1035,59.292047549075605,14.539243306328853
1036,20.28769350744512,-22.306089808377468
1037,22.192236677918526,-3.439397077676372
1038,2.1676361489845473,21.726872279592524
1039,-2.9617967207740676,6.030398247643405
1040,13.583089143009456,-11.672077163873293
1041,-10.388636692072671,-1.090354348423698
1042,23.458307406810853,10.504413657206468
1043,-1.060215761316512,19.01931985083555
1044,14.2601343737736,36.223426354935505
1045,35.61897110706838,15.319293421485243
1046,15.636340199074784,-22.62452267586577
1047,6.48313829029178,-13.471548103227722
1048,-11.832807852853552,47.474536530250745
1049,56.16953492863517,-14.256320860950009
1050,12.201480845672009,-23.063674242364662
1051,23.689317108910327,-24.556500710193674
1052,10.684050736489919,3.1180795561414016
1053,3.987000151585483,-10.38600446011792
1054,13.332319823351568,-29.22679319812167
1055,-35.15874129784682,39.21169857130948
1056,22.587969345830572,-2.0060699555561397
1057,4.546322684134301,4.734750268130757
1058,12.592067317038783,-18.311523772466213
1059,42.83187390663498,19.85438681061029
1060,23.170879412526766,-1.4221067393050264
1061,-50.64972399864507,11.805397839026226
1062,23.483737783080723,-4.686754937174462
1063,8.007621236382167,24.148849992666165
1064,32.4849077861897,-11.797515776493746
1065,37.6657827570663,11.768605466692627
1066,27.12066005162003,9.50247606104996
1067,19.140863209955157,-4.3813011183038375
1068,8.143615687068142,29.564965557542067
1069,11.74956887697773,6.2387356019851286
1070,-14.124144656010962,-19.05340771797685
1071,-25.297521429647844,15.651006119574568
1072,15.010737640927486,31.874001418914172
1073,8.44131232153142,37.13981673504647
1074,48.20289808077637,-29.010702317177486
1075,32.696763859408705,5.331977174895195
1076,16.009143366867626,-48.422659205606806
1077,60.122169169036496,-4.87558141163267
1078,-2.2335107623108628,-14.53332281781812
1079,18.53662876244341,18.59825690270929
1080,-26.34514991463754,38.750531055375596
1081,17.710933467908895,45.50641804917521
1082,8.890241365039497,18.153076770399792
1083,16.975176454590784,-10.169525103114582
1084,-9.868993105868217,71.5488088684714
1085,-24.38059836409715,-33.992431573239706
1086,-34.67851065540348,-11.151775184796053
1087,46.30027437531427,30.820467521039372
1088,60.79784337591102,21.956942636819726
1089,-6.625868695992537,7.235164725595904
1090,-4.37821501793327,13.170644123969232
1091,15.168409800323758,28.49824993087735
1092,49.309083720119006,37.3889754838899
1093,11.011077973490787,23.999949551524658
1094,-4.899668741621407,60.666070491976285
1095,-37.90262745475022,46.92310019794972
1096,-22.515943185244208,-1.4062745701235864
1097,-12.65328671863536,7.587796163381106
1098,12.867952897628204,-11.237620653268932
1099,26.748139417399308,-37.541622781673226
1100,-70.21999092044132,15.11121872843235
1101,-4.2875756778210965,26.59598344216812
1102,-8.194958010165884,49.197540968094955
1103,20.333540006896012,-12.091297855813075
1104,-13.270378781395882,-47.5594807567728
1105,42.44036356893113,33.672789563057314
1106,-24.842528973832938,24.68833386694818
1107,5.79186978163616,-11.515118574926763
1108,33.89590100477614,-4.20347240801554
1109,26.737402983698573,39.9526858120792
1110,12.572292268478623,-0.4828651846221885
1111,-7.033117986089479,-6.856102265160196
1112,11.476961269102897,12.948525540152303
1113,6.179504900783417,-19.033760978150053
1114,6.030776716623958,2.4326055318207755
1115,18.561151758490833,27.876840144150567
1116,5.181365309171166,-19.486048991474654
1117,13.614733307270408,28.40202058593305
1118,46.49031505122292,1.2174631678515742
1119,-5.682810432801425,-1.3679112933990272
1120,30.60743909454741,-7.413993669731745
1121,-28.977159330626307,20.954870093283915
1122,-9.270850100640308,-34.5756223457236
1123,-50.133793544931784,-36.080557853744764
1124,50.95975236081998,3.0218660766442227
1125,15.355743170359775,10.851895985072282
1126,-12.727563634135011,-43.36988334513435
1127,23.147060919346718,13.323086314591013
1128,44.232508233836114,-4.823689165178795
1129,-20.412506957502448,-13.570048076139875
1130,-34.53248174070912,-4.070784290947906
1131,32.994862047097605,13.429773918523706
1132,37.587486213680094,11.168367677079669
1133,21.54138044523661,-0.0554955409378699
1134,10.289971009192504,11.784195161568746
1135,37.395102588414616,-12.089427644085712
1136,-17.632062047197902,16.15144926857963
1137,39.05203811208304,35.46225499368484
1138,1.7090947889680548,13.360485965955993
1139,-0.11091790244742405,26.528640414949955
1140,21.09274435309556,-20.014275937010957
1141,7.227340105779158,-32.79186843043149
1142,20.25236562728657,17.25236562728946
1143,25.421286853232786,-5.068619647759206
1144,8.207352220684847,60.418390083803445
1145,25.85754009989965,14.736758348764154
1146,43.51393450048879,8.465044640965166
1147,29.14569909522324,14.02893857548236
1148,23.816859554366513,15.5305983029433
1149,49.743282797411275,-9.053362833097768
1150,-4.9581931583386165,29.117492106830753
1151,-28.77003424952229,-0.8478168728173273
1152,12.274572262021742,-18.859182183177186
1153,35.20963549622567,-7.23771343341006
1154,46.73510804117431,8.672372945013354
1155,3.9782305144273846,0.13789013673040507
1156,37.081377769685105,-10.636438139244632
1157,-47.87047269498107,13.965466930978149
1158,38.94691786047052,-21.2671276846014
1159,42.720424032448655,2.4401210175123715
1160,-8.573568642075376,-53.28655938612629
1161,35.565983657868976,41.69563520999139
1162,-2.556022290014656,19.426431357925747
1163,60.21418946098025,7.920686318023304
1164,0.8203581294588441,22.495686863568064
1165,2.163379411543759,45.54615793965418
1166,-6.5108096870133,-1.6211989591709444
1167,-18.865580094132063,6.619254402884717
1168,-6.855264970749273,39.18634923665762
1169,47.26344930579178,22.743750743848256
1170,-3.7235816037044156,-36.57991377692483
1171,60.984748552195455,10.128761237141646
1172,-12.386265552293624,24.945205708089706
1173,-12.336334575645274,-29.40934683455679
1174,-20.091058694882406,-1.151413331953427
1175,-8.143956824783096,-10.167447848404851
1176,21.36409930706737,43.8508910136822
1177,-0.8965026093479688,4.103497390652781
1178,18.068900123641004,-10.3739228327797
1179,-10.049012082863136,3.0870042573891396
1180,51.59962578480909,-9.420262763534305
1181,5.647367180829343,-6.473236719902292
1182,-29.52621067627176,-18.91031848936436
1183,-27.89874794505934,-43.65204713735584
1184,36.39675677958985,2.897089612266308
1185,9.259464927010962,14.609011201630173
1186,54.95713228282061,12.916142052084695
1187,-25.628257707221657,16.114069310175513
1188,14.602270764544917,4.64303470084484
1189,21.709865265516157,14.404470455255534
1190,11.969314359061569,28.52074289194726
1191,23.509096053003628,31.800237456007387
1192,13.62489546620007,-24.83613026379881
1193,28.661887464745913,8.072955560437881
1194,16.903709707137736,25.604908041137648
1195,57.564638165835284,15.742226696620556
1196,-4.3887477115889295,-3.397055472364146
1197,33.727683564510684,5.027226641679776
1198,36.16337308268712,3.6566643090779705
1199,3.563241568373618,16.57808439261684
1200,84.69815563027726,-7.977565303059134
1201,-24.087790708187708,26.95342479318158
1202,-14.88810554921131,-26.584592133828668
1203,-5.065057786132573,-17.391304123573565
1204,23.136667157504654,36.02250202201624
1205,22.755949918770447,-18.111410047402543
1206,-4.406235491173112,57.20488120885098
1207,-3.7879172529412903,26.121753287950902
1208,37.4092996449186,-1.5924066375088946
1209,21.20416400816623,22.97941466833403
1210,26.560106862840534,4.391896368259421
1211,42.1028226964024,9.22557582139458
1212,94.79771433442748,20.000949434891282
1213,-7.387156080489119,-28.98536896757086
1214,29.454226365535636,34.24983705850559
1215,1.486942488969132,-6.6988935579573035
1216,15.421622297477864,16.06397526141773
1217,23.616616243157075,41.50248209997731
1218,5.81636803331503,-26.193203054273027
1219,9.321153577111122,-13.373812669253697
1220,-4.003110158302074,-15.639268176216952
1221,-24.602893852593095,11.852564520471235
1222,-50.067388886564004,-17.673555905706454
1223,32.087621063855266,28.578532658397936
1224,-3.486876394408304,40.05643977423607
1225,-18.77648000288707,28.151329062694575
1226,36.74493981533104,-25.845233716726362
1227,33.29580549245382,11.254300754567252
1228,-20.932527897274923,-49.14400536408245
1229,10.35144769204547,-9.038103723364035
1230,5.050897180695962,86.40185068391193
1231,50.72248976182061,60.78537412888548
1232,62.40855361790804,-22.082019240517866
1233,-6.527600066107184,-75.35284893288748
1234,6.433318470239143,-14.627910891739154
1235,40.66284358623311,-16.559392868493035
1236,63.49666737359652,1.225220821923073
1237,39.9026437545627,21.550091411581548
1238,-1.798768735656767,30.201231264343615
1239,-2.4978877035762475,-12.497617305966592
1240,10.291539912835663,8.267001391521392
1241,4.0584976356072255,17.046228374950115
1242,1.0989051041007545,6.569197177971973
1243,20.316078434149063,24.217924348892875
1244,-40.88020037978396,29.24750574212878
1245,25.754979027957834,-8.909964818095151
1246,24.314664652767505,30.51518909108434
1247,-0.05681592656346868,10.243545067599669
1248,60.54284673184273,-30.014108774667996
1249,13.94985928129166,-4.53115554987052
1250,-0.34808823921246,41.91188894361332
1251,-31.45715326815564,0.8028239146748255
1252,25.960109155358023,28.045072196572136
1253,-2.6201312991361547,20.565278721576902
1254,-1.8165501934973092,70.11496293829842
1255,-26.880201432786286,18.688614935694353
1256,25.65920269624006,-8.179680591808808
1257,-10.446355993301957,24.234866324037597
1258,-20.76513367596236,19.561539276714104
1259,-3.983630937260391,31.53688168253937
1260,4.739365892555751,-12.549356678077556
1261,-2.2567690518712316,3.284121887916272
1262,-9.021560748841058,2.0999176748518646
1263,1.095152789945296,-18.415137295956253
1264,-29.094470654496003,34.04916790941986
1265,-6.311139843677079,25.654426169565074
1266,-36.229739390969215,-27.186762127035124
1267,4.733269882484455,-18.693458041196095
1268,-35.44557542425841,56.513951586646954
1269,-18.24554354666516,-15.645549342590787
1270,21.048145558876925,0.1544042900010868
1271,29.954481086018255,-18.245572526294925
1272,40.7187561498451,15.671766113195453
1273,27.719531736595663,-23.46019293784325
1274,8.963315231101397,-11.213302360501618
1275,-22.247079320677255,-17.966411783160797
1276,19.670007828880024,-23.4025912939334
1277,9.860283463949976,-5.738423212525385
1278,-17.24521670536906,4.628516648196438
1279,-4.073914443036151,3.148983393286274
1280,-14.13717386359506,-17.90840318867998
1281,-32.907325838243445,26.22232291127053
1282,-20.671027508078282,32.18964138628436
1283,4.9040513511824155,9.22389923563922
1284,41.32613137414108,-3.327906289861693
1285,27.70998071812917,-20.229361011142863
1286,-18.15741475390261,21.169604078099145
1287,37.74784185611353,31.539489182169973
1288,9.565631607827362,10.418042946763263
1289,-27.947468195355047,3.1462448618538583
1290,-4.744318752982134,10.392356593777585
1291,18.324416546982555,3.6042487364517566
1292,-5.619944065130984,-2.3361716031803788
1293,64.34431930270598,-12.67169789659799
1294,8.235473563913228,1.4678157381227779
1295,1.2382585062396934,-36.91178170270886
1296,-5.575132763233338,-33.90632813504094
1297,74.42805873008382,39.43638137023637
1298,1.6255620520913046,27.102979208496617
1299,66.24824145733642,13.250542061203094
1300,28.243477656393637,4.421087820699052
1301,46.889577599625035,34.68706083667234
1302,-21.02230405999763,21.88957759962306
1303,-42.36882485382168,-12.404120356163201
1304,8.703632820162587,-1.7551217579905987
1305,-37.59277097628379,29.67134685971718
1306,19.90278355715712,-16.269798041695964
1307,-15.4406684089756,11.605158687861302
1308,45.99685385458391,19.096737993370265
1309,19.2604475384226,33.011318821183295
1310,-11.70316269701925,9.796644200961467
1311,-15.496199299189522,29.503163462351452
1312,20.694402510342183,-9.344671280500467
1313,51.34317999435422,-2.2539299609074774
1314,3.901417449740319,-10.099617964571452
1315,13.415977398322475,18.231114644892134
1316,26.70238678341557,6.0708562640158625
1317,5.342001386144819,-31.431085440695178
1318,0.3473414927695421,24.789705097538757
1319,35.740085690638786,140.82635058951564
1320,4.398743196684938,-60.330502457465904
1321,27.684187928124896,-5.523325919331663
1322,-30.715554530445363,47.78856265136045
1323,28.008722437788283,-6.235145415542702
1324,57.54842687295324,-4.423801419914032
1325,21.49229433721119,-28.237118707568065
1326,35.1099183874529,20.16254323580862
1327,17.679494428459662,39.15984013949619
1328,42.47750352888304,3.857591795280405
1329,25.73735544018642,8.765152482542192
1330,-10.036893102482788,28.22348554293726
1331,-6.734343369075852,-6.20414096916576
1332,57.18161509049171,29.166849881498628
1333,37.66918860717887,2.1194044105634946
1334,36.48232456260186,2.161191220903347
1335,-6.158378405622639,10.504356987054397
1336,-0.7448091129869592,-42.213060580425726
1337,52.53302574693038,14.799421628847659
1338,-3.4283802976557416,30.412616095648072
1339,12.480648266581568,6.106032175061063
1340,-8.990662404788242,25.18535265997574
1341,15.335140402915826,20.57677396067708
1342,23.594537516549554,19.798825160384823
1343,17.772113809059025,-46.769966615798616
1344,-7.049420352525017,21.363711367545235
1345,45.541326411469704,30.220965551402127
1346,22.02823802048943,23.64282413164311
1347,29.88385219063694,65.53766043484747
1348,3.8416851548541464,12.42795965443435
1349,15.987068702588715,15.32050177122107
1350,13.371427811023985,-3.53661978572692
1351,27.783687504699262,-21.97683203694318
1352,-13.494057163402998,-21.779064890880843
1353,8.278251094695166,67.0084424445271
1354,18.826046041402364,-10.638997890480987
1355,-24.245917900091833,33.5404896184119
1356,33.46606659827193,-15.130588241953628
1357,14.251047046077563,-24.579578308807786
1358,1.774214963148302,32.702258793105734
1359,38.89140156677547,-18.842797841726288
1360,-4.4211538337507195,49.79850949209699
1361,39.22142675235213,27.66692505094092
1362,-39.68019873467848,22.48506815618599
1363,-23.133207613291667,49.8531643285501
1364,44.461157229728656,-34.07347552618554
1365,20.19313556202309,-5.7796325275987535
1366,1.9046534820346723,-26.769098609291863
1367,-32.36945309392089,5.656929865443518
1368,-12.051096726938463,0.42325016845624086
1369,-19.381948229864644,17.97020234696639
1370,-14.014794085381247,-10.277620637683711
1371,-34.67936224996391,26.836917080390215
1372,69.85784179341023,26.621807924130728
1373,-23.867123163857578,-24.733364117855086
1374,15.98439844448137,-9.799364561757818
1375,24.098360614965017,12.512419690414916
1376,2.9084890383184465,4.4639048306723295
1377,-7.6472276795912535,8.908368668096223
1378,13.57501326688877,-14.457033379268879
1379,35.616309036850936,-8.64708925383417
1380,21.782138573241014,42.50439995079272
1381,27.467128772028712,-17.712194461184957
1382,82.70669297019678,-47.616768775247735
1383,10.628005790550509,-0.1908309408196407
1384,24.481828935045872,13.493683195901609
1385,-26.285184482384665,4.774333179426194
1386,-12.766847979655228,30.45145368297883
1387,17.08407462091174,-3.04913533316582
1388,14.496385825498766,-16.207941854462042
1389,47.63619334893257,38.20034518897425
1390,14.166194854639224,27.60820191660321
1391,-21.383477825530456,20.753885015786373
1392,71.665592393906,-4.454133311549162
1393,-10.588150192754512,-60.79227443407377
1394,-6.659122737796338,-28.14368482313808
1395,-29.341967056707905,37.416839922792796
1396,55.29931463437331,49.48399244898798
1397,31.290632719780035,-9.117458019463648
1398,40.652134575529104,17.82336816245598
1399,-6.363767938150637,38.8233681624525
1400,16.133393004962663,13.866448360353981
1401,0.3543245556741519,-7.2910800952001695
1402,20.924882937577983,-1.1330139475575964
1403,-17.862316633739795,1.3354315651397979
1404,1.5276996722899172,-8.937168503382331
1405,15.369857861483005,14.155620070480573
1406,-25.90566102839171,-13.40983370055304
1407,-15.657254344602622,21.882136349616776
1408,-4.112657367406221,15.735256559417113
1409,48.056307699669354,37.38166535514494
1410,40.55063042221805,38.541707500078154
1411,-37.44231944777126,86.03181548625055
1412,-10.24262269190913,31.27840370027063
1413,-15.699845408037627,19.268921319105925
1414,-6.789308888693654,-21.70520331995835
1415,30.69878355175336,-1.4680629291739389
1416,-7.734321334774668,-5.116471770867197
1417,24.459009995317885,5.024347401955056
1418,1.024121511664044,15.101618331913604
1419,-22.975652598045546,0.9101303686944008
1420,36.68145250386033,28.630945792168745
1421,36.567932124666406,21.99234472893472
1422,76.96465446749401,9.515724192177375
1423,-18.97114273187536,19.07594054481604
1424,24.0197122775753,-30.179420700135964
1425,-28.77248452182979,-24.16080355528021
1426,9.756486113587075,20.95321038275134
1427,10.749039556373031,13.98069627459825
1428,37.14332444733282,9.555401053926975
1429,45.511248390586445,13.98558798633281
1430,5.3581327730667265,-6.4860184364454865
1431,-15.112656562113791,9.806804354535814
1432,-3.5613122703071305,43.331486369924626
1433,40.65297163507049,12.27186887336864
1434,12.541196828122107,-27.02554718001896
1435,-8.159283568755615,-5.305268339373903
1436,-15.76831733068456,14.705642972042277
1437,2.7275448003943437,-37.15972908677562
1438,4.937684738066739,21.925486982079125
1439,-17.921200219451215,15.481957226815796
1440,-14.714146084660726,5.905643705453883
1441,6.239641450887872,20.257365550378864
1442,-45.22846290253216,1.3473798158140318
1443,50.3649586445233,-24.654326723267758
1444,-20.859966837371974,-26.00057925566999
1445,29.9638899041753,10.922906721808456
1446,22.761659941329366,-52.14535343853821
1447,59.085107562066135,-43.96732943369683
1448,21.35413176377157,18.210384642808005
1449,-14.656331419794828,65.2838563735429
1450,12.93460353344459,47.101387413017484
1451,-11.941830087285847,17.313325399508493
1452,11.141894634594266,21.988203663274977
1453,9.151969999119832,8.718401311920562
1454,-16.89569054142036,18.18563917793575
1455,-9.806181955560087,2.2077360092691984
1456,35.935069378683586,5.504215912764894
1457,-2.44508862914892,24.51125207445131
1458,-6.708707542757634,1.5699138815279328
1459,12.009428401590274,55.25748043883848
1460,0.5988165568637595,-44.925425827419716
1461,27.643279828195823,-9.540758240080615
1462,10.168528658528768,32.18820221294636
1463,18.88863006323309,-6.049335407571958
1464,9.329816786346864,4.2453108452030826
1465,12.39712040414346,14.120176012438796
1466,59.176888766722875,-21.578496637693082
1467,0.8708146382174267,-19.150743869143714
1468,-13.52755701528315,8.114625521153748
1469,-7.2154472764306865,-3.1953902145992616
1470,33.6699411732384,38.51113095033453
1471,21.369781830079145,4.4598049076381825
1472,13.046629791532732,5.802711734939898
1473,-10.374201882944837,5.46065662395519
1474,3.077698941519046,-16.678049568042205
1475,15.285572673444237,28.00780283111256
1476,29.66305725469858,22.026375370905722
1477,-44.1911009610331,-26.755239525009905
1478,10.229229650491806,21.00505509701045
1479,24.483787206250252,-21.071587595404424
1480,-12.036900429630991,5.156917279326192
1481,-10.442228081635998,15.748441710531978
1482,19.87857240138948,35.66328371287436
1483,-17.191333540967968,8.575812923560179
1484,17.69399601314061,9.810170345752166
1485,-5.390079960952914,-24.661683209812033
1486,-3.9047602084235313,147.8306220755199
1487,15.448538199909585,-19.61233294705686
1488,14.988967614282258,-43.802212615363615
1489,26.606401875282337,-5.125528216772155
1490,-7.147295547984581,20.832351603903838
1491,36.930319257989325,-18.632000600380916
1492,-11.02214772611898,9.30913205924634
1493,41.66965092634151,-2.2321334572161553
1494,3.7245452420828595,24.367256569021492
1495,17.632013459939362,5.847666496029753
1496,28.1075333256123,19.293279074957322
1497,-16.70634383879093,6.815391310356661
1498,29.646714556649453,47.49547203659793
1499,21.260477006622608,-32.88101620743563
1500,-34.47447418017916,-14.505419584691792
1501,22.683744249586123,24.958687175628924
1502,3.0566414476537496,19.746746234282703
1503,-23.72521404365022,9.180326044733723
1504,2.8860289436269957,-3.621130892408602
1505,25.149988342262297,15.619573332151871
1506,81.49574647760788,0.8392215626298739
1507,6.023886255626239,46.81434327884592
1508,1.5473198149703635,-20.521965014564945
1509,37.01588009510305,-15.396992678631204
1510,20.65338199231885,-20.175540866888173
1511,11.510129283469105,-7.175540866890579
1512,36.1054061046546,12.672416530250851
1513,26.82684673611402,-49.11332985277296
1514,24.4686135960122,3.258943541006742
1515,59.435751211020495,21.14989643345715
1516,49.11826861907459,59.7133565865909
1517,-15.493386358242034,46.83181298343906
1518,4.011216144079485,-4.777793793876951
1519,24.657866027913126,49.83032990031357
1520,8.692894239029902,-32.79983962438967
1521,28.61453016898656,4.760957194972669
1522,-4.890706654349542,34.04728665626762
1523,-17.060515278423367,34.077240862916625
1524,35.49475686270242,12.744732305717235
1525,8.382549224650903,-3.1715694356708632
1526,-9.605959204904114,40.176969725681374
1527,-14.405916093904526,21.10029003584372
1528,18.094265835583514,8.903549235814605
1529,21.207779602979763,-17.074180049440443
1530,0.03354716881057762,19.992315467127213
1531,29.20342588415695,-35.31601450155004
1532,-10.125659139977545,53.06360246117284
1533,10.23380416623414,-33.24394764069767
1534,-18.74986206573303,52.208251520808574
1535,-22.72620436558975,14.767881209374725
1536,5.435783920198979,-1.3650978917591612
1537,-40.32522461118339,73.89154428236837
1538,-9.276317931749283,17.41937212271052
1539,-0.7526910977449848,-43.84939097600626
1540,-26.323798695993005,51.69147216123654
1541,-27.989624921079546,5.3973140400381405
1542,-1.401129830531451,8.514839676444256
1543,26.626828344173298,15.92652343405107
1544,-46.22603714291793,-15.895000112125436
1545,32.21508066294662,-33.34816829199635
1546,3.1156605669285105,-12.286437609483292
1547,-1.2657826067043354,11.495057044446593
1548,-6.499354057442351,-44.17759389328957
1549,-15.349633206862396,26.28500549109527
1550,19.94057150271032,9.14329268686525
1551,17.57814945632811,17.044084732336014
1552,42.948329581765464,16.720452914609044
1553,-3.39335638989433,18.180277882675174
1554,7.614775042234553,-9.2145032706382
1555,33.54247462050757,0.9525434939627586
1556,-16.682812914350915,0.2773277970327878
1557,-36.736827055799054,8.140989808473448
1558,-10.67573548793531,-14.701369282817602
1559,82.6168701334868,15.305908142426915
1560,35.85879924911911,-28.85751153345496
1561,1.2676553723348638,23.262707498652787
1562,0.5124026203218683,42.93261092795166
1563,22.893327094888598,66.26270749865984
1564,-24.532861807627405,12.529419363579114
1565,68.2996812340259,0.33175344797595496
1566,16.753863013264937,-33.265354529556575
1567,-11.426546252814521,3.458622644611268
1568,3.0032096816142246,28.464386645075585
1569,38.33684990535096,10.554190484498648
1570,-2.445809515501961,31.497130798443727
1571,-26.333885512299933,16.227719280173524
1572,13.685164769999634,-24.006360598259782
1573,16.105144246209594,14.621934600562437
1574,-25.33555270869236,23.930529801133353
1575,25.477485044375776,-10.239710206858637
1576,-11.907100165656056,-21.796791342600343
1577,-18.20532626223044,48.85375271603389
1578,33.95411542178631,9.603082475730236
1579,-7.870677173392699,-23.09787945986403
1580,-4.9034178844393645,48.35303973342204
1581,42.323849062193005,-15.222446489500442
1582,-10.438142854235771,4.397676808191375
1583,50.08374755700921,0.10723993485174366
1584,9.322186034834917,3.301291197014237
1585,41.61621369880003,30.623408614641427
1586,13.69294954173256,17.374645985388216
1587,-3.3315020543918985,-17.15591850976763
1588,-1.7187342792340363,-56.650393007440314
1589,-13.104505016372304,-0.029502727934710204
1590,-0.8830690903423298,-28.340217303088586
1591,7.328239878871593,40.868544227233535
1592,-7.073726065853938,3.640971425221952
1593,16.354227697531417,-4.130402242634208
1594,-8.04538797746365,-6.359508981033416
1595,5.040587100217616,18.126081771642585
1596,-4.650480611560756,-32.00336611241062
1597,-15.48682938846266,39.916113468970416
1598,-23.655231866138834,2.7070678558290506
1599,7.656525977796866,-10.825645485205413
