,Solo,Naive,Sensitive,Adjust
0,-9.005999999999979,7.0300000000000065,14.030000000000054,1.475999999999991
1,10.90299999999999,-0.836000000000004,18.413000000000057,3.4129999999999945
2,6.922000000000049,77.47600000000004,62.789000000000044,3.71699999999999
3,9.064000000000064,79.68200000000006,-4.507999999999992,7.25200000000002
4,16.47600000000002,-3.7649999999999975,2.367999999999995,-4.0779999999999985
5,-2.341999999999994,4.1479999999999935,-5.836000000000001,-5.574999999999992
6,-0.7650000000000048,79.99400000000004,1.2709999999999932,12.476000000000038
7,-2.029999999999965,79.96800000000006,10.39600000000004,4.634000000000004
8,8.850000000000025,3.0659999999999883,-0.5240000000000091,3.2710000000000106
9,-4.586999999999998,3.1599999999999966,0.15999999999999215,-8.602999999999996
10,5.306999999999998,84.19900000000004,-0.35500000000000964,6.5480000000000045
11,-1.5079999999999982,91.87400000000007,2.3500000000000028,6.3000000000000504
12,8.368000000000007,1.1989999999999958,-7.113999999999981,11.512000000000016
13,-0.8280000000000086,12.66599999999995,4.65400000000002,-2.8360000000000056
14,6.548000000000034,80.71700000000004,-1.934000000000005,2.2709999999999995
15,13.20600000000004,81.35000000000007,10.398000000000017,1.158000000000008
16,-9.631999999999989,5.030000000000002,7.368000000000039,7.609000000000039
17,0.9150000000000152,4.404999999999994,-7.590999999999968,2.9230000000000094
18,4.584000000000041,71.71700000000004,0.029999999999990257,0.8249999999999927
19,-2.983999999999987,74.01400000000005,-1.3639999999999977,5.540000000000022
20,4.814000000000011,6.753,9.825000000000042,-8.005999999999979
21,-0.587000000000007,4.417000000000007,0.16799999999999216,3.412999999999991
22,8.476,93.13800000000005,0.3429999999999973,12.645000000000042
23,4.586000000000016,89.30200000000006,0.5860000000000016,7.9680000000000355
24,3.30700000000002,10.548000000000037,4.9580000000000135,-0.00600000000000811
25,2.1719999999999957,-2.5910000000000077,-2.3220000000000085,3.1560000000000112
26,3.030000000000015,95.27100000000004,0.7169999999999959,7.271000000000017
27,2.9680000000000066,75.20600000000006,-0.5559999999999983,-0.8899999999999983
28,10.512000000000047,-3.174999999999998,2.645000000000006,0.860999999999991
29,3.4169999999999954,1.1759999999999913,5.168000000000002,-1.5950000000000073
30,11.78900000000003,84.34300000000005,-1.7649999999999904,11.12700000000004
31,-3.0319999999999983,78.30200000000006,1.4440000000000017,-3.983999999999967
32,10.37900000000002,-2.55999999999999,-3.9340000000000046,8.030000000000024
33,2.1479999999999912,2.1599999999999913,-5.329999999999999,-3.8399999999999963
34,-6.76499999999996,82.51200000000004,2.6449999999999942,-0.8009999999999899
35,-8.031999999999949,91.87200000000006,6.778000000000009,11.254000000000062
36,1.3679999999999932,-3.764999999999995,6.270999999999993,12.271000000000045
37,11.160000000000014,10.159999999999997,-1.081000000000011,7.163999999999984
38,4.789000000000024,97.47600000000004,7.861000000000029,22.34300000000005
39,7.538000000000043,77.15800000000006,6.158000000000069,7.158000000000051
40,2.5119999999999956,8.656000000000027,6.44,6.789000000000006
41,8.172000000000034,7.160000000000025,-4.333999999999994,-7.570999999999995
42,4.850000000000035,61.57300000000004,1.0909999999999953,-5.078000000000003
43,12.588000000000068,82.44400000000006,1.8720000000000274,4.682000000000006
44,2.789000000000024,16.512000000000043,-6.560000000000002,1.511999999999996
45,-2.081000000000008,10.673999999999971,-8.575000000000001,-0.10100000000000642
46,6.235000000000017,77.99400000000004,5.548000000000034,-9.764999999999963
47,-12.64999999999995,95.63600000000007,7.206000000000053,-3.2699999999999982
48,1.8859999999999943,5.3680000000000065,-1.2110000000000067,8.645000000000042
49,3.1639999999999935,6.918999999999975,0.15199999999999603,-6.58699999999998
50,-3.2470000000000105,86.95800000000004,1.861000000000017,3.6810000000000196
51,1.0640000000000023,76.63400000000006,-2.841999999999994,2.7780000000000014
52,4.753000000000033,2.475999999999993,18.645000000000042,2.10199999999999
53,4.910999999999992,5.662000000000005,8.914999999999987,-0.8240000000000126
54,0.10199999999998921,81.23500000000004,-0.5600000000000097,2.7780000000000014
55,1.7300000000000249,79.15800000000006,4.444000000000004,10.492000000000065
56,8.753000000000025,5.415000000000019,12.066000000000049,5.825000000000043
57,4.16800000000002,-2.828,-2.582999999999986,10.42100000000002
58,-0.6929999999999983,81.75300000000004,4.475999999999995,-0.4880000000000031
59,3.110000000000043,73.44400000000006,-0.3659999999999983,-3.7459999999999978
60,2.824999999999997,69.33200000000004,-3.8010000000000095,6.64500000000003
61,21.168000000000156,75.67,12.906999999999925,0.6659999999999906
62,1.0660000000000212,-2.2110000000000074,81.71700000000004,6.066000000000013
63,45.44400000000007,22.446000000000076,2.1580000000000066,-3.315999999999998
64,7.199000000000031,72.47600000000004,8.886000000000044,9.307000000000013
65,2.4169999999999887,74.90300000000003,6.421000000000013,1.9149999999999916
66,-3.836999999999995,6.2710000000000035,18.343000000000043,12.95800000000002
67,7.062000000000008,-1.0319999999999983,4.636000000000008,8.350000000000046
68,4.680999999999999,81.71700000000004,3.7169999999999934,4.753000000000041
69,-2.337999999999986,82.66600000000003,-5.823999999999986,3.4050000000000025
70,10.512000000000034,11.163000000000038,4.163000000000002,-0.28300000000000247
71,-3.649999999999956,31.110000000000056,-1.2219999999999982,8.778000000000048
72,-1.9700000000000104,92.30700000000004,5.307000000000041,-9.246999999999959
73,8.155999999999972,87.16800000000009,3.4169999999999887,1.6460000000000032
74,3.99400000000001,9.512000000000027,8.030000000000031,-2.210999999999991
75,-2.6499999999999977,1.0160000000000018,3.348000000000049,13.968000000000037
76,-0.247000000000006,82.75300000000004,9.440000000000015,-2.150000000000006
77,13.665999999999974,82.92300000000006,12.65799999999999,3.9150000000000182
78,8.27100000000002,11.548000000000025,-1.5600000000000107,6.645000000000008
79,3.730000000000003,17.492000000000044,9.778000000000045,1.8260000000000152
80,6.753000000000018,78.27100000000004,1.9580000000000184,-7.487999999999993
81,2.6579999999999937,70.40899999999995,-1.342000000000005,5.919000000000006
82,4.2710000000000266,3.475999999999996,7.861000000000008,4.198999999999997
83,7.302000000000026,4.778000000000018,-0.5559999999999978,4.016000000000004
84,3.2349999999999945,31.440000000000047,10.645000000000016,6.717000000000016
85,9.176,39.155999999999835,1.4089999999999958,-5.859999999999993
86,6.512000000000016,25.271000000000008,-7.764999999999995,7.922000000000011
87,0.9680000000000022,39.206000000000024,-5.271999999999979,9.254000000000017
88,3.547999999999991,10.440000000000023,-0.48799999999997323,6.439999999999998
89,7.409000000000003,-7.578999999999986,7.9189999999999925,6.678000000000029
90,2.029999999999992,74.95800000000004,3.19899999999999,6.199000000000007
91,11.110000000000044,81.01600000000006,2.7300000000000013,5.730000000000036
92,-3.0420000000000122,-5.692999999999977,-0.17499999999996585,3.9579999999999926
93,0.16399999999999393,0.17999999999998928,-2.8440000000000047,6.16
94,9.99400000000002,91.89700000000005,7.4759999999999955,4.573000000000001
95,7.4440000000000275,74.44400000000006,12.350000000000053,0.6360000000000032
96,11.512000000000029,7.789000000000007,2.9939999999999958,7.958000000000023
97,2.67799999999999,3.673999999999996,2.163999999999987,2.156000000000014
98,-1.6569999999999916,94.82500000000005,0.6450000000000278,0.9939999999999932
99,6.302000000000016,75.92000000000006,-12.221999999999964,7.254000000000035
100,-5.005999999999996,3.680999999999994,9.92200000000003,-2.07800000000001
101,1.155999999999997,6.919000000000004,16.433000000000014,-0.5910000000000056
102,3.440000000000001,84.92200000000004,10.30700000000004,7.4760000000000115
103,2.778000000000002,94.06400000000006,3.4440000000000315,-3.0319999999999636
104,0.7889999999999919,-2.2470000000000128,-1.5240000000000067,-5.006000000000001
105,2.1680000000000303,8.408999999999962,9.665999999999938,4.168000000000003
106,1.0299999999999945,83.99400000000004,-0.7650000000000092,11.922000000000025
107,7.586000000000055,76.96800000000006,-0.03199999999997161,-0.22199999999999775
108,12.199000000000051,-5.836999999999979,2.7890000000000086,1.4039999999999964
109,7.156000000000012,1.416999999999998,-5.3300000000000045,1.9149999999999996
110,-4.113999999999982,85.51200000000004,6.994000000000019,-2.3190000000000106
111,-6.079999999999988,98.20800000000007,4.444000000000038,8.778000000000013
112,-0.7290000000000035,1.4760000000000075,3.717000000000013,6.27100000000002
113,11.156,-1.081000000000005,6.666000000000011,-7.570999999999956
114,8.789000000000023,83.19900000000004,0.9220000000000007,5.922000000000009
115,4.634000000000039,88.39800000000007,8.778000000000013,6.492000000000026
116,2.1989999999999914,5.512000000000031,-2.078000000000002,7.162999999999994
117,6.413000000000003,2.163999999999992,13.90699999999998,2.1480000000000024
118,-5.764999999999982,70.75300000000004,16.055000000000025,-1.5240000000000067
119,0.44400000000000484,80.49200000000006,-8.127999999999966,3.2060000000000066
120,-0.7290000000000088,5.681000000000006,30.681000000000047,10.958000000000023
121,26.93100000000017,5.9150000000000205,18.661999999999956,8.16400000000001
122,8.68100000000005,68.78900000000004,8.307000000000011,3.029999999999991
123,-0.12799999999999834,77.15800000000006,24.96800000000007,8.112000000000068
124,5.584000000000005,6.512000000000034,4.101999999999996,8.235000000000026
125,-2.5910000000000104,11.653999999999977,2.417000000000001,1.665999999999991
126,2.4760000000000177,94.78900000000004,6.512000000000034,2.7529999999999943
127,5.016000000000046,76.39600000000006,4.016000000000007,4.302000000000003
128,9.163000000000029,-6.354999999999961,-1.765000000000006,-2.247000000000008
129,5.91500000000002,5.661999999999995,6.164000000000006,-4.835999999999997
130,5.163000000000018,69.44000000000004,6.994000000000021,-2.0060000000000007
131,-2.459999999999996,86.54000000000006,3.3960000000000083,-2.3639999999999857
132,0.5119999999999928,11.548000000000032,2.7170000000000236,15.404000000000032
133,0.6540000000000006,12.167999999999996,-9.341999999999992,3.1599999999999913
134,12.476000000000035,89.82500000000005,5.584000000000001,10.27100000000003
135,6.064000000000025,84.77800000000006,-0.0799999999999983,8.872000000000039
136,4.102000000000006,4.270999999999993,7.753000000000004,5.403999999999996
137,2.919000000000007,-5.088999999999999,16.40099999999997,5.405000000000018
138,1.5840000000000258,82.16300000000004,-1.7650000000000081,-2.9340000000000064
139,6.634000000000039,85.77800000000006,9.492000000000047,-1.5559999999999943
140,8.102000000000018,-10.861999999999977,9.958000000000032,0.8250000000000056
141,-2.0810000000000093,-3.0890000000000066,1.6780000000000141,5.4169999999999945
142,9.199000000000034,66.19900000000004,-8.005999999999974,9.645000000000039
143,-6.173999999999992,83.01600000000006,4.206000000000042,-1.1739999999999928
144,14.066000000000015,0.34300000000000175,8.753000000000032,7.3790000000000475
145,0.4089999999999948,1.408999999999999,6.66600000000002,-3.583000000000012
146,2.234999999999997,89.51200000000004,4.7169999999999925,6.163000000000027
147,3.0160000000000102,86.96800000000006,0.7300000000000293,0.15800000000000525
148,3.199000000000006,9.994000000000025,0.43999999999999717,-4.873000000000004
149,-1.8360000000000083,1.6700000000000093,11.416999999999963,-1.5870000000000073
150,-4.221999999999991,81.95800000000004,2.234999999999995,2.209999999999993
151,2.682000000000008,85.82600000000006,2.3960000000000017,5.778000000000064
152,-3.7290000000000068,4.439999999999995,1.7889999999999922,9.235000000000039
153,5.417000000000003,8.673999999999982,4.425000000000029,13.910999999999985
154,9.681000000000012,71.40400000000004,4.717000000000024,3.861000000000002
155,4.492000000000008,91.82600000000006,10.44400000000006,1.348000000000006
156,3.620000000000048,7.235000000000014,5.163000000000018,0.4399999999999945
157,7.918999999999998,2.1679999999999877,-5.819999999999999,8.41700000000001
158,-4.800999999999967,84.82500000000005,5.404000000000003,2.511999999999994
159,2.254000000000002,88.82600000000006,7.5400000000000205,8.302000000000016
160,-2.7650000000000072,-1.006000000000004,-2.0060000000000078,2.994000000000026
161,6.911000000000005,8.424999999999992,6.172000000000002,10.408999999999999
162,-0.5599999999999953,66.12700000000004,5.958000000000015,-2.2830000000000066
163,1.9220000000000024,75.63400000000006,4.872000000000035,10.730000000000045
164,-6.728999999999998,8.307000000000004,2.958000000000023,10.681000000000017
165,7.156000000000014,1.6739999999999915,-3.819999999999973,7.15600000000002
166,6.957999999999998,77.44000000000004,8.548,3.0299999999999936
167,12.63400000000005,84.96800000000006,-0.5079999999999982,-2.9359999999999937
168,6.957999999999998,8.199000000000014,-0.04200000000000814,10.99400000000002
169,11.413,0.9230000000000255,-2.330000000000009,1.4210000000000087
170,17.27100000000004,74.60900000000004,12.922000000000025,-4.041999999999987
171,9.11000000000005,81.44600000000007,-1.3659999999999983,-1.7939999999999983
172,4.2350000000000145,6.994000000000024,-0.28300000000000847,-7.041999999999957
173,0.42100000000000914,3.6619999999999933,-0.0810000000000064,3.412999999999997
174,2.609000000000005,74.95800000000004,13.584000000000044,5.680999999999999
175,11.68400000000006,96.44600000000007,9.586000000000025,1.8720000000000057
176,2.378999999999998,-1.2830000000000052,-2.006000000000003,6.922000000000038
177,-2.33000000000001,4.171999999999988,9.650000000000015,1.9109999999999912
178,-14.836999999999964,83.68100000000004,-5.175000000000002,6.198999999999999
179,11.920000000000027,74.82400000000005,8.206000000000058,9.016000000000016
180,2.4759999999999924,13.958000000000041,52.75300000000005,10.958000000000032
181,36.40499999999984,1.4289999999999985,5.674000000000012,0.9070000000000086
182,18.51200000000005,80.68100000000004,0.9579999999999926,0.5119999999999919
183,10.160000000000075,86.06400000000006,-0.9359999999999791,3.540000000000039
184,6.270999999999997,55.332000000000036,-1.355000000000004,0.6809999999999945
185,-0.8280000000000073,66.42500000000005,2.1679999999999935,3.4169999999999945
186,10.199000000000016,18.886000000000017,-3.355000000000006,7.789000000000009
187,-0.8419999999999983,17.68200000000007,4.778000000000018,5.300000000000027
188,2.3679999999999928,6.958000000000016,2.9939999999999984,8.717000000000025
189,7.931000000000014,2.167999999999985,7.413000000000012,4.914999999999993
190,-1.2470000000000088,84.78900000000004,-2.7650000000000072,-4.041999999999985
191,3.634000000000017,79.87200000000006,16.588000000000054,9.586000000000023
192,3.1269999999999922,6.1630000000000145,-4.52399999999999,7.163
193,1.9030000000000231,-6.579000000000009,-9.338,-6.337999999999986
194,7.958000000000032,83.92200000000004,-0.800999999999997,6.174000000000012
195,14.68200000000006,84.77800000000006,0.2540000000000018,9.968000000000025
196,8.030000000000035,-1.0419999999999952,-5.692999999999994,-8.523999999999969
197,8.42099999999999,-4.330000000000005,-2.3380000000000067,-1.3260000000000112
198,-2.077999999999998,81.40400000000004,9.814000000000043,0.3069999999999963
199,-0.46199999999998687,92.06400000000006,2.586000000000008,5.158000000000047
200,0.6449999999999922,9.645000000000005,0.27099999999999513,0.16299999999999581
201,6.159999999999997,-2.599000000000008,1.4209999999999898,16.160000000000007
202,11.271000000000036,83.99400000000004,5.44,-2.7650000000000086
203,13.634000000000036,89.44400000000006,-4.269999999999969,5.540000000000017
204,2.9579999999999873,3.921999999999994,5.958000000000002,1.5839999999999905
205,6.409000000000009,10.16,0.9149999999999975,0.6699999999999975
206,2.403999999999999,86.99400000000004,1.2710000000000252,2.1630000000000145
207,1.3960000000000026,67.25400000000006,4.016000000000023,8.206000000000007
208,1.7889999999999953,2.681000000000016,0.0659999999999874,-2.2470000000000017
209,0.9029999999999961,-4.583000000000003,4.16400000000002,2.911000000000016
210,9.440000000000046,86.19900000000004,-3.5239999999999725,7.681000000000008
211,1.4440000000000115,81.63400000000006,-1.5559999999999983,3.1100000000000017
212,2.7529999999999855,6.922000000000013,0.993999999999995,8.066000000000036
213,5.1559999999999935,1.9149999999999903,-3.828000000000008,-8.077
214,1.9939999999999927,98.86100000000005,5.440000000000007,4.548000000000007
215,10.34800000000005,83.92000000000006,-2.5079999999999982,10.01600000000002
216,3.645000000000011,-2.7650000000000055,15.066000000000052,-2.2110000000000034
217,0.42499999999998594,-4.582999999999974,4.666000000000017,5.669999999999994
218,1.1989999999999923,80.68100000000004,4.029999999999995,4.34299999999999
219,5.062000000000031,81.92000000000006,4.6340000000000074,-7.079999999999963
220,6.850000000000024,9.09100000000002,10.92200000000001,1.439999999999992
221,1.1559999999999917,4.915,4.9070000000000045,-5.827999999999984
222,4.824999999999993,83.12700000000004,-3.8370000000000033,3.342999999999995
223,14.160000000000059,71.34800000000006,9.06400000000002,4.16000000000002
224,8.886000000000017,-2.8010000000000086,8.163000000000006,6.789000000000016
225,-1.0890000000000035,4.930999999999998,2.9030000000000094,2.669999999999991
226,7.23500000000003,74.92200000000004,3.8499999999999974,3.029999999999998
227,8.016000000000046,75.87200000000006,2.254000000000002,5.682000000000031
228,-0.5960000000000089,8.54800000000004,4.163000000000013,8.573000000000025
229,10.673999999999987,3.9029999999999982,5.17200000000001,-5.330000000000006
230,2.994000000000011,80.62000000000005,18.656000000000045,4.403999999999994
231,19.824000000000055,82.06400000000006,8.87400000000003,2.4920000000000013
232,3.957999999999992,2.511999999999998,4.824999999999997,12.717000000000047
233,14.66199999999999,9.910999999999985,8.907000000000023,2.409000000000003
234,14.404000000000034,74.60900000000004,-2.837000000000008,-1.3550000000000035
235,-4.697999999999997,72.25200000000005,-0.6039999999999792,4.9680000000000195
236,6.030000000000015,10.368000000000011,2.4400000000000017,2.8860000000000254
237,6.674000000000011,0.674000000000013,3.9189999999999974,-4.586999999999982
238,7.958000000000002,81.27100000000004,-7.7649999999999775,0.43999999999999695
239,23.492000000000058,96.16000000000007,10.492000000000035,-2.745999999999995
240,12.922000000000022,71.36800000000004,12.620000000000058,6.681000000000009
241,37.408999999999814,58.41699999999983,13.657999999999966,5.4250000000000185
242,-3.873000000000009,16.163000000000007,-1.4520000000000013,5.681000000000029
243,7.540000000000058,26.064000000000043,8.968000000000055,4.44400000000001
244,-3.0060000000000033,88.23500000000004,8.958000000000025,1.922000000000001
245,13.420999999999975,75.41700000000002,-3.5630000000000117,1.167999999999994
246,0.4039999999999895,-11.210999999999977,11.753000000000046,3.9579999999999966
247,6.540000000000019,4.682000000000025,8.778000000000036,3.872000000000017
248,14.332000000000033,81.03000000000004,0.4759999999999962,5.451000000000001
249,-0.5909999999999883,88.17200000000011,1.9149999999999943,4.674000000000015
250,3.620000000000007,10.886000000000031,15.994000000000025,1.9579999999999935
251,5.922000000000015,-2.601999999999998,5.300000000000022,11.588000000000065
252,9.163000000000045,91.78900000000004,2.2350000000000136,11.271000000000024
253,4.67399999999999,93.92300000000016,4.4209999999999985,9.405000000000008
254,2.440000000000007,6.3679999999999986,-5.451999999999994,4.788999999999997
255,13.254000000000067,0.9680000000000017,-4.507999999999996,2.1100000000000017
256,4.2709999999999955,90.10200000000005,2.270999999999992,6.994000000000021
257,0.6699999999999993,79.17200000000005,6.666000000000029,3.417000000000003
258,6.753000000000033,-3.9089999999999976,-8.487999999999978,-4.595999999999996
259,1.0640000000000192,3.4440000000000017,1.0160000000000151,-6.413999999999957
260,-7.836999999999965,95.30700000000004,8.45100000000005,4.065999999999995
261,-3.5870000000000126,91.17600000000013,3.669999999999993,2.914999999999998
262,5.224000000000015,2.752999999999991,6.994000000000002,4.958000000000002
263,1.2540000000000227,9.920000000000064,8.824000000000042,1.7300000000000018
264,11.102000000000015,77.92200000000004,1.23499999999999,-6.246999999999999
265,0.9070000000000041,86.41700000000014,-1.0809999999999915,9.416999999999982
266,6.957999999999998,-2.0059999999999913,5.922000000000033,1.6089999999999944
267,10.302000000000033,9.730000000000054,8.06400000000005,-5.173999999999996
268,1.9939999999999989,78.03000000000004,6.439999999999998,14.40400000000004
269,9.67799999999996,69.1519999999999,-2.578999999999995,4.405000000000001
270,0.1629999999999998,0.27099999999999014,-0.04200000000000281,9.271000000000003
271,-6.127999999999981,1.302000000000005,12.636000000000047,7.4920000000000275
272,7.958000000000013,78.99400000000004,3.7890000000000303,-3.5240000000000125
273,9.164000000000003,81.91900000000008,-2.58300000000001,6.654000000000012
274,4.307000000000004,0.993999999999999,13.75300000000005,11.681000000000036
275,7.874000000000034,6.8740000000000325,-1.507999999999961,-1.7479999999999984
276,1.6810000000000063,70.68100000000004,0.6809999999999976,-2.765000000000009
277,4.172000000000003,81.16800000000008,-3.338000000000005,11.159999999999984
278,1.8250000000000206,0.2709999999999978,0.23499999999999677,4.127000000000009
279,17.158000000000055,1.8260000000000018,6.96800000000003,3.6820000000000013
280,-1.729000000000008,71.68100000000004,-6.3189999999999955,-2.2830000000000004
281,-1.3380000000000014,84.16400000000009,19.429000000000016,-1.8280000000000078
282,5.03000000000004,7.994000000000026,1.2349999999999954,2.127
283,4.922000000000022,4.540000000000002,1.9200000000000017,-1.7459999999999871
284,11.584000000000032,89.99400000000004,4.645000000000023,2.4399999999999915
285,5.409000000000006,83.17600000000012,6.662000000000001,4.910999999999999
286,-0.5600000000000017,3.307000000000012,11.343000000000028,4.994000000000039
287,9.634000000000063,1.5400000000000023,3.3020000000000107,4.922000000000027
288,5.368000000000009,88.51200000000004,3.583999999999992,-0.006000000000006445
289,2.1599999999999873,88.1760000000001,-7.345999999999973,-2.5910000000000055
290,4.234999999999995,8.47600000000001,-1.8730000000000109,-1.872999999999995
291,6.730000000000036,4.968000000000005,7.0160000000000124,1.5860000000000043
292,4.547999999999995,60.01900000000004,10.27100000000004,-9.451999999999988
293,0.1719999999999997,79.16000000000001,5.907000000000003,12.41300000000002
294,-5.005999999999975,-5.764999999999999,2.619999999999993,8.620000000000047
295,-3.0799999999999983,0.01600000000000179,-1.1279999999999983,7.778000000000047
296,10.138000000000025,92.86100000000005,6.95800000000002,5.030000000000016
297,2.657999999999995,74.91499999999996,3.4089999999999927,5.421000000000013
298,-3.934000000000006,-2.9700000000000055,16.37900000000005,3.9580000000000024
299,4.112000000000039,9.254000000000028,6.588000000000042,-0.22199999999998177
300,57.404000000000046,76.95800000000004,3.3430000000000017,4.9940000000000175
301,14.653999999999979,83.91900000000008,-1.3300000000000045,4.163999999999987
302,4.235000000000037,-0.7649999999999968,2.198999999999999,-7.7289999999999655
303,4.206000000000014,1.0160000000000227,22.064000000000075,8.206000000000053
304,4.6450000000000005,78.95800000000004,2.753000000000002,-1.006
305,0.4169999999999948,87.42100000000012,5.163999999999995,-1.0890000000000093
306,-9.185999999999966,-1.524000000000004,-4.765000000000002,3.271000000000017
307,-1.5559999999999983,16.11200000000007,4.206000000000005,-0.0779999999999963
308,4.090999999999999,96.03000000000004,-5.559999999999997,9.343000000000016
309,8.151999999999985,89.6660000000001,1.1679999999999937,7.906999999999985
310,8.71700000000001,5.994000000000048,4.271000000000005,3.994000000000008
311,-0.07999999999999119,10.874000000000066,0.4440000000000017,3.3020000000000054
312,1.7170000000000025,79.23500000000004,6.717000000000024,7.680999999999999
313,2.9189999999999943,83.16800000000008,-14.338000000000017,2.9310000000000325
314,-5.559999999999983,-1.6209999999999951,12.379000000000017,8.030000000000035
315,9.064000000000037,-0.31799999999999695,3.016000000000002,5.872000000000034
316,1.9579999999999993,84.40400000000004,-0.35500000000001297,-1.3800000000000057
317,2.66200000000001,90.42100000000019,0.16400000000000592,-3.8520000000000065
318,2.029999999999993,-0.6930000000000053,5.933000000000006,1.1990000000000012
319,-4.221999999999991,2.064000000000014,0.3020000000000018,-2.7939999999999983
320,6.307000000000006,78.06600000000005,-0.5600000000000029,-1.150000000000004
321,-0.5750000000000088,82.16000000000004,-7.84400000000002,-3.3540000000000068
322,-0.31899999999999973,4.548000000000012,0.7169999999999948,-5.692999999999982
323,0.5880000000000019,11.682000000000054,9.778000000000022,2.7780000000000076
324,2.4759999999999898,79.68100000000004,-0.24700000000000588,-2.1140000000000048
325,1.9069999999999991,90.67400000000015,-0.8320000000000091,4.910999999999994
326,7.102000000000015,-3.693000000000007,7.440000000000028,-0.31900000000000417
327,-3.031999999999966,1.7780000000000133,6.492000000000017,11.874000000000049
328,4.0299999999999905,74.95800000000004,14.922000000000036,9.030000000000012
329,-7.836000000000005,85.16400000000007,7.674000000000023,-3.3300000000000076
330,14.645000000000039,0.5480000000000167,-5.282999999999996,3.1740000000000093
331,1.1580000000000017,2.3480000000000016,3.540000000000064,-3.937999999999992
332,-1.175000000000007,80.47600000000004,9.066000000000017,2.7169999999999943
333,-1.5749999999999904,90.18000000000013,0.6659999999999935,-3.0850000000000035
334,3.3069999999999973,-6.077999999999976,10.199000000000018,4.439999999999998
335,-9.649999999999974,4.9200000000000035,8.350000000000042,-4.127999999999998
336,5.512000000000015,86.99400000000004,13.88600000000004,1.7529999999999961
337,9.152000000000013,93.9190000000001,-5.599000000000002,0.4129999999999957
338,13.47600000000004,-6.318999999999994,2.43999999999999,-1.9340000000000073
339,-1.9379999999999895,22.06400000000007,-2.9839999999999716,-0.41199999999999504
340,3.030000000000008,68.44000000000004,8.958000000000006,5.512000000000007
341,7.176000000000004,71.90699999999997,-4.0929999999999955,1.1479999999999895
342,-1.93399999999999,2.8250000000000006,9.476000000000038,-5.451999999999981
343,2.112000000000002,1.5400000000000023,5.064000000000062,0.5400000000000018
344,1.3069999999999964,78.36800000000004,4.716999999999996,3.9219999999999957
345,4.16,85.42100000000006,16.420999999999975,1.662
346,4.789000000000007,5.163000000000007,13.332000000000022,-0.11400000000000332
347,15.970000000000063,7.302000000000051,4.5860000000000305,1.0160000000000173
348,5.99400000000001,93.54800000000004,7.717000000000034,0.9219999999999936
349,-1.0929999999999775,83.65400000000005,2.156,2.9109999999999925
350,0.9219999999999936,-0.04200000000000503,6.5479999999999965,-3.5600000000000023
351,0.9680000000000115,5.966000000000008,7.968000000000043,4.63600000000001
352,11.404000000000034,83.19900000000004,2.3069999999999937,1.88599999999999
353,5.907000000000019,76.16399999999999,0.906999999999996,-8.073000000000002
354,0.7529999999999885,-0.39100000000000845,2.6810000000000107,0.4039999999999936
355,0.8740000000000161,0.7300000000000075,5.492000000000019,1.2520000000000016
356,-2.765000000000009,89.27100000000004,-8.210999999999972,9.789000000000012
357,3.91499999999999,83.66600000000005,1.1560000000000024,-14.08500000000005
358,1.6449999999999894,2.5480000000000067,13.199000000000037,7.235000000000017
359,3.7300000000000013,2.016000000000005,-1.3179999999999894,6.968000000000027
360,11.091000000000017,33.68100000000005,11.886000000000049,4.440000000000009
361,70.15600000000006,31.176000000000055,-5.843999999999982,-1.3260000000000072
362,13.994000000000025,53.03000000000005,33.78900000000005,4.342999999999994
363,9.158000000000051,72.16000000000007,9.254000000000064,11.778000000000056
364,1.4399999999999986,79.34300000000005,4.3070000000000075,-3.873000000000002
365,-2.077000000000006,75.40500000000002,7.914999999999998,7.416999999999988
366,10.235000000000007,3.7169999999999934,2.8499999999999948,-5.9699999999999775
367,-8.793999999999969,-3.9839999999999676,0.6340000000000017,7.016000000000034
368,3.4400000000000195,79.99400000000004,11.44000000000001,-7.006000000000004
369,0.40899999999999515,76.91500000000002,11.665999999999988,12.915000000000006
370,5.40400000000004,10.717000000000008,8.476000000000006,-1.693000000000008
371,1.8720000000000017,-0.03199999999999603,7.586000000000048,4.254000000000012
372,0.6810000000000034,70.47600000000004,5.030000000000023,-9.005999999999974
373,9.666000000000013,73.90299999999995,1.6699999999999866,0.17599999999998994
374,1.6810000000000023,-2.5240000000000067,4.066000000000001,0.234999999999991
375,7.206000000000033,-9.173999999999957,3.0160000000000067,5.2540000000000315
376,1.270999999999991,83.51200000000004,3.306999999999997,2.6810000000000223
377,-1.3340000000000063,83.16400000000009,10.16399999999999,-0.8280000000000091
378,6.2350000000000225,7.825000000000001,8.753000000000034,25.71700000000004
379,6.968000000000046,-0.26999999999999824,-5.889999999999965,3.2060000000000013
380,2.4039999999999946,88.27100000000004,9.512000000000045,7.897000000000032
381,-3.583000000000006,77.40900000000005,11.441000000000018,4.670000000000006
382,-9.451999999999984,2.270999999999997,-0.5240000000000019,12.127000000000034
383,0.06400000000000272,7.82600000000004,-0.935999999999988,7.158000000000042
384,0.8609999999999901,96.27100000000004,-2.488000000000006,-0.35500000000000587
385,6.915000000000018,83.42100000000003,15.408999999999956,-2.5910000000000126
386,-0.35500000000000775,4.439999999999989,-8.728999999999996,3.958000000000006
387,4.158000000000033,12.682000000000057,-2.6039999999999557,12.920000000000046
388,-1.83700000000001,69.23500000000004,12.174000000000053,10.95800000000004
389,6.421000000000024,70.40499999999999,3.412999999999998,0.4209999999999935
390,-1.7650000000000063,-1.9700000000000069,12.440000000000007,4.019000000000007
391,-5.793999999999995,-2.125999999999983,12.922000000000072,0.6820000000000017
392,1.4039999999999924,74.95800000000004,-2.354999999999988,-1.0779999999999985
393,-1.3420000000000103,87.17200000000005,-3.3340000000000063,-1.3420000000000085
394,10.271000000000036,-5.93399999999997,0.9579999999999936,-1.175000000000004
395,16.730000000000054,4.302000000000037,8.444000000000031,17.206000000000046
396,-0.3190000000000067,85.03000000000004,13.404000000000039,-0.006000000000004002
397,-0.5830000000000064,70.64199999999995,13.653999999999948,3.666000000000027
398,7.753000000000025,-0.8370000000000013,3.71699999999999,0.1629999999999956
399,6.158000000000012,-0.3179999999999983,-3.4139999999999957,-6.413999999999984
400,8.53700000000001,79.23500000000004,4.753000000000043,2.511999999999993
401,-1.5830000000000113,63.91899999999984,-6.835999999999992,2.9229999999999987
402,-3.5959999999999894,6.922000000000022,-2.138999999999998,5.753
403,5.302000000000053,-0.603999999999989,7.68200000000005,13.350000000000069
404,1.9939999999999989,89.62000000000005,-2.174999999999993,2.6089999999999955
405,15.918999999999988,90.42500000000015,0.40499999999999337,11.67799999999996
406,-0.2830000000000038,6.3069999999999995,-5.728999999999997,9.404000000000023
407,0.06400000000000317,8.636000000000053,-5.9839999999999804,10.874000000000024
408,0.2709999999999906,79.47600000000004,2.6810000000000116,4.234999999999994
409,0.6580000000000006,68.14799999999993,10.915000000000001,6.67400000000001
410,0.7529999999999919,1.5119999999999894,1.3679999999999923,4.644999999999996
411,2.588000000000041,8.396000000000015,17.920000000000062,8.25400000000003
412,4.994000000000006,90.78900000000004,1.1989999999999945,5.958000000000016
413,11.416999999999977,71.65399999999998,10.669999999999996,3.1599999999999904
414,6.584000000000017,-2.6210000000000067,-5.595999999999988,13.753000000000041
415,5.396000000000006,0.6340000000000017,4.778000000000004,1.4920000000000018
416,2.512000000000015,88.44000000000004,2.7889999999999926,-2.897999999999979
417,-1.8280000000000092,90.67000000000014,11.172000000000006,1.4289999999999927
418,1.0659999999999923,5.994,8.343000000000009,6.645000000000004
419,-5.077999999999976,10.492000000000026,1.0160000000000018,18.540000000000052
420,8.343000000000032,12.199000000000051,11.717000000000033,9.886000000000037
421,19.168000000000138,7.918999999999921,6.91899999999998,7.416999999999983
422,10.994000000000055,76.99400000000004,10.825000000000045,15.922000000000025
423,22.112000000000076,70.34800000000006,11.588000000000076,4.824000000000003
424,8.608999999999998,11.512000000000018,-6.282999999999996,7.584000000000044
425,5.911000000000001,-1.333999999999988,2.1679999999999935,0.6619999999999908
426,8.307000000000043,75.75300000000004,8.404000000000028,2.957999999999996
427,2.9200000000000017,80.34800000000006,9.158000000000055,1.2540000000000155
428,13.994000000000037,4.885999999999997,4.957999999999999,3.3069999999999893
429,-4.0809999999999995,-8.840000000000012,9.412999999999988,1.6659999999999904
430,4.922000000000029,75.71700000000004,-4.041999999999992,2.788999999999994
431,5.682000000000011,83.58800000000006,1.7760000000000078,5.634000000000036
432,16.030000000000033,5.922000000000031,-2.837000000000004,8.404000000000012
433,5.6579999999999995,-2.8440000000000096,-1.0850000000000106,-2.840000000000012
434,-0.7290000000000063,89.64500000000004,-10.005999999999977,2.885999999999991
435,10.016000000000018,77.25400000000006,8.064000000000032,3.8720000000000043
436,3.547999999999995,12.994000000000023,3.440000000000014,1.7169999999999965
437,-2.8240000000000114,13.171999999999978,5.67400000000001,3.4329999999999967
438,3.8970000000000335,85.23500000000004,5.958000000000001,5.475999999999997
439,5.636000000000012,77.63400000000006,5.538000000000032,-3.461999999999986
440,1.3069999999999955,9.958000000000032,5.993999999999996,7.717000000000025
441,0.9150000000000126,1.6699999999999962,6.9230000000000045,10.416999999999948
442,8.307000000000034,85.40400000000004,-0.488000000000001,-0.7649999999999991
443,4.778000000000002,86.49200000000006,9.302000000000008,3.682000000000021
444,17.681000000000033,5.379000000000017,10.850000000000023,1.2349999999999963
445,-5.064999999999983,-0.8320000000000053,0.42099999999999616,-8.590999999999982
446,0.7529999999999931,84.78900000000004,-4.00599999999999,0.23499999999999277
447,2.2540000000000027,84.34800000000006,2.016000000000002,5.016000000000002
448,5.958000000000025,5.235000000000024,9.512000000000045,25.958000000000048
449,7.666000000000011,0.9150000000000059,-12.57500000000001,6.164
450,6.753000000000001,70.99400000000004,1.3069999999999902,4.850000000000015
451,8.96800000000002,84.96800000000006,-6.649999999999961,2.2060000000000017
452,6.368000000000016,4.824999999999996,9.861000000000004,3.7889999999999993
453,2.4170000000000074,-4.3260000000000005,10.67399999999999,1.922999999999992
454,5.681000000000003,79.12700000000004,5.9220000000000095,4.6810000000000045
455,8.872000000000025,87.92200000000007,-2.4599999999999906,2.2060000000000017
456,1.378999999999997,3.439999999999991,6.163000000000027,10.199000000000018
457,2.6619999999999973,-3.5829999999999975,-2.0890000000000115,4.911000000000002
458,14.71700000000004,79.27100000000004,6.476000000000022,3.6809999999999947
459,5.872000000000009,78.25400000000006,6.778000000000038,-1.4119999999999924
460,-0.3550000000000073,0.1270000000000021,2.4759999999999938,7.958000000000006
461,-2.827999999999985,4.899000000000022,-3.089000000000005,2.171999999999992
462,-3.4519999999999955,76.19900000000004,-2.041999999999964,4.162999999999994
463,-1.1259999999999981,78.49200000000006,12.39600000000003,0.16000000000000725
464,4.71700000000001,3.6810000000000374,11.548000000000053,3.476000000000029
465,3.6619999999999955,-5.840000000000001,0.6619999999999957,2.906999999999993
466,9.27100000000001,78.92200000000004,4.717000000000005,3.75300000000001
467,1.634000000000022,88.68200000000006,4.73000000000001,3.4920000000000018
468,-2.2469999999999977,7.512000000000027,7.235000000000012,10.368000000000013
469,-0.33799999999997954,-3.852000000000007,-2.836000000000009,2.6539999999999924
470,1.4759999999999929,73.16300000000004,-3.3190000000000124,5.789000000000041
471,7.110000000000047,90.58800000000006,-0.4619999999999962,2.540000000000015
472,-0.48800000000000066,8.645000000000016,5.958000000000027,-3.2830000000000026
473,-2.0890000000000053,5.425000000000008,0.42899999999999383,7.4170000000000105
474,15.68100000000004,84.27100000000004,12.645000000000042,-3.2469999999999706
475,2.6340000000000017,76.34800000000006,-1.6499999999999986,2.1580000000000017
476,5.476000000000015,11.886000000000017,11.886000000000038,0.4759999999999963
477,0.4209999999999894,12.41699999999999,0.4209999999999977,6.172000000000022
478,6.199000000000019,82.44000000000004,7.825000000000013,-8.55999999999998
479,0.9680000000000075,84.54000000000006,0.6340000000000159,5.9200000000000195
480,,,,
481,,,,
482,,,,
483,,,,
484,,,,
485,,,,
486,,,,
487,,,,
488,,,,
489,,,,
490,,,,
491,,,,
492,,,,
493,,,,
494,,,,
495,,,,
496,,,,
497,,,,
498,,,,
499,,,,
500,,,,
501,,,,
502,,,,
503,,,,
504,,,,
505,,,,
506,,,,
507,,,,
508,,,,
509,,,,
510,,,,
511,,,,
512,,,,
513,,,,
514,,,,
515,,,,
516,,,,
517,,,,
518,,,,
519,,,,
520,,,,
521,,,,
522,,,,
523,,,,
524,,,,
525,,,,
526,,,,
527,,,,
528,,,,
529,,,,
530,,,,
531,,,,
532,,,,
533,,,,
534,,,,
535,,,,
536,,,,
537,,,,
538,,,,
539,,,,
540,,,,
541,,,,
542,,,,
543,,,,
544,,,,
545,,,,
546,,,,
547,,,,
548,,,,
549,,,,
550,,,,
551,,,,
552,,,,
553,,,,
554,,,,
555,,,,
556,,,,
557,,,,
558,,,,
559,,,,
560,,,,
561,,,,
562,,,,
563,,,,
564,,,,
565,,,,
566,,,,
567,,,,
568,,,,
569,,,,
570,,,,
571,,,,
572,,,,
573,,,,
574,,,,
575,,,,
576,,,,
577,,,,
578,,,,
579,,,,
580,,,,
581,,,,
582,,,,
583,,,,
584,,,,
585,,,,
586,,,,
587,,,,
588,,,,
589,,,,
590,,,,
591,,,,
592,,,,
593,,,,
594,,,,
595,,,,
596,,,,
597,,,,
598,,,,
599,,,,
600,,,,
601,,,,
602,,,,
603,,,,
604,,,,
605,,,,
606,,,,
607,,,,
608,,,,
609,,,,
610,,,,
611,,,,
612,,,,
613,,,,
614,,,,
615,,,,
616,,,,
617,,,,
618,,,,
619,,,,
620,,,,
621,,,,
622,,,,
623,,,,
624,,,,
625,,,,
626,,,,
627,,,,
628,,,,
629,,,,
630,,,,
631,,,,
632,,,,
633,,,,
634,,,,
635,,,,
636,,,,
637,,,,
638,,,,
639,,,,
640,,,,
641,,,,
642,,,,
643,,,,
644,,,,
645,,,,
646,,,,
647,,,,
648,,,,
649,,,,
650,,,,
651,,,,
652,,,,
653,,,,
654,,,,
655,,,,
656,,,,
657,,,,
658,,,,
659,,,,
660,,,,
661,,,,
662,,,,
663,,,,
664,,,,
665,,,,
666,,,,
667,,,,
668,,,,
669,,,,
670,,,,
671,,,,
672,,,,
673,,,,
674,,,,
675,,,,
676,,,,
677,,,,
678,,,,
679,,,,
680,,,,
681,,,,
682,,,,
683,,,,
684,,,,
685,,,,
686,,,,
687,,,,
688,,,,
689,,,,
690,,,,
691,,,,
692,,,,
693,,,,
694,,,,
695,,,,
696,,,,
697,,,,
698,,,,
699,,,,
700,,,,
701,,,,
702,,,,
703,,,,
704,,,,
705,,,,
706,,,,
707,,,,
708,,,,
709,,,,
710,,,,
711,,,,
712,,,,
713,,,,
714,,,,
715,,,,
716,,,,
717,,,,
718,,,,
719,,,,
720,,,,
721,,,,
722,,,,
723,,,,
724,,,,
725,,,,
726,,,,
727,,,,
728,,,,
729,,,,
730,,,,
731,,,,
732,,,,
733,,,,
734,,,,
735,,,,
736,,,,
737,,,,
738,,,,
739,,,,
740,,,,
741,,,,
742,,,,
743,,,,
744,,,,
745,,,,
746,,,,
747,,,,
748,,,,
749,,,,
750,,,,
751,,,,
752,,,,
753,,,,
754,,,,
755,,,,
756,,,,
757,,,,
758,,,,
759,,,,
760,,,,
761,,,,
762,,,,
763,,,,
764,,,,
765,,,,
766,,,,
767,,,,
768,,,,
769,,,,
770,,,,
771,,,,
772,,,,
773,,,,
774,,,,
775,,,,
776,,,,
777,,,,
778,,,,
779,,,,
780,,,,
781,,,,
782,,,,
783,,,,
784,,,,
785,,,,
786,,,,
787,,,,
788,,,,
789,,,,
790,,,,
791,,,,
792,,,,
793,,,,
794,,,,
795,,,,
796,,,,
797,,,,
798,,,,
799,,,,
800,,,,
801,,,,
802,,,,
803,,,,
804,,,,
805,,,,
806,,,,
807,,,,
808,,,,
809,,,,
810,,,,
811,,,,
812,,,,
813,,,,
814,,,,
815,,,,
816,,,,
817,,,,
818,,,,
819,,,,
820,,,,
821,,,,
822,,,,
823,,,,
824,,,,
825,,,,
826,,,,
827,,,,
828,,,,
829,,,,
830,,,,
831,,,,
832,,,,
833,,,,
834,,,,
835,,,,
836,,,,
837,,,,
838,,,,
839,,,,
840,,,,
841,,,,
842,,,,
843,,,,
844,,,,
845,,,,
846,,,,
847,,,,
848,,,,
849,,,,
850,,,,
851,,,,
852,,,,
853,,,,
854,,,,
855,,,,
856,,,,
857,,,,
858,,,,
859,,,,
860,,,,
861,,,,
862,,,,
863,,,,
864,,,,
865,,,,
866,,,,
867,,,,
868,,,,
869,,,,
870,,,,
871,,,,
872,,,,
873,,,,
874,,,,
875,,,,
876,,,,
877,,,,
878,,,,
879,,,,
880,,,,
881,,,,
882,,,,
883,,,,
884,,,,
885,,,,
886,,,,
887,,,,
888,,,,
889,,,,
890,,,,
891,,,,
892,,,,
893,,,,
894,,,,
895,,,,
896,,,,
897,,,,
898,,,,
899,,,,
900,,,,
901,,,,
902,,,,
903,,,,
904,,,,
905,,,,
906,,,,
907,,,,
908,,,,
909,,,,
910,,,,
911,,,,
912,,,,
913,,,,
914,,,,
915,,,,
916,,,,
917,,,,
918,,,,
919,,,,
920,,,,
921,,,,
922,,,,
923,,,,
924,,,,
925,,,,
926,,,,
927,,,,
928,,,,
929,,,,
930,,,,
931,,,,
932,,,,
933,,,,
934,,,,
935,,,,
936,,,,
937,,,,
938,,,,
939,,,,
940,,,,
941,,,,
942,,,,
943,,,,
944,,,,
945,,,,
946,,,,
947,,,,
948,,,,
949,,,,
950,,,,
951,,,,
952,,,,
953,,,,
954,,,,
955,,,,
956,,,,
957,,,,
958,,,,
959,,,,
960,,,,
961,,,,
962,,,,
963,,,,
964,,,,
965,,,,
966,,,,
967,,,,
968,,,,
969,,,,
970,,,,
971,,,,
972,,,,
973,,,,
974,,,,
975,,,,
976,,,,
977,,,,
978,,,,
979,,,,
980,,,,
981,,,,
982,,,,
983,,,,
984,,,,
985,,,,
986,,,,
987,,,,
988,,,,
989,,,,
990,,,,
991,,,,
992,,,,
993,,,,
994,,,,
995,,,,
996,,,,
997,,,,
998,,,,
999,,,,
1000,,,,
1001,,,,
1002,,,,
1003,,,,
1004,,,,
1005,,,,
1006,,,,
1007,,,,
1008,,,,
1009,,,,
1010,,,,
1011,,,,
1012,,,,
1013,,,,
1014,,,,
1015,,,,
1016,,,,
1017,,,,
1018,,,,
1019,,,,
1020,,,,
1021,,,,
1022,,,,
1023,,,,
1024,,,,
1025,,,,
1026,,,,
1027,,,,
1028,,,,
1029,,,,
1030,,,,
1031,,,,
1032,,,,
1033,,,,
1034,,,,
1035,,,,
1036,,,,
1037,,,,
1038,,,,
1039,,,,
1040,,,,
1041,,,,
1042,,,,
1043,,,,
1044,,,,
1045,,,,
1046,,,,
1047,,,,
1048,,,,
1049,,,,
1050,,,,
1051,,,,
1052,,,,
1053,,,,
1054,,,,
1055,,,,
1056,,,,
1057,,,,
1058,,,,
1059,,,,
1060,,,,
1061,,,,
1062,,,,
1063,,,,
1064,,,,
1065,,,,
1066,,,,
1067,,,,
1068,,,,
1069,,,,
1070,,,,
1071,,,,
1072,,,,
1073,,,,
1074,,,,
1075,,,,
1076,,,,
1077,,,,
1078,,,,
1079,,,,
1080,,,,
1081,,,,
1082,,,,
1083,,,,
1084,,,,
1085,,,,
1086,,,,
1087,,,,
1088,,,,
1089,,,,
1090,,,,
1091,,,,
1092,,,,
1093,,,,
1094,,,,
1095,,,,
1096,,,,
1097,,,,
1098,,,,
1099,,,,
1100,,,,
1101,,,,
1102,,,,
1103,,,,
1104,,,,
1105,,,,
1106,,,,
1107,,,,
1108,,,,
1109,,,,
1110,,,,
1111,,,,
1112,,,,
1113,,,,
1114,,,,
1115,,,,
1116,,,,
1117,,,,
1118,,,,
1119,,,,
1120,,,,
1121,,,,
1122,,,,
1123,,,,
1124,,,,
1125,,,,
1126,,,,
1127,,,,
1128,,,,
1129,,,,
1130,,,,
1131,,,,
1132,,,,
1133,,,,
1134,,,,
1135,,,,
1136,,,,
1137,,,,
1138,,,,
1139,,,,
1140,,,,
1141,,,,
1142,,,,
1143,,,,
1144,,,,
1145,,,,
1146,,,,
1147,,,,
1148,,,,
1149,,,,
1150,,,,
1151,,,,
1152,,,,
1153,,,,
1154,,,,
1155,,,,
1156,,,,
1157,,,,
1158,,,,
1159,,,,
1160,,,,
1161,,,,
1162,,,,
1163,,,,
1164,,,,
1165,,,,
1166,,,,
1167,,,,
1168,,,,
1169,,,,
1170,,,,
1171,,,,
1172,,,,
1173,,,,
1174,,,,
1175,,,,
1176,,,,
1177,,,,
1178,,,,
1179,,,,
1180,,,,
1181,,,,
1182,,,,
1183,,,,
1184,,,,
1185,,,,
1186,,,,
1187,,,,
1188,,,,
1189,,,,
1190,,,,
1191,,,,
1192,,,,
1193,,,,
1194,,,,
1195,,,,
1196,,,,
1197,,,,
1198,,,,
1199,,,,
1200,,,,
1201,,,,
1202,,,,
1203,,,,
1204,,,,
1205,,,,
1206,,,,
1207,,,,
1208,,,,
1209,,,,
1210,,,,
1211,,,,
1212,,,,
1213,,,,
1214,,,,
1215,,,,
1216,,,,
1217,,,,
1218,,,,
1219,,,,
1220,,,,
1221,,,,
1222,,,,
1223,,,,
1224,,,,
1225,,,,
1226,,,,
1227,,,,
1228,,,,
1229,,,,
1230,,,,
1231,,,,
1232,,,,
1233,,,,
1234,,,,
1235,,,,
1236,,,,
1237,,,,
1238,,,,
1239,,,,
1240,,,,
1241,,,,
1242,,,,
1243,,,,
1244,,,,
1245,,,,
1246,,,,
1247,,,,
1248,,,,
1249,,,,
1250,,,,
1251,,,,
1252,,,,
1253,,,,
1254,,,,
1255,,,,
1256,,,,
1257,,,,
1258,,,,
1259,,,,
1260,,,,
1261,,,,
1262,,,,
1263,,,,
1264,,,,
1265,,,,
1266,,,,
1267,,,,
1268,,,,
1269,,,,
1270,,,,
1271,,,,
1272,,,,
1273,,,,
1274,,,,
1275,,,,
1276,,,,
1277,,,,
1278,,,,
1279,,,,
1280,,,,
1281,,,,
1282,,,,
1283,,,,
1284,,,,
1285,,,,
1286,,,,
1287,,,,
1288,,,,
1289,,,,
1290,,,,
1291,,,,
1292,,,,
1293,,,,
1294,,,,
1295,,,,
1296,,,,
1297,,,,
1298,,,,
1299,,,,
1300,,,,
1301,,,,
1302,,,,
1303,,,,
1304,,,,
1305,,,,
1306,,,,
1307,,,,
1308,,,,
1309,,,,
1310,,,,
1311,,,,
1312,,,,
1313,,,,
1314,,,,
1315,,,,
1316,,,,
1317,,,,
1318,,,,
1319,,,,
1320,,,,
1321,,,,
1322,,,,
1323,,,,
1324,,,,
1325,,,,
1326,,,,
1327,,,,
1328,,,,
1329,,,,
1330,,,,
1331,,,,
1332,,,,
1333,,,,
1334,,,,
1335,,,,
1336,,,,
1337,,,,
1338,,,,
1339,,,,
1340,,,,
1341,,,,
1342,,,,
1343,,,,
1344,,,,
1345,,,,
1346,,,,
1347,,,,
1348,,,,
1349,,,,
1350,,,,
1351,,,,
1352,,,,
1353,,,,
1354,,,,
1355,,,,
1356,,,,
1357,,,,
1358,,,,
1359,,,,
1360,,,,
1361,,,,
1362,,,,
1363,,,,
1364,,,,
1365,,,,
1366,,,,
1367,,,,
1368,,,,
1369,,,,
1370,,,,
1371,,,,
1372,,,,
1373,,,,
1374,,,,
1375,,,,
1376,,,,
1377,,,,
1378,,,,
1379,,,,
1380,,,,
1381,,,,
1382,,,,
1383,,,,
1384,,,,
1385,,,,
1386,,,,
1387,,,,
1388,,,,
1389,,,,
1390,,,,
1391,,,,
1392,,,,
1393,,,,
1394,,,,
1395,,,,
1396,,,,
1397,,,,
1398,,,,
1399,,,,
1400,,,,
1401,,,,
1402,,,,
1403,,,,
1404,,,,
1405,,,,
1406,,,,
1407,,,,
1408,,,,
1409,,,,
1410,,,,
1411,,,,
1412,,,,
1413,,,,
1414,,,,
1415,,,,
1416,,,,
1417,,,,
1418,,,,
1419,,,,
1420,,,,
1421,,,,
1422,,,,
1423,,,,
1424,,,,
1425,,,,
1426,,,,
1427,,,,
1428,,,,
1429,,,,
1430,,,,
1431,,,,
1432,,,,
1433,,,,
1434,,,,
1435,,,,
1436,,,,
1437,,,,
1438,,,,
1439,,,,
1440,,,,
1441,,,,
1442,,,,
1443,,,,
1444,,,,
1445,,,,
1446,,,,
1447,,,,
1448,,,,
1449,,,,
1450,,,,
1451,,,,
1452,,,,
1453,,,,
1454,,,,
1455,,,,
1456,,,,
1457,,,,
1458,,,,
1459,,,,
1460,,,,
1461,,,,
1462,,,,
1463,,,,
1464,,,,
1465,,,,
1466,,,,
1467,,,,
1468,,,,
1469,,,,
1470,,,,
1471,,,,
1472,,,,
1473,,,,
1474,,,,
1475,,,,
1476,,,,
1477,,,,
1478,,,,
1479,,,,
1480,,,,
1481,,,,
1482,,,,
1483,,,,
1484,,,,
1485,,,,
1486,,,,
1487,,,,
1488,,,,
1489,,,,
1490,,,,
1491,,,,
1492,,,,
1493,,,,
1494,,,,
1495,,,,
1496,,,,
1497,,,,
1498,,,,
1499,,,,
1500,,,,
1501,,,,
1502,,,,
1503,,,,
1504,,,,
1505,,,,
1506,,,,
1507,,,,
1508,,,,
1509,,,,
1510,,,,
1511,,,,
1512,,,,
1513,,,,
1514,,,,
1515,,,,
1516,,,,
1517,,,,
1518,,,,
1519,,,,
1520,,,,
1521,,,,
1522,,,,
1523,,,,
1524,,,,
1525,,,,
1526,,,,
1527,,,,
1528,,,,
1529,,,,
1530,,,,
1531,,,,
1532,,,,
1533,,,,
1534,,,,
1535,,,,
1536,,,,
1537,,,,
1538,,,,
1539,,,,
1540,,,,
1541,,,,
1542,,,,
1543,,,,
1544,,,,
1545,,,,
1546,,,,
1547,,,,
1548,,,,
1549,,,,
1550,,,,
1551,,,,
1552,,,,
1553,,,,
1554,,,,
1555,,,,
1556,,,,
1557,,,,
1558,,,,
1559,,,,
1560,,,,
1561,,,,
1562,,,,
1563,,,,
1564,,,,
1565,,,,
1566,,,,
1567,,,,
1568,,,,
1569,,,,
1570,,,,
1571,,,,
1572,,,,
1573,,,,
1574,,,,
1575,,,,
1576,,,,
1577,,,,
1578,,,,
1579,,,,
1580,,,,
1581,,,,
1582,,,,
1583,,,,
1584,,,,
1585,,,,
1586,,,,
1587,,,,
1588,,,,
1589,,,,
1590,,,,
1591,,,,
1592,,,,
1593,,,,
1594,,,,
1595,,,,
1596,,,,
1597,,,,
1598,,,,
1599,,,,
1600,,,,
1601,,,,
1602,,,,
1603,,,,
1604,,,,
1605,,,,
1606,,,,
1607,,,,
1608,,,,
1609,,,,
1610,,,,
1611,,,,
1612,,,,
1613,,,,
1614,,,,
1615,,,,
1616,,,,
1617,,,,
1618,,,,
1619,,,,
1620,,,,
1621,,,,
1622,,,,
1623,,,,
1624,,,,
1625,,,,
1626,,,,
1627,,,,
1628,,,,
1629,,,,
1630,,,,
1631,,,,
1632,,,,
1633,,,,
1634,,,,
1635,,,,
1636,,,,
1637,,,,
1638,,,,
1639,,,,
1640,,,,
1641,,,,
1642,,,,
1643,,,,
1644,,,,
1645,,,,
1646,,,,
1647,,,,
1648,,,,
1649,,,,
1650,,,,
1651,,,,
1652,,,,
1653,,,,
1654,,,,
1655,,,,
1656,,,,
1657,,,,
1658,,,,
1659,,,,
1660,,,,
1661,,,,
1662,,,,
1663,,,,
1664,,,,
1665,,,,
1666,,,,
1667,,,,
1668,,,,
1669,,,,
1670,,,,
1671,,,,
1672,,,,
1673,,,,
1674,,,,
1675,,,,
1676,,,,
1677,,,,
1678,,,,
1679,,,,
1680,,,,
1681,,,,
1682,,,,
1683,,,,
1684,,,,
1685,,,,
1686,,,,
1687,,,,
1688,,,,
1689,,,,
1690,,,,
1691,,,,
1692,,,,
1693,,,,
1694,,,,
1695,,,,
1696,,,,
1697,,,,
1698,,,,
1699,,,,
1700,,,,
1701,,,,
1702,,,,
1703,,,,
1704,,,,
1705,,,,
1706,,,,
1707,,,,
1708,,,,
1709,,,,
1710,,,,
1711,,,,
1712,,,,
1713,,,,
1714,,,,
1715,,,,
1716,,,,
1717,,,,
1718,,,,
1719,,,,
1720,,,,
1721,,,,
1722,,,,
1723,,,,
1724,,,,
1725,,,,
1726,,,,
1727,,,,
1728,,,,
1729,,,,
1730,,,,
1731,,,,
1732,,,,
1733,,,,
1734,,,,
1735,,,,
1736,,,,
1737,,,,
1738,,,,
1739,,,,
1740,,,,
1741,,,,
1742,,,,
1743,,,,
1744,,,,
1745,,,,
1746,,,,
1747,,,,
1748,,,,
1749,,,,
1750,,,,
1751,,,,
1752,,,,
1753,,,,
1754,,,,
1755,,,,
1756,,,,
1757,,,,
1758,,,,
1759,,,,
1760,,,,
1761,,,,
1762,,,,
1763,,,,
1764,,,,
1765,,,,
1766,,,,
1767,,,,
1768,,,,
1769,,,,
1770,,,,
1771,,,,
1772,,,,
1773,,,,
1774,,,,
1775,,,,
1776,,,,
1777,,,,
1778,,,,
1779,,,,
1780,,,,
1781,,,,
1782,,,,
1783,,,,
1784,,,,
1785,,,,
1786,,,,
1787,,,,
1788,,,,
1789,,,,
1790,,,,
1791,,,,
1792,,,,
1793,,,,
1794,,,,
1795,,,,
1796,,,,
1797,,,,
1798,,,,
1799,,,,
1800,,,,
1801,,,,
1802,,,,
1803,,,,
1804,,,,
1805,,,,
1806,,,,
1807,,,,
1808,,,,
1809,,,,
1810,,,,
1811,,,,
1812,,,,
1813,,,,
1814,,,,
1815,,,,
1816,,,,
1817,,,,
1818,,,,
1819,,,,
1820,,,,
1821,,,,
1822,,,,
1823,,,,
1824,,,,
1825,,,,
1826,,,,
1827,,,,
1828,,,,
1829,,,,
1830,,,,
1831,,,,
1832,,,,
1833,,,,
1834,,,,
1835,,,,
1836,,,,
1837,,,,
1838,,,,
1839,,,,
1840,,,,
1841,,,,
1842,,,,
1843,,,,
1844,,,,
1845,,,,
1846,,,,
1847,,,,
1848,,,,
1849,,,,
1850,,,,
1851,,,,
1852,,,,
1853,,,,
1854,,,,
1855,,,,
1856,,,,
1857,,,,
1858,,,,
1859,,,,
1860,,,,
1861,,,,
1862,,,,
1863,,,,
1864,,,,
1865,,,,
1866,,,,
1867,,,,
1868,,,,
1869,,,,
1870,,,,
1871,,,,
1872,,,,
1873,,,,
1874,,,,
1875,,,,
1876,,,,
1877,,,,
1878,,,,
1879,,,,
1880,,,,
1881,,,,
1882,,,,
1883,,,,
1884,,,,
1885,,,,
1886,,,,
1887,,,,
1888,,,,
1889,,,,
1890,,,,
1891,,,,
1892,,,,
1893,,,,
1894,,,,
1895,,,,
1896,,,,
1897,,,,
1898,,,,
1899,,,,
1900,,,,
1901,,,,
1902,,,,
1903,,,,
1904,,,,
1905,,,,
1906,,,,
1907,,,,
1908,,,,
1909,,,,
1910,,,,
1911,,,,
1912,,,,
1913,,,,
1914,,,,
1915,,,,
1916,,,,
1917,,,,
1918,,,,
1919,,,,
1920,,,,
1921,,,,
1922,,,,
1923,,,,
1924,,,,
1925,,,,
1926,,,,
1927,,,,
1928,,,,
1929,,,,
1930,,,,
1931,,,,
1932,,,,
1933,,,,
1934,,,,
1935,,,,
1936,,,,
1937,,,,
1938,,,,
1939,,,,
1940,,,,
1941,,,,
1942,,,,
1943,,,,
1944,,,,
1945,,,,
1946,,,,
1947,,,,
1948,,,,
1949,,,,
1950,,,,
1951,,,,
1952,,,,
1953,,,,
1954,,,,
1955,,,,
1956,,,,
1957,,,,
1958,,,,
1959,,,,
1960,,,,
1961,,,,
1962,,,,
1963,,,,
1964,,,,
1965,,,,
1966,,,,
1967,,,,
1968,,,,
1969,,,,
1970,,,,
1971,,,,
1972,,,,
1973,,,,
1974,,,,
1975,,,,
1976,,,,
1977,,,,
1978,,,,
1979,,,,
1980,,,,
1981,,,,
1982,,,,
1983,,,,
1984,,,,
1985,,,,
1986,,,,
1987,,,,
1988,,,,
1989,,,,
1990,,,,
1991,,,,
1992,,,,
1993,,,,
1994,,,,
1995,,,,
1996,,,,
1997,,,,
1998,,,,
1999,,,,
2000,,,,
2001,,,,
2002,,,,
2003,,,,
2004,,,,
2005,,,,
2006,,,,
2007,,,,
2008,,,,
2009,,,,
2010,,,,
2011,,,,
2012,,,,
2013,,,,
2014,,,,
2015,,,,
2016,,,,
2017,,,,
2018,,,,
2019,,,,
2020,,,,
2021,,,,
2022,,,,
2023,,,,
2024,,,,
2025,,,,
2026,,,,
2027,,,,
2028,,,,
2029,,,,
2030,,,,
2031,,,,
2032,,,,
2033,,,,
2034,,,,
2035,,,,
2036,,,,
2037,,,,
2038,,,,
2039,,,,
2040,,,,
2041,,,,
2042,,,,
2043,,,,
2044,,,,
2045,,,,
2046,,,,
2047,,,,
2048,,,,
2049,,,,
2050,,,,
2051,,,,
2052,,,,
2053,,,,
2054,,,,
2055,,,,
2056,,,,
2057,,,,
2058,,,,
2059,,,,
2060,,,,
2061,,,,
2062,,,,
2063,,,,
2064,,,,
2065,,,,
2066,,,,
2067,,,,
2068,,,,
2069,,,,
2070,,,,
2071,,,,
2072,,,,
2073,,,,
2074,,,,
2075,,,,
2076,,,,
2077,,,,
2078,,,,
2079,,,,
2080,,,,
2081,,,,
2082,,,,
2083,,,,
2084,,,,
2085,,,,
2086,,,,
2087,,,,
2088,,,,
2089,,,,
2090,,,,
2091,,,,
2092,,,,
2093,,,,
2094,,,,
2095,,,,
2096,,,,
2097,,,,
2098,,,,
2099,,,,
2100,,,,
2101,,,,
2102,,,,
2103,,,,
2104,,,,
2105,,,,
2106,,,,
2107,,,,
2108,,,,
2109,,,,
2110,,,,
2111,,,,
2112,,,,
2113,,,,
2114,,,,
2115,,,,
2116,,,,
2117,,,,
2118,,,,
2119,,,,
2120,,,,
2121,,,,
2122,,,,
2123,,,,
2124,,,,
2125,,,,
2126,,,,
2127,,,,
2128,,,,
2129,,,,
2130,,,,
2131,,,,
2132,,,,
2133,,,,
2134,,,,
2135,,,,
2136,,,,
2137,,,,
2138,,,,
2139,,,,
2140,,,,
2141,,,,
2142,,,,
2143,,,,
2144,,,,
2145,,,,
2146,,,,
2147,,,,
2148,,,,
2149,,,,
2150,,,,
2151,,,,
2152,,,,
2153,,,,
2154,,,,
2155,,,,
2156,,,,
2157,,,,
2158,,,,
2159,,,,
2160,,,,
2161,,,,
2162,,,,
2163,,,,
2164,,,,
2165,,,,
2166,,,,
2167,,,,
2168,,,,
2169,,,,
2170,,,,
2171,,,,
2172,,,,
2173,,,,
2174,,,,
2175,,,,
2176,,,,
2177,,,,
2178,,,,
2179,,,,
2180,,,,
2181,,,,
2182,,,,
2183,,,,
2184,,,,
2185,,,,
2186,,,,
2187,,,,
2188,,,,
2189,,,,
2190,,,,
2191,,,,
2192,,,,
2193,,,,
2194,,,,
2195,,,,
2196,,,,
2197,,,,
2198,,,,
2199,,,,
2200,,,,
2201,,,,
2202,,,,
2203,,,,
2204,,,,
2205,,,,
2206,,,,
2207,,,,
2208,,,,
2209,,,,
2210,,,,
2211,,,,
2212,,,,
2213,,,,
2214,,,,
2215,,,,
2216,,,,
2217,,,,
2218,,,,
2219,,,,
2220,,,,
2221,,,,
2222,,,,
2223,,,,
2224,,,,
2225,,,,
2226,,,,
2227,,,,
2228,,,,
2229,,,,
2230,,,,
2231,,,,
2232,,,,
2233,,,,
2234,,,,
2235,,,,
2236,,,,
2237,,,,
2238,,,,
2239,,,,
2240,,,,
2241,,,,
2242,,,,
2243,,,,
2244,,,,
2245,,,,
2246,,,,
2247,,,,
2248,,,,
2249,,,,
2250,,,,
2251,,,,
2252,,,,
2253,,,,
2254,,,,
2255,,,,
2256,,,,
2257,,,,
2258,,,,
2259,,,,
2260,,,,
2261,,,,
2262,,,,
2263,,,,
2264,,,,
2265,,,,
2266,,,,
2267,,,,
2268,,,,
2269,,,,
2270,,,,
2271,,,,
2272,,,,
2273,,,,
2274,,,,
2275,,,,
2276,,,,
2277,,,,
2278,,,,
2279,,,,
2280,,,,
2281,,,,
2282,,,,
2283,,,,
2284,,,,
2285,,,,
2286,,,,
2287,,,,
2288,,,,
2289,,,,
2290,,,,
2291,,,,
2292,,,,
2293,,,,
2294,,,,
2295,,,,
2296,,,,
2297,,,,
2298,,,,
2299,,,,
2300,,,,
2301,,,,
2302,,,,
2303,,,,
2304,,,,
2305,,,,
2306,,,,
2307,,,,
2308,,,,
2309,,,,
2310,,,,
2311,,,,
2312,,,,
2313,,,,
2314,,,,
2315,,,,
2316,,,,
2317,,,,
2318,,,,
2319,,,,
2320,,,,
2321,,,,
2322,,,,
2323,,,,
2324,,,,
2325,,,,
2326,,,,
2327,,,,
2328,,,,
2329,,,,
2330,,,,
2331,,,,
2332,,,,
2333,,,,
2334,,,,
2335,,,,
2336,,,,
2337,,,,
2338,,,,
2339,,,,
2340,,,,
2341,,,,
2342,,,,
2343,,,,
2344,,,,
2345,,,,
2346,,,,
2347,,,,
2348,,,,
2349,,,,
2350,,,,
2351,,,,
2352,,,,
2353,,,,
2354,,,,
2355,,,,
2356,,,,
2357,,,,
2358,,,,
2359,,,,
2360,,,,
2361,,,,
2362,,,,
2363,,,,
2364,,,,
2365,,,,
2366,,,,
2367,,,,
2368,,,,
2369,,,,
2370,,,,
2371,,,,
2372,,,,
2373,,,,
2374,,,,
2375,,,,
2376,,,,
2377,,,,
2378,,,,
2379,,,,
2380,,,,
2381,,,,
2382,,,,
2383,,,,
2384,,,,
2385,,,,
2386,,,,
2387,,,,
2388,,,,
2389,,,,
2390,,,,
2391,,,,
2392,,,,
2393,,,,
2394,,,,
2395,,,,
2396,,,,
2397,,,,
2398,,,,
2399,,,,
2400,,,,
2401,,,,
2402,,,,
2403,,,,
2404,,,,
2405,,,,
2406,,,,
2407,,,,
2408,,,,
2409,,,,
2410,,,,
2411,,,,
2412,,,,
2413,,,,
2414,,,,
2415,,,,
2416,,,,
2417,,,,
2418,,,,
2419,,,,
2420,,,,
2421,,,,
2422,,,,
2423,,,,
2424,,,,
2425,,,,
2426,,,,
2427,,,,
2428,,,,
2429,,,,
2430,,,,
2431,,,,
2432,,,,
2433,,,,
2434,,,,
2435,,,,
2436,,,,
2437,,,,
2438,,,,
2439,,,,
2440,,,,
2441,,,,
2442,,,,
2443,,,,
2444,,,,
2445,,,,
2446,,,,
2447,,,,
2448,,,,
2449,,,,
2450,,,,
2451,,,,
2452,,,,
2453,,,,
2454,,,,
2455,,,,
2456,,,,
2457,,,,
2458,,,,
2459,,,,
2460,,,,
2461,,,,
2462,,,,
2463,,,,
2464,,,,
2465,,,,
2466,,,,
2467,,,,
2468,,,,
2469,,,,
2470,,,,
2471,,,,
2472,,,,
2473,,,,
2474,,,,
2475,,,,
2476,,,,
2477,,,,
2478,,,,
2479,,,,
2480,,,,
2481,,,,
2482,,,,
2483,,,,
2484,,,,
2485,,,,
2486,,,,
2487,,,,
2488,,,,
2489,,,,
2490,,,,
2491,,,,
2492,,,,
2493,,,,
2494,,,,
2495,,,,
2496,,,,
2497,,,,
2498,,,,
2499,,,,
2500,,,,
2501,,,,
2502,,,,
2503,,,,
2504,,,,
2505,,,,
2506,,,,
2507,,,,
2508,,,,
2509,,,,
2510,,,,
2511,,,,
2512,,,,
2513,,,,
2514,,,,
2515,,,,
2516,,,,
2517,,,,
2518,,,,
2519,,,,
2520,,,,
2521,,,,
2522,,,,
2523,,,,
2524,,,,
2525,,,,
2526,,,,
2527,,,,
2528,,,,
2529,,,,
2530,,,,
2531,,,,
2532,,,,
2533,,,,
2534,,,,
2535,,,,
2536,,,,
2537,,,,
2538,,,,
2539,,,,
2540,,,,
2541,,,,
2542,,,,
2543,,,,
2544,,,,
2545,,,,
2546,,,,
2547,,,,
2548,,,,
2549,,,,
2550,,,,
2551,,,,
2552,,,,
2553,,,,
2554,,,,
2555,,,,
2556,,,,
2557,,,,
2558,,,,
2559,,,,
2560,,,,
2561,,,,
2562,,,,
2563,,,,
2564,,,,
2565,,,,
2566,,,,
2567,,,,
2568,,,,
2569,,,,
2570,,,,
2571,,,,
2572,,,,
2573,,,,
2574,,,,
2575,,,,
2576,,,,
2577,,,,
2578,,,,
2579,,,,
2580,,,,
2581,,,,
2582,,,,
2583,,,,
2584,,,,
2585,,,,
2586,,,,
2587,,,,
2588,,,,
2589,,,,
2590,,,,
2591,,,,
2592,,,,
2593,,,,
2594,,,,
2595,,,,
2596,,,,
2597,,,,
2598,,,,
2599,,,,
2600,,,,
2601,,,,
2602,,,,
2603,,,,
2604,,,,
2605,,,,
2606,,,,
2607,,,,
2608,,,,
2609,,,,
2610,,,,
2611,,,,
2612,,,,
2613,,,,
2614,,,,
2615,,,,
2616,,,,
2617,,,,
2618,,,,
2619,,,,
2620,,,,
2621,,,,
2622,,,,
2623,,,,
2624,,,,
2625,,,,
2626,,,,
2627,,,,
2628,,,,
2629,,,,
2630,,,,
2631,,,,
2632,,,,
2633,,,,
2634,,,,
2635,,,,
2636,,,,
2637,,,,
2638,,,,
2639,,,,
2640,,,,
2641,,,,
2642,,,,
2643,,,,
2644,,,,
2645,,,,
2646,,,,
2647,,,,
2648,,,,
2649,,,,
2650,,,,
2651,,,,
2652,,,,
2653,,,,
2654,,,,
2655,,,,
2656,,,,
2657,,,,
2658,,,,
2659,,,,
2660,,,,
2661,,,,
2662,,,,
2663,,,,
2664,,,,
2665,,,,
2666,,,,
2667,,,,
2668,,,,
2669,,,,
2670,,,,
2671,,,,
2672,,,,
2673,,,,
2674,,,,
2675,,,,
2676,,,,
2677,,,,
2678,,,,
2679,,,,
2680,,,,
2681,,,,
2682,,,,
2683,,,,
2684,,,,
2685,,,,
2686,,,,
2687,,,,
2688,,,,
2689,,,,
2690,,,,
2691,,,,
2692,,,,
2693,,,,
2694,,,,
2695,,,,
2696,,,,
2697,,,,
2698,,,,
2699,,,,
2700,,,,
2701,,,,
2702,,,,
2703,,,,
2704,,,,
2705,,,,
2706,,,,
2707,,,,
2708,,,,
2709,,,,
2710,,,,
2711,,,,
2712,,,,
2713,,,,
2714,,,,
2715,,,,
2716,,,,
2717,,,,
2718,,,,
2719,,,,
2720,,,,
2721,,,,
2722,,,,
2723,,,,
2724,,,,
2725,,,,
2726,,,,
2727,,,,
2728,,,,
2729,,,,
2730,,,,
2731,,,,
2732,,,,
2733,,,,
2734,,,,
2735,,,,
2736,,,,
2737,,,,
2738,,,,
2739,,,,
2740,,,,
2741,,,,
2742,,,,
2743,,,,
2744,,,,
2745,,,,
2746,,,,
2747,,,,
2748,,,,
2749,,,,
2750,,,,
2751,,,,
2752,,,,
2753,,,,
2754,,,,
2755,,,,
2756,,,,
2757,,,,
2758,,,,
2759,,,,
2760,,,,
2761,,,,
2762,,,,
2763,,,,
2764,,,,
2765,,,,
2766,,,,
2767,,,,
2768,,,,
2769,,,,
2770,,,,
2771,,,,
2772,,,,
2773,,,,
2774,,,,
2775,,,,
2776,,,,
2777,,,,
2778,,,,
2779,,,,
2780,,,,
2781,,,,
2782,,,,
2783,,,,
2784,,,,
2785,,,,
2786,,,,
2787,,,,
2788,,,,
2789,,,,
2790,,,,
2791,,,,
2792,,,,
2793,,,,
2794,,,,
2795,,,,
2796,,,,
2797,,,,
2798,,,,
2799,,,,
2800,,,,
2801,,,,
2802,,,,
2803,,,,
2804,,,,
2805,,,,
2806,,,,
2807,,,,
2808,,,,
2809,,,,
2810,,,,
2811,,,,
2812,,,,
2813,,,,
2814,,,,
2815,,,,
2816,,,,
2817,,,,
2818,,,,
2819,,,,
2820,,,,
2821,,,,
2822,,,,
2823,,,,
2824,,,,
2825,,,,
2826,,,,
2827,,,,
2828,,,,
2829,,,,
2830,,,,
2831,,,,
2832,,,,
2833,,,,
2834,,,,
2835,,,,
2836,,,,
2837,,,,
2838,,,,
2839,,,,
2840,,,,
2841,,,,
2842,,,,
2843,,,,
2844,,,,
2845,,,,
2846,,,,
2847,,,,
2848,,,,
2849,,,,
2850,,,,
2851,,,,
2852,,,,
2853,,,,
2854,,,,
2855,,,,
2856,,,,
2857,,,,
2858,,,,
2859,,,,
2860,,,,
2861,,,,
2862,,,,
2863,,,,
2864,,,,
2865,,,,
2866,,,,
2867,,,,
2868,,,,
2869,,,,
2870,,,,
2871,,,,
2872,,,,
2873,,,,
2874,,,,
2875,,,,
2876,,,,
2877,,,,
2878,,,,
2879,,,,
2880,,,,
2881,,,,
2882,,,,
2883,,,,
2884,,,,
2885,,,,
2886,,,,
2887,,,,
2888,,,,
2889,,,,
2890,,,,
2891,,,,
2892,,,,
2893,,,,
2894,,,,
2895,,,,
2896,,,,
2897,,,,
2898,,,,
2899,,,,
2900,,,,
2901,,,,
2902,,,,
2903,,,,
2904,,,,
2905,,,,
2906,,,,
2907,,,,
2908,,,,
2909,,,,
2910,,,,
2911,,,,
2912,,,,
2913,,,,
2914,,,,
2915,,,,
2916,,,,
2917,,,,
2918,,,,
2919,,,,
2920,,,,
2921,,,,
2922,,,,
2923,,,,
2924,,,,
2925,,,,
2926,,,,
2927,,,,
2928,,,,
2929,,,,
2930,,,,
2931,,,,
2932,,,,
2933,,,,
2934,,,,
2935,,,,
2936,,,,
2937,,,,
2938,,,,
2939,,,,
2940,,,,
2941,,,,
2942,,,,
2943,,,,
2944,,,,
2945,,,,
2946,,,,
2947,,,,
2948,,,,
2949,,,,
2950,,,,
2951,,,,
2952,,,,
2953,,,,
2954,,,,
2955,,,,
2956,,,,
2957,,,,
2958,,,,
2959,,,,
2960,,,,
2961,,,,
2962,,,,
2963,,,,
2964,,,,
2965,,,,
2966,,,,
2967,,,,
2968,,,,
2969,,,,
2970,,,,
2971,,,,
2972,,,,
2973,,,,
2974,,,,
2975,,,,
2976,,,,
2977,,,,
2978,,,,
2979,,,,
2980,,,,
2981,,,,
2982,,,,
2983,,,,
2984,,,,
2985,,,,
2986,,,,
2987,,,,
2988,,,,
2989,,,,
2990,,,,
2991,,,,
2992,,,,
2993,,,,
2994,,,,
2995,,,,
2996,,,,
2997,,,,
2998,,,,
2999,,,,
3000,,,,
3001,,,,
3002,,,,
3003,,,,
3004,,,,
3005,,,,
3006,,,,
3007,,,,
3008,,,,
3009,,,,
3010,,,,
3011,,,,
3012,,,,
3013,,,,
3014,,,,
3015,,,,
3016,,,,
3017,,,,
3018,,,,
3019,,,,
3020,,,,
3021,,,,
3022,,,,
3023,,,,
3024,,,,
3025,,,,
3026,,,,
3027,,,,
3028,,,,
3029,,,,
3030,,,,
3031,,,,
3032,,,,
3033,,,,
3034,,,,
3035,,,,
3036,,,,
3037,,,,
3038,,,,
3039,,,,
3040,,,,
3041,,,,
3042,,,,
3043,,,,
3044,,,,
3045,,,,
3046,,,,
3047,,,,
3048,,,,
3049,,,,
3050,,,,
3051,,,,
3052,,,,
3053,,,,
3054,,,,
3055,,,,
3056,,,,
3057,,,,
3058,,,,
3059,,,,
3060,,,,
3061,,,,
3062,,,,
3063,,,,
3064,,,,
3065,,,,
3066,,,,
3067,,,,
3068,,,,
3069,,,,
3070,,,,
3071,,,,
3072,,,,
3073,,,,
3074,,,,
3075,,,,
3076,,,,
3077,,,,
3078,,,,
3079,,,,
3080,,,,
3081,,,,
3082,,,,
3083,,,,
3084,,,,
3085,,,,
3086,,,,
3087,,,,
3088,,,,
3089,,,,
3090,,,,
3091,,,,
3092,,,,
3093,,,,
3094,,,,
3095,,,,
3096,,,,
3097,,,,
3098,,,,
3099,,,,
3100,,,,
3101,,,,
3102,,,,
3103,,,,
3104,,,,
3105,,,,
3106,,,,
3107,,,,
3108,,,,
3109,,,,
3110,,,,
3111,,,,
3112,,,,
3113,,,,
3114,,,,
3115,,,,
3116,,,,
3117,,,,
3118,,,,
3119,,,,
3120,,,,
3121,,,,
3122,,,,
3123,,,,
3124,,,,
3125,,,,
3126,,,,
3127,,,,
3128,,,,
3129,,,,
3130,,,,
3131,,,,
3132,,,,
3133,,,,
3134,,,,
3135,,,,
3136,,,,
3137,,,,
3138,,,,
3139,,,,
3140,,,,
3141,,,,
3142,,,,
3143,,,,
3144,,,,
3145,,,,
3146,,,,
3147,,,,
3148,,,,
3149,,,,
3150,,,,
3151,,,,
3152,,,,
3153,,,,
3154,,,,
3155,,,,
3156,,,,
3157,,,,
3158,,,,
3159,,,,
3160,,,,
3161,,,,
3162,,,,
3163,,,,
3164,,,,
3165,,,,
3166,,,,
3167,,,,
3168,,,,
3169,,,,
3170,,,,
3171,,,,
3172,,,,
3173,,,,
3174,,,,
3175,,,,
3176,,,,
3177,,,,
3178,,,,
3179,,,,
3180,,,,
3181,,,,
3182,,,,
3183,,,,
3184,,,,
3185,,,,
3186,,,,
3187,,,,
3188,,,,
3189,,,,
3190,,,,
3191,,,,
3192,,,,
3193,,,,
3194,,,,
3195,,,,
3196,,,,
3197,,,,
3198,,,,
3199,,,,
3200,,,,
3201,,,,
3202,,,,
3203,,,,
3204,,,,
3205,,,,
3206,,,,
3207,,,,
3208,,,,
3209,,,,
3210,,,,
3211,,,,
3212,,,,
3213,,,,
3214,,,,
3215,,,,
3216,,,,
3217,,,,
3218,,,,
3219,,,,
3220,,,,
3221,,,,
3222,,,,
3223,,,,
3224,,,,
3225,,,,
3226,,,,
3227,,,,
3228,,,,
3229,,,,
3230,,,,
3231,,,,
3232,,,,
3233,,,,
3234,,,,
3235,,,,
3236,,,,
3237,,,,
3238,,,,
3239,,,,
3240,,,,
3241,,,,
3242,,,,
3243,,,,
3244,,,,
3245,,,,
3246,,,,
3247,,,,
3248,,,,
3249,,,,
3250,,,,
3251,,,,
3252,,,,
3253,,,,
3254,,,,
3255,,,,
3256,,,,
3257,,,,
3258,,,,
3259,,,,
3260,,,,
3261,,,,
3262,,,,
3263,,,,
3264,,,,
3265,,,,
3266,,,,
3267,,,,
3268,,,,
3269,,,,
3270,,,,
3271,,,,
3272,,,,
3273,,,,
3274,,,,
3275,,,,
3276,,,,
3277,,,,
3278,,,,
3279,,,,
3280,,,,
3281,,,,
3282,,,,
3283,,,,
3284,,,,
3285,,,,
3286,,,,
3287,,,,
3288,,,,
3289,,,,
3290,,,,
3291,,,,
3292,,,,
3293,,,,
3294,,,,
3295,,,,
3296,,,,
3297,,,,
3298,,,,
3299,,,,
3300,,,,
3301,,,,
3302,,,,
3303,,,,
3304,,,,
3305,,,,
3306,,,,
3307,,,,
3308,,,,
3309,,,,
3310,,,,
3311,,,,
3312,,,,
3313,,,,
3314,,,,
3315,,,,
3316,,,,
3317,,,,
3318,,,,
3319,,,,
3320,,,,
3321,,,,
3322,,,,
3323,,,,
3324,,,,
3325,,,,
3326,,,,
3327,,,,
3328,,,,
3329,,,,
3330,,,,
3331,,,,
3332,,,,
3333,,,,
3334,,,,
3335,,,,
3336,,,,
3337,,,,
3338,,,,
3339,,,,
3340,,,,
3341,,,,
3342,,,,
3343,,,,
3344,,,,
3345,,,,
3346,,,,
3347,,,,
3348,,,,
3349,,,,
3350,,,,
3351,,,,
3352,,,,
3353,,,,
3354,,,,
3355,,,,
3356,,,,
3357,,,,
3358,,,,
3359,,,,
3360,,,,
3361,,,,
3362,,,,
3363,,,,
3364,,,,
3365,,,,
3366,,,,
3367,,,,
3368,,,,
3369,,,,
3370,,,,
3371,,,,
3372,,,,
3373,,,,
3374,,,,
3375,,,,
3376,,,,
3377,,,,
3378,,,,
3379,,,,
3380,,,,
3381,,,,
3382,,,,
3383,,,,
3384,,,,
3385,,,,
3386,,,,
3387,,,,
3388,,,,
3389,,,,
3390,,,,
3391,,,,
3392,,,,
3393,,,,
3394,,,,
3395,,,,
3396,,,,
3397,,,,
3398,,,,
3399,,,,
3400,,,,
3401,,,,
3402,,,,
3403,,,,
3404,,,,
3405,,,,
3406,,,,
3407,,,,
3408,,,,
3409,,,,
3410,,,,
3411,,,,
3412,,,,
3413,,,,
3414,,,,
3415,,,,
3416,,,,
3417,,,,
3418,,,,
3419,,,,
3420,,,,
3421,,,,
3422,,,,
3423,,,,
3424,,,,
3425,,,,
3426,,,,
3427,,,,
3428,,,,
3429,,,,
3430,,,,
3431,,,,
3432,,,,
3433,,,,
3434,,,,
3435,,,,
3436,,,,
3437,,,,
3438,,,,
3439,,,,
3440,,,,
3441,,,,
3442,,,,
3443,,,,
3444,,,,
3445,,,,
3446,,,,
3447,,,,
3448,,,,
3449,,,,
3450,,,,
3451,,,,
3452,,,,
3453,,,,
3454,,,,
3455,,,,
3456,,,,
3457,,,,
3458,,,,
3459,,,,
3460,,,,
3461,,,,
3462,,,,
3463,,,,
3464,,,,
3465,,,,
3466,,,,
3467,,,,
3468,,,,
3469,,,,
3470,,,,
3471,,,,
3472,,,,
3473,,,,
3474,,,,
3475,,,,
3476,,,,
3477,,,,
3478,,,,
3479,,,,
3480,,,,
3481,,,,
3482,,,,
3483,,,,
3484,,,,
3485,,,,
3486,,,,
3487,,,,
3488,,,,
3489,,,,
3490,,,,
3491,,,,
3492,,,,
3493,,,,
3494,,,,
3495,,,,
3496,,,,
3497,,,,
3498,,,,
3499,,,,
3500,,,,
3501,,,,
3502,,,,
3503,,,,
3504,,,,
3505,,,,
3506,,,,
3507,,,,
3508,,,,
3509,,,,
3510,,,,
3511,,,,
3512,,,,
3513,,,,
3514,,,,
3515,,,,
3516,,,,
3517,,,,
3518,,,,
3519,,,,
3520,,,,
3521,,,,
3522,,,,
3523,,,,
3524,,,,
3525,,,,
3526,,,,
3527,,,,
3528,,,,
3529,,,,
3530,,,,
3531,,,,
3532,,,,
3533,,,,
3534,,,,
3535,,,,
3536,,,,
3537,,,,
3538,,,,
3539,,,,
3540,,,,
3541,,,,
3542,,,,
3543,,,,
3544,,,,
3545,,,,
3546,,,,
3547,,,,
3548,,,,
3549,,,,
3550,,,,
3551,,,,
3552,,,,
3553,,,,
3554,,,,
3555,,,,
3556,,,,
3557,,,,
3558,,,,
3559,,,,
3560,,,,
3561,,,,
3562,,,,
3563,,,,
3564,,,,
3565,,,,
3566,,,,
3567,,,,
3568,,,,
3569,,,,
3570,,,,
3571,,,,
3572,,,,
3573,,,,
3574,,,,
3575,,,,
3576,,,,
3577,,,,
3578,,,,
3579,,,,
3580,,,,
3581,,,,
3582,,,,
3583,,,,
3584,,,,
3585,,,,
3586,,,,
3587,,,,
3588,,,,
3589,,,,
3590,,,,
3591,,,,
3592,,,,
3593,,,,
3594,,,,
3595,,,,
3596,,,,
3597,,,,
3598,,,,
3599,,,,
3600,,,,
3601,,,,
3602,,,,
3603,,,,
3604,,,,
3605,,,,
3606,,,,
3607,,,,
3608,,,,
3609,,,,
3610,,,,
3611,,,,
3612,,,,
3613,,,,
3614,,,,
3615,,,,
3616,,,,
3617,,,,
3618,,,,
3619,,,,
3620,,,,
3621,,,,
3622,,,,
3623,,,,
3624,,,,
3625,,,,
3626,,,,
3627,,,,
3628,,,,
3629,,,,
3630,,,,
3631,,,,
3632,,,,
3633,,,,
3634,,,,
3635,,,,
3636,,,,
3637,,,,
3638,,,,
3639,,,,
3640,,,,
3641,,,,
3642,,,,
3643,,,,
3644,,,,
3645,,,,
3646,,,,
3647,,,,
3648,,,,
3649,,,,
3650,,,,
3651,,,,
3652,,,,
3653,,,,
3654,,,,
3655,,,,
3656,,,,
3657,,,,
3658,,,,
3659,,,,
3660,,,,
3661,,,,
3662,,,,
3663,,,,
3664,,,,
3665,,,,
3666,,,,
3667,,,,
3668,,,,
3669,,,,
3670,,,,
3671,,,,
3672,,,,
3673,,,,
3674,,,,
3675,,,,
3676,,,,
3677,,,,
3678,,,,
3679,,,,
3680,,,,
3681,,,,
3682,,,,
3683,,,,
3684,,,,
3685,,,,
3686,,,,
3687,,,,
3688,,,,
3689,,,,
3690,,,,
3691,,,,
3692,,,,
3693,,,,
3694,,,,
3695,,,,
3696,,,,
3697,,,,
3698,,,,
3699,,,,
3700,,,,
3701,,,,
3702,,,,
3703,,,,
3704,,,,
3705,,,,
3706,,,,
3707,,,,
3708,,,,
3709,,,,
3710,,,,
3711,,,,
3712,,,,
3713,,,,
3714,,,,
3715,,,,
3716,,,,
3717,,,,
3718,,,,
3719,,,,
3720,,,,
3721,,,,
3722,,,,
3723,,,,
3724,,,,
3725,,,,
3726,,,,
3727,,,,
3728,,,,
3729,,,,
3730,,,,
3731,,,,
3732,,,,
3733,,,,
3734,,,,
3735,,,,
3736,,,,
3737,,,,
3738,,,,
3739,,,,
3740,,,,
3741,,,,
3742,,,,
3743,,,,
3744,,,,
3745,,,,
3746,,,,
3747,,,,
3748,,,,
3749,,,,
3750,,,,
3751,,,,
3752,,,,
3753,,,,
3754,,,,
3755,,,,
3756,,,,
3757,,,,
3758,,,,
3759,,,,
3760,,,,
3761,,,,
3762,,,,
3763,,,,
3764,,,,
3765,,,,
3766,,,,
3767,,,,
3768,,,,
3769,,,,
3770,,,,
3771,,,,
3772,,,,
3773,,,,
3774,,,,
3775,,,,
3776,,,,
3777,,,,
3778,,,,
3779,,,,
3780,,,,
3781,,,,
3782,,,,
3783,,,,
3784,,,,
3785,,,,
3786,,,,
3787,,,,
3788,,,,
3789,,,,
3790,,,,
3791,,,,
3792,,,,
3793,,,,
3794,,,,
3795,,,,
3796,,,,
3797,,,,
3798,,,,
3799,,,,
3800,,,,
3801,,,,
3802,,,,
3803,,,,
3804,,,,
3805,,,,
3806,,,,
3807,,,,
3808,,,,
3809,,,,
3810,,,,
3811,,,,
3812,,,,
3813,,,,
3814,,,,
3815,,,,
3816,,,,
3817,,,,
3818,,,,
3819,,,,
3820,,,,
3821,,,,
3822,,,,
3823,,,,
3824,,,,
3825,,,,
3826,,,,
3827,,,,
3828,,,,
3829,,,,
3830,,,,
3831,,,,
3832,,,,
3833,,,,
3834,,,,
3835,,,,
3836,,,,
3837,,,,
3838,,,,
3839,,,,
3840,,,,
3841,,,,
3842,,,,
3843,,,,
3844,,,,
3845,,,,
3846,,,,
3847,,,,
3848,,,,
3849,,,,
3850,,,,
3851,,,,
3852,,,,
3853,,,,
3854,,,,
3855,,,,
3856,,,,
3857,,,,
3858,,,,
3859,,,,
3860,,,,
3861,,,,
3862,,,,
3863,,,,
3864,,,,
3865,,,,
3866,,,,
3867,,,,
3868,,,,
3869,,,,
3870,,,,
3871,,,,
3872,,,,
3873,,,,
3874,,,,
3875,,,,
3876,,,,
3877,,,,
3878,,,,
3879,,,,
3880,,,,
3881,,,,
3882,,,,
3883,,,,
3884,,,,
3885,,,,
3886,,,,
3887,,,,
3888,,,,
3889,,,,
3890,,,,
3891,,,,
3892,,,,
3893,,,,
3894,,,,
3895,,,,
3896,,,,
3897,,,,
3898,,,,
3899,,,,
3900,,,,
3901,,,,
3902,,,,
3903,,,,
3904,,,,
3905,,,,
3906,,,,
3907,,,,
3908,,,,
3909,,,,
3910,,,,
3911,,,,
3912,,,,
3913,,,,
3914,,,,
3915,,,,
3916,,,,
3917,,,,
3918,,,,
3919,,,,
3920,,,,
3921,,,,
3922,,,,
3923,,,,
3924,,,,
3925,,,,
3926,,,,
3927,,,,
3928,,,,
3929,,,,
3930,,,,
3931,,,,
3932,,,,
3933,,,,
3934,,,,
3935,,,,
3936,,,,
3937,,,,
3938,,,,
3939,,,,
3940,,,,
3941,,,,
3942,,,,
3943,,,,
3944,,,,
3945,,,,
3946,,,,
3947,,,,
3948,,,,
3949,,,,
3950,,,,
3951,,,,
3952,,,,
3953,,,,
3954,,,,
3955,,,,
3956,,,,
3957,,,,
3958,,,,
3959,,,,
3960,,,,
3961,,,,
3962,,,,
3963,,,,
3964,,,,
3965,,,,
3966,,,,
3967,,,,
3968,,,,
3969,,,,
3970,,,,
3971,,,,
3972,,,,
3973,,,,
3974,,,,
3975,,,,
3976,,,,
3977,,,,
3978,,,,
3979,,,,
3980,,,,
3981,,,,
3982,,,,
3983,,,,
3984,,,,
3985,,,,
3986,,,,
3987,,,,
3988,,,,
3989,,,,
3990,,,,
3991,,,,
3992,,,,
3993,,,,
3994,,,,
3995,,,,
3996,,,,
3997,,,,
3998,,,,
3999,,,,
4000,,,,
4001,,,,
4002,,,,
4003,,,,
4004,,,,
4005,,,,
4006,,,,
4007,,,,
4008,,,,
4009,,,,
4010,,,,
4011,,,,
4012,,,,
4013,,,,
4014,,,,
4015,,,,
4016,,,,
4017,,,,
4018,,,,
4019,,,,
4020,,,,
4021,,,,
4022,,,,
4023,,,,
4024,,,,
4025,,,,
4026,,,,
4027,,,,
4028,,,,
4029,,,,
4030,,,,
4031,,,,
4032,,,,
4033,,,,
4034,,,,
4035,,,,
4036,,,,
4037,,,,
4038,,,,
4039,,,,
4040,,,,
4041,,,,
4042,,,,
4043,,,,
4044,,,,
4045,,,,
4046,,,,
4047,,,,
4048,,,,
4049,,,,
4050,,,,
4051,,,,
4052,,,,
4053,,,,
4054,,,,
4055,,,,
4056,,,,
4057,,,,
4058,,,,
4059,,,,
4060,,,,
4061,,,,
4062,,,,
4063,,,,
4064,,,,
4065,,,,
4066,,,,
4067,,,,
4068,,,,
4069,,,,
4070,,,,
4071,,,,
4072,,,,
4073,,,,
4074,,,,
4075,,,,
4076,,,,
4077,,,,
4078,,,,
4079,,,,
4080,,,,
4081,,,,
4082,,,,
4083,,,,
4084,,,,
4085,,,,
4086,,,,
4087,,,,
4088,,,,
4089,,,,
4090,,,,
4091,,,,
4092,,,,
4093,,,,
4094,,,,
4095,,,,
4096,,,,
4097,,,,
4098,,,,
4099,,,,
4100,,,,
4101,,,,
4102,,,,
4103,,,,
4104,,,,
4105,,,,
4106,,,,
4107,,,,
4108,,,,
4109,,,,
4110,,,,
4111,,,,
4112,,,,
4113,,,,
4114,,,,
4115,,,,
4116,,,,
4117,,,,
4118,,,,
4119,,,,
4120,,,,
4121,,,,
4122,,,,
4123,,,,
4124,,,,
