,0.5,0.4,0.3,0.2,0.1
0,10.823901125241767,22.109811193157757,16.302346559285724,11.52172955652275,17.581972980730484
1,5.451977998805532,5.9361366816875085,-3.5591138502095365,-2.846201278804079,7.704570666393472
2,-8.477804737037774,-0.03899109152514588,18.235224474940953,16.83619810904079,-6.114934374847563
3,-0.47827044347699743,4.299330139629011,-17.01251015736405,16.94295376415827,12.231535726229936
4,-9.797794589589044,17.374170270425452,6.686310830367988,29.202205410411466,-10.238103108377267
5,-1.0661382483630015,-4.912437829598624,-5.969759449603385,15.087562170401364,5.113094630320274
6,-15.14172430961771,-4.969759449603395,4.04850499164655,-13.625829729574765,20.686310830368363
7,-4.410067968391632,-5.625829729574766,24.335113091670276,15.80095407037753,12.144883790406173
8,-6.7084025672987915,28.347174467756787,22.737289597004555,17.43143432988106,-7.352269720138008
9,19.026763386031448,3.6505416903474845,-0.6735913220249753,4.042124545663825,17.642315127158323
10,-1.8269837265954934,4.6623908680189325,7.427510012880809,-10.078062021530766,11.434253564932948
11,23.07332216305035,2.6623908680188872,33.38146374471999,6.362692275847347,-6.893232294414829
12,7.723598350321901,4.175442496920119,21.736560863319074,-0.9014891622825143,24.114145831913287
13,-4.277813518344092,7.9781038213420645,4.820694165448915,6.736560863319142,-0.2653557209025561
14,20.74518549231706,1.1938713177106446,20.37632750998614,9.950895419227868,19.307768885039543
15,7.957606297454313,10.157013676129631,6.133237921751165,-0.14449674169081883,30.97810382134215
16,0.13983090528379782,-0.04875481850342428,8.443455016140605,0.24842322845673015,16.293136776319777
17,4.939665777983672,-2.1358679822687496,-4.5981011021425635,13.388001233199843,0.37342315370700785
18,8.373423153706993,25.531472986884097,12.740772005856977,4.17108335653249,-8.636014609159766
19,8.273637730739278,18.718904886617576,-12.797210883781121,-2.4256277244305835,-10.077994628202122
20,17.456325907360206,4.77264072410261,-5.329470375444519,19.507381457133725,10.405270357586867
21,-2.5436740926395784,-5.911044459155273,3.7215851743290234,-9.91104445915529,0.19106664039184307
22,0.9868444412975739,1.5584370069075846,4.72158517432899,8.874751823649742,30.40527035758649
23,8.986844441297594,-0.5436740926395849,-1.7989518415074326,16.088955540844537,22.191066640391426
24,7.590228173020524,-2.503775500907921,8.135724367880359,-9.375273270308497,-4.666776288178252
25,13.903726467268012,12.985226860903264,2.170222924551289,0.0887225309161146,25.264226598479766
26,10.543226336056236,-8.293772876673343,9.44922266212778,-7.980274582425828,34.461725942421126
27,4.8567246303037255,12.264226598479734,10.380225548785907,-4.061774976060995,-2.6197744512140693
28,2.362992317112477,28.46011819645162,22.134998978388,9.275667149528456,24.761076236671954
29,5.877583229968906,8.159160156231849,-6.337759696692432,-1.9087838973951046,-1.1903608236581218
30,20.528062250078676,8.99409022326553,-6.710345658832718,-4.074139034232295,5.761076236672157
31,36.46011819645178,24.24648532381556,15.18948162822771,14.761076236672217,16.809639176342003
32,13.988306711446592,7.855301995770353,19.94115711762332,0.5667149947214335,14.378876792682059
33,8.55058703638809,22.245872077005888,2.0270122394762984,16.55023779843092,1.6161465835919433
34,7.065717767505972,-1.4494129636120077,-3.7541279229943103,7.988306711446574,-2.402263369788635
35,-3.972987760523653,5.624385181737026,-5.050398816583001,11.768362714350577,9.027012239476303
36,7.050262769045123,-5.734524431254162,4.824589061440506,-4.131017377632954,-3.3204962167693353
37,1.4663885251020168,-10.439517740347265,6.472489675988253,26.67950378323067,-1.2500125475749848
38,-0.5099750559057075,2.0584614615034225,-0.5099750559057126,5.657378660481784,9.54004327843752
39,-7.100809329544115,3.093531997715503,3.0502627690451263,14.958984770732872,5.075996729609462
40,26.333922250547584,4.258375226672485,13.439985195296549,18.169798577286983,-5.858489008659793
41,12.783490502254423,-3.8759753040234557,-1.591273503886094,-5.3981194663697645,22.783490502254402
42,-16.753911620528747,-0.8730041907877011,26.320892625037498,16.6193668289939,-6.514983701701913
43,5.7660042068907496,-6.800428280148194,-10.83020142271286,16.753717359689634,1.0347052682823208
44,30.275675302678472,39.79477782314945,-2.9158397900409465,30.32909953367495,29.273783419600413
45,-9.222557617477815,2.178971814779845,23.081017725778107,15.541737039811679,5.668257431480817
46,5.232352177137137,3.96323883719918,1.000881379282987,10.224269787221347,4.273783419600649
47,-0.5066168728406981,-1.6766328622709867,-17.7894243169467,32.806223802382995,26.597795507168154
48,4.945308883884502,-5.366416965621594,2.1922122819088727,-7.194348427998113,33.321857184872286
49,24.429103271014014,25.97772010962531,-4.335777080044609,39.42910327101407,-2.74296526660941
50,0.2533613178631884,22.740829120520093,11.875726116667641,16.08496619576712,21.289445959131445
51,10.084966195767128,18.14978864724882,-2.8795442857234423,8.18690851606986,6.084966195767125
52,29.23127286614862,17.59378542728805,17.112633981625514,16.786770180089,-1.6358480851159913
53,-7.095115109923862,0.7720058413406117,22.593785427288037,-7.865481597519956,16.260801543645385
54,11.934937742108877,-6.635848085115965,6.593785427288042,-18.095115109923867,-10.265167092798313
55,-1.176581060308042,13.638602618069157,22.904884890076133,20.083105304128807,5.342267494029464
56,8.928375128264609,18.216504373606128,9.908600161756338,3.8677557245226746,5.023391671473053
57,30.54979145125374,0.4132422935036255,23.467777382874367,-10.879531228822435,-15.67764277976072
58,21.32773883321234,10.267323629621226,17.092932883928896,9.123834242475247,22.4386957587045
59,29.549791451253792,17.138183181189866,17.18993049351651,22.35262288976161,9.467777382874361
60,6.009886886288305,5.169876302216311,-7.644747159266072,-2.0443266420165886,8.355252840733954
61,5.192025365642264,15.472461091897555,6.4646458725242715,0.20521089275982618,26.051782774447485
62,4.933689246678805,-0.1430054119905666,-10.266754404338197,2.816424773920609,3.4713073589168237
63,6.317729166189953,-3.571781823346483,1.1440284054038692,5.566887239144183,16.810121771147955
64,6.3568349079699455,5.941079545571199,-8.938055620951747,-11.256980162792512,6.708832997330749
65,9.630941020985965,-1.9611118565437202,1.1132597676017313,4.057385864955707,2.0633512401222323
66,-5.75147348117798,-6.420047579302371,12.348818667536808,3.816409127205459,4.2368301313719705
67,11.587602073324874,9.834895422140438,-0.19059887800385378,9.051119691789228,5.940826310093587
68,-5.736025203293374,19.04426272170621,4.483686871707153,6.531601213371488,-4.468398786628448
69,-6.541636144961931,-25.468398786628278,-0.42048444496400417,0.3372121550401318,16.678075930038933
70,37.82455064670571,9.604838571705,16.897788005039114,-2.6627878449598734,-8.102211994960928
71,6.751313288372078,7.556924230040577,0.33721215504012714,8.263974796706837,-1.3951614282949407
72,15.465206451105118,-1.5846152912614062,8.674524233547515,3.392422575141558,-12.335174256918883
73,-17.67099513286458,9.940794063684885,43.09672495109613,4.199933588493938,-2.059205936315129
74,10.983485500723244,3.355864475905351,16.760904075150385,-0.8864462531091071,-15.548057192025244
75,4.85441422208186,39.664825743081046,-0.1527160832463228,12.242625025532458,45.06986534232626
76,5.739944192125968,23.292313206911153,-2.809887971888309,4.444137112606957,21.493759839503934
77,22.533193678430706,1.996495040757424,9.344812088782293,8.266023980959774,5.721495698047908
78,22.292313206911047,-12.644919453216655,1.2287064061073174,30.58281640532773,12.266023980959833
79,5.355080546783353,10.595961018303033,22.595961018303303,-6.3761614905490145,10.12734468823932
80,21.456669814141947,-4.134769389681772,17.024965741713583,-13.389772800474798,19.894419913371465
81,-1.8797659788887815,11.460969853474364,23.279349862456062,7.463757012559682,3.0117007972837295
82,-6.695358828785208,3.7343794501939445,11.29998645823186,-0.8444884299444552,6.022276822179789
83,-3.122123735302422,-1.1474150440611126,23.304641171214794,-5.129312665763441,8.197324144926903
84,14.031079990344002,0.03304282152593685,13.308781558343941,-3.6542830176562737,16.979668031872993
85,11.796386518939164,1.2717419501818013,-3.2036134810608385,3.5495477023440296,-9.005855433655746
86,8.512612278344205,12.382652406343402,-5.172750729656118,-8.025999488322263,7.466655674984763
87,7.7350177667171165,7.0680154143439315,5.269699124112703,16.623418550343622,15.72032809333108
88,3.3120556384494817,-6.6001577962761715,6.02398823800963,7.883311284219864,-9.456124096056348
89,16.92796577119651,3.9279657711965745,11.844034861028785,9.869564536103027,-4.136326927375624
90,1.831943304383334,1.447853437130442,17.687909604163487,19.927965771196362,4.399842203723819
91,-5.60015779627617,10.927965771196481,-10.07203422880344,2.8734921784222176,9.823707402844471
92,13.20205845982821,1.782639691376446,9.262679477528277,19.999988400827377,23.181851453928136
93,4.752575974578246,-4.298188332223726,4.020195406727804,14.510091903777797,15.722018673676406
94,-6.878769563771943,-0.9595975873721108,4.222265465728225,-1.919183575572065,45.232122176625765
95,-4.979804593272192,5.202058459828219,16.1414374421281,5.712161962778148,4.232122176626418
96,-7.317435119283253,31.57821239006208,-2.406880111272971,0.6974723793816127,17.69747237938177
97,14.682564880716903,15.458952400742739,3.7123798780465638,3.801824870036339,1.7571023740414524
98,-18.526140100592514,21.652749883387006,-12.377065113943033,-7.481417604597611,9.637842384721866
99,1.6378423847218413,15.682564880716967,-17.421787609937734,32.60802738739209,4.503674896737451
100,13.428871062528495,0.17523439958762532,0.12167474057235883,0.013601060542516308,13.61918022960758
101,18.94358753370465,-13.732005162198497,5.11105512131922,-7.878325259427747,12.95651296942923
102,-2.824765600412393,-2.278761121787479,-9.571128937471453,-23.352216959716444,2.5924021418985674
103,-5.694036757127529,10.37264217340887,-6.458857257764512,-7.627357826591153,10.83647518286839
104,21.103036680522525,1.8521608306117079,1.2462757026028646,2.034505446585178,5.0837698055840725
105,10.295540061601757,4.4925974975973375,9.59112621559513,12.739251755157795,0.08376980558407254
106,13.230116277548303,2.295540061601759,2.3940687795995483,7.034505446585178,-0.09712673737880195
107,6.246275702602865,15.802896471612836,6.19701134360397,19.92114421783979,3.7389192925918104
108,-6.016433489509047,2.2462792993493292,0.9835665104909574,-14.594754874071866,-1.1320303439744563
109,2.0448733066451252,0.014219908568047224,18.59290550456887,1.197018711688771,-9.923803929735076
110,19.834550787416934,-4.75372070065072,12.317841353112849,3.7371445924779545,9.559486635960685
111,11.713728145993109,4.737144592477915,-4.753720700650722,-12.440513364039427,9.832611947414298
112,7.117270680576228,12.562135010909131,5.19204456446443,-10.06777454264614,-0.6229102123132264
113,-8.80795543553557,2.932225457353858,-13.697684096201426,9.562135010909136,13.302315903798581
114,-9.697684096201415,12.932225457353866,-5.252819765868503,5.562135010909136,-8.437864989090864
115,9.56213501090915,0.1172706805762238,-12.06777454264613,-7.437864989090949,25.192044564464073
116,1.029788594753178,-4.832720908438807,16.167279091561273,0.08979614431404992,-5.821651915974938
117,-1.9425389240871034,19.13960661040161,7.675580835909085,8.636839362285517,-16.37422963017829
118,-2.9157383519179065,-6.467444157130817,5.504883361709519,1.6368393622855368,20.658977347213405
119,9.189417076488967,0.6755808359091022,3.647908354749492,1.1230031217057126,9.515952354173386
120,5.738270085889782,7.821648212553598,0.6890898017971074,13.531835837684449,16.04860877009161
121,4.098400137942867,-9.732245672130155,1.4771589734235424,8.081031706882825,9.48359154568956
122,3.0294806994869465,9.259357859234072,5.225850208924442,16.335832507407858,2.3890496063986473
123,1.342190199460208,13.563760100086105,14.48680783182254,-19.48746187911349,-4.153581146057462
124,-3.822326745030429,-21.33995526306937,32.32431491084905,11.963570440538325,2.882321660890686
125,17.020789207240917,19.87414755136187,11.481198958577416,13.833769319358836,20.08825036579333
126,26.142416218891505,18.874147551361784,7.297231984299492,-2.269441190913181,10.931366318064326
127,-1.5106269318936438,10.088250365793016,-0.8494096715795971,-7.965915487305388,15.811807588734508
128,8.474967831374657,-5.616768565697312,2.8522712872613116,4.9727931990252205,-10.43598569805149
129,0.38323143430269324,-27.64555408038941,-18.384423271567602,26.595489743138256,2.4147068754927297
130,0.334358934316791,-5.837725403931078,0.5151418019626064,-1.1276417274446997,-17.10755474215077
131,13.89244525784928,2.5754027578445715,-8.424597242155413,17.543927316654493,-1.5250321686253356
132,13.66330416770778,18.58362567204296,31.673263979665666,4.523866800294335,34.898518758061805
133,-12.74052032670143,58.44418830462915,33.424268680713205,20.16003250436478,12.611398966332922
134,23.513906988336245,11.57366586008484,11.529275631213295,-1.709054088498824,11.623464919875396
135,10.790789377516258,8.713897194637553,16.424268680713496,-0.0609733815331468,14.767346232849073
136,23.71750710327604,11.147879239697254,-3.7341562900134795,8.070612299385694,-6.532523519946261
137,0.9329358530464393,22.169170496565624,-12.332805346467048,6.5443213735613766,2.91124482811185
138,10.218970635918275,15.156700520524033,-0.8642877454938267,14.807466836473555,-13.834645885779324
139,7.78638685488031,2.7175071032760627,10.650867551426275,12.44342998605524,7.526614629358571
140,2.743106864537242,-15.204331405801877,4.113361460939763,21.269387729367693,-18.176225728361306
141,21.716660107651368,14.56063383922356,6.4819571367876545,-5.49391859510301,10.848230323858969
142,-0.4939185951030024,-3.2833398923486614,8.637651621104606,17.032362269727457,1.9798005400665617
143,13.506081404897007,-3.046314432708399,-1.4658129176624604,-7.072761189594306,4.453519675236133
144,12.437692736647838,10.70919442359731,15.449501508784833,16.24550711181839,11.103801846174848
145,3.1409008340052624,29.746293411427907,-7.89619815382514,19.881207919192704,9.208408123988054
146,-8.204798828604932,21.83230015922546,-8.78490119033403,11.899807449208295,6.832300159225511
147,11.758102183564656,6.326395773157052,13.86270846137792,-3.6246964668756414,7.936906437038597
148,5.304486005369682,-7.422929331861195,19.247869900206467,-11.427494257459859,6.401495501817308
149,-5.8087462049567415,-11.172613513341643,-17.547358716161632,-10.121404979471363,17.821978915365424
150,-17.542793790562623,8.140045261172975,11.299078434076748,6.140045261172972,6.344879396654095
151,-8.172613513341643,11.945793895440607,12.827386486658355,2.083429156009763,-5.911163272697307
152,6.051193968452756,22.892263309501907,12.64676779255146,20.67065256471499,9.831650173538813
153,18.507119552165722,1.837945962204908,1.307428481818731,-5.195328990364134,-9.029109542150948
154,17.777691845733024,6.858629337441734,2.837945962204901,3.168772372244133,3.8922633095019377
155,16.477098137185074,-1.0064748430437798,29.24096633549968,-12.083843970372754,27.91615602962707
156,5.6001178706926895,-2.8269594226640775,-7.818783095965684,12.070359417345852,28.540600963999413
157,15.232557484029357,20.827111069807103,11.908161350662459,-20.23768406262392,11.600117870692634
158,14.707009460902142,19.33523864401941,3.000308924600613,6.805480190672597,30.651458450687848
159,13.540600963999122,2.0003089246006214,17.173040577335968,-7.502563289297254,16.431408745833384
160,1.4827532695606984,-2.232456027102505,9.784443191412162,12.483115919352768,7.1810633477092365
161,-2.269386215132059,-10.911232050719676,-3.1466369127859046,-1.73131921532439,3.7260029462881974
162,6.450218248670627,6.551673165362624,10.689512956966531,22.997341865481825,8.8533630872141
163,4.1698227124732234,-9.44832683463733,-1.7313192153243926,-2.671363896118923,7.4398437124023715
164,-20.82307692541051,9.24010329763663,2.1047171053925386,8.1949745668886,17.176923074589357
165,1.1594890970618934,8.19497456688862,-6.904308640757132,13.204000313038232,31.185948820739256
166,-12.460481781009143,7.185948820738873,11.213026059187614,-3.7508709562137765,21.539518218990857
167,10.185948820738906,2.1769230745893724,9.140820089990857,9.729532779955333,10.874467255615187
168,18.865217915941997,6.197442434713434,-9.762421165702493,-5.688140525851187,5.1711161152973375
169,13.483710802378582,5.725933810034057,-0.4289307108595397,4.624454161230142,11.054756957408443
170,4.157306035129365,4.69294246513077,7.686670099986383,-10.555552907669064,12.069636466493444
171,10.40121037687744,21.099169757214376,9.311859474148896,12.865217915941994,-6.242958220587775
172,-1.9704849078235354,14.168376768973646,-1.7601347644318013,25.42541478195678,-9.832380558739418
173,47.812980184475656,11.339621612185802,39.41159592281803,-5.248570351902329,17.294158893793995
174,13.588110989513586,24.581304223082903,22.61202596657626,7.608078528289944,22.281893690772986
175,-12.074054398927784,18.833317210420294,34.58532388984964,7.959903208535616,22.064041179447347
176,8.471114459224783,-3.444175419486464,0.20316944373214252,13.261134854076216,17.7199954621113
177,21.204385112411668,8.970092133676793,2.721211130790442,18.471114459225006,6.2947868908341436
178,-1.032339203681827,0.5448835623997798,-10.881540677556432,-4.031123535002506,15.262350522755526
179,2.5302955382482697,4.838357620157886,-6.149485693049111,27.604064641423395,-1.5601062401745192
180,-8.676406279462595,-6.945276415020665,-10.275528898269297,-4.053808990624969,23.38490910561058
181,-9.016035238200077,-9.261363741109948,6.389630824663644,14.078265217627528,-8.006591800093863
182,4.049934903308905,13.182076074178676,7.054723584979238,-4.388716230309355,-4.530233876668035
183,5.922582414109444,0.5876751744251119,1.384842142993243,11.389630824663593,-2.1433877273994657
184,-23.199155746524774,18.344608156781526,2.7287056749810334,20.100699900877153,16.72069027737059
185,13.384845536609303,15.676846178176463,4.676846178176307,-19.65539184321847,14.676846178176431
186,-0.5632949665860342,5.344608156781533,27.596692202071917,-5.1191621621958605,2.34460815678153
187,-10.155151255555158,-7.6591589543603265,0.304851952280362,9.836833346834291,-1.2393931263526725
188,27.455239409859637,15.656455204423091,20.896425101356055,-5.994305735986831,24.02363622581294
189,15.38242204055949,19.89744821967015,16.535846452095186,-1.2708951729720288,5.706336760664139
190,6.171313636838463,17.136404696045563,-12.757283963795627,15.460402655514498,27.081723346959787
191,8.102961092100012,5.136404696045531,-9.942392824751666,22.002398480672657,-3.2708951729720583
192,-8.344587133603973,11.98209114146086,0.8341749601578348,-16.546378930090878,-18.344587133603866
193,2.7991120535358602,-14.500968493104063,-10.005002491523305,2.649056051213979,7.191246723228184
194,-9.980706130898554,-10.110685343037355,1.7002734973074993,-19.47954462599502,5.397502279685779
195,3.0214544021879455,-10.299726502692515,-1.8776422794048937,0.4138775251319775,-4.53606285772973
196,7.81536016327934,25.264043784316105,11.98459017642695,-7.188914237193434,-12.094830280212546
197,9.582070511034912,14.1220480363011,-3.5094772049289134,18.27542078709074,9.169959827335283
198,-0.09483028021253781,25.22031469542084,11.131648730542217,25.791930214409835,5.4902843835150525
199,-0.8429013955477935,-0.31962468076787776,-22.00074632323173,14.46706489235142,4.924325268184162
200,14.969678658903526,-8.66888186181506,8.970410417620391,10.740758268364523,6.790178517124141
201,2.642405609989776,10.018854988090746,-4.227026657845953,9.019586746807718,-3.5213528742531732
202,20.429470796559663,1.3802944673721513,3.396523964053089,3.9866399143011835,-6.554055787187301
203,-1.9811450119091898,3.871326000528704,12.593473200374753,21.085236492248242,-4.210065402448197
204,13.357749658335983,1.8556821366204566,-3.615160667631163,8.636916485526681,-2.2130661778771468
205,0.8785982414529723,0.7160987230250903,-1.4568347184036132,-3.585984208998146,1.1994237091084172
206,-4.800576290891583,0.5244227459641894,7.55359920459721,13.297348482239027,11.497333071931324
207,-6.329733486639971,4.693182618192563,1.153591499443353,0.21816624474060964,6.22860016774144
208,21.58308600513594,-0.44797169591219754,16.35118879213138,25.370135352668175,9.814983218140453
209,10.882203877331882,-3.715209401442509,-2.6298646473318996,-15.452254487390029,14.77964272561459
210,11.412396496914615,20.344268140410758,13.095154529799515,-1.2815649791688664,22.576165353415313
211,-7.544519893221263,6.89340732053032,9.742572070158564,22.52360846328279,7.576165353415284
212,-15.439856882042314,15.579909457487824,37.69611889689603,19.19254465946117,-8.860057898954766
213,-5.860057898954723,8.556453865721975,4.316022225769342,22.23128113926391,14.250649379165164
214,9.55756064139261,-4.442439358607278,13.541172977685148,-8.923664779946888,-9.286414601999219
215,24.541172977685328,6.676750656994479,-11.433701195910137,19.579909457487805,14.564201295417
216,-0.245274051299875,11.528515049349256,14.338281447206398,1.957814242920848,-2.4226529613647143
217,14.767580640778123,12.452680286394603,13.605643201816477,1.8704181774010489,4.7817287223686495
218,3.276594765842365,11.362697441849408,-1.8776615390921305,32.010526400745135,20.6159111148689
219,4.5644923465573575,0.7830221118812767,9.93469163779044,9.412822820648259,7.438532204803969
220,18.903541334938005,11.647489421209766,5.987280078261911,6.474677555214749,17.863504253703553
221,8.9663251485654,-6.847174900247646,1.8025584200688753,9.0363161196986,37.316591828248704
222,-5.9588209109799335,8.687526502444243,12.124895906131384,25.909873105466556,33.178794916889814
223,16.953076071965366,23.301865689219706,38.39012508998964,1.6099870029548389,-10.877277947303932
224,1.2760924050149365,28.61891547182984,-0.5233049127624639,10.373268571351819,4.503739316936815
225,-5.151025470232363,8.782474941330179,-12.933362061326179,13.74535737904157,15.368068015038089
226,22.204146213314406,27.171193004986005,5.188141950634228,10.04332686244147,12.22859350325092
227,-9.704350993586502,-7.650363561469874,11.113950717623284,-5.151025470232366,5.155144543455483
228,27.069171076040092,1.9828696687065754,10.58669363406649,18.19533472400326,15.183593359626123
229,59.615384374970695,12.723965446705423,6.571428534151196,22.754216560405084,6.092539315007901
230,23.940565398370214,1.9881007811092757,7.842043705592245,24.845883742043284,12.615384374971205
231,27.6364528876015,32.89035449185061,-3.551802051671885,15.72396544670536,12.109591283939615
232,7.30429522880153,13.115237393543332,13.31772748435484,9.568115475506044,18.282316324694207
233,10.628646409398382,10.137589065904361,9.151995619251426,14.779973744129023,15.128102772540986
234,13.140968151538999,0.7967637062084452,-12.56017706689869,21.51721650129893,-18.46214999144007
235,9.37833419511518,-13.881706680344957,-0.8855184888957549,12.161185175678396,10.97206823171354
236,11.116403888008588,-21.34115523285262,3.774517504838208,-3.4864392749267616,17.70898339113949
237,-0.4915711048289163,20.78991299454471,12.453158441276631,15.543172029456503,20.237208455601518
238,-2.873332452187117,-3.3411552328525644,14.101008398301914,20.382492497675738,13.49303340546436
239,15.81952429892814,28.397887987382262,-0.2910166088603753,6.729510710748219,7.960856186129904
240,-3.416520973183747,1.1782586576571137,6.899523904609923,-7.693471372084748,-3.5173558205052755
241,0.11022048980567556,-2.0933935255153697,25.959914693791053,3.845174201564859,10.854203645563029
242,-12.626140675378576,0.9513892712289174,13.545980361601664,-9.643793482921968,8.72372495072944
243,-1.7325658509774269,15.360936911119133,3.885804238820488,16.710512808152412,-2.5489564137627188
244,-4.674248309515882,-7.674248309515841,-6.828656684843143,-15.40830491108446,4.184572523544801
245,-0.13112186527167857,11.60254411244443,-13.408304911084624,-5.535852098535611,-9.078587918927518
246,5.059808292052731,11.730091299895783,-13.473274670863274,6.793864893621334,8.198204503033002
247,-5.14236151265308,-5.206135106378665,27.13443090930701,9.730091299895783,-4.18403869882278
248,19.192724940070892,-17.140232186482386,1.4020532764389837,2.9413685173377444,8.278070135607308
249,-0.6417172974937042,1.8627380355402348,9.81957351347566,-2.143854578209209,7.9390277932609825
250,33.46121067411981,7.402053276438994,1.40803831876475,9.323653376001344,13.815997239584917
251,20.399083054416362,1.2392684332381003,24.5510877794269,2.361252924528923,-1.8078889271565968
252,13.70686828613116,-9.6005822194222,18.494258445604867,21.8095264228602,3.636507024836271
253,9.14080674120885,23.446842252527276,1.0659098123664057,8.420017227557006,6.426952540472107
254,0.19410150711937646,15.50155201267249,23.800293956923547,8.424951338601357,21.937718117613123
255,-3.1133489984340397,4.706868286131139,9.926259009180388,5.677992837409051,-0.8254748190482027
256,20.180952048922503,11.522200304452705,-4.178705694878568,20.320570315499367,0.5289681453621704
257,27.173439265014196,0.9375479849341953,-1.0026332149320596,18.9425869044707,10.128744593239912
258,15.349511744960903,4.173439265014433,-0.9461983352530581,3.057185585201678,12.409330545094688
259,4.99736678506794,6.170055344559698,5.117004385335436,15.761475504987482,15.564603493441869
260,13.370182254256791,40.22074393384646,14.715725589220343,4.8847310333804455,-1.4469927179484197
261,14.772060737273735,22.118670984733846,23.695483443038064,17.160197761928163,25.212751204426006
262,44.06996581659531,14.487582838716428,11.787061702731622,3.2593548522232387,0.21712885571635632
263,-14.446992717948344,11.659531043654832,4.055320154595666,14.050929944548292,10.274111714820403
264,31.39962974815595,27.330250964417377,14.01887673941767,24.760710112809825,-1.6056475864828301
265,32.63219561420887,1.1217904774636698,16.788923329415848,10.650415526097369,11.52814424675692
266,1.0679761194172932,40.527580923447374,24.952999414416276,14.739899839319463,10.5489545202473
267,23.61138534071852,23.261123903587215,24.503681115607975,12.59057506722813,3.5206516519272215
268,2.7378989448504987,-4.615485599613553,0.4221716509531448,8.062344910587594,8.289096786423631
269,2.6481151543536487,0.9233654416321379,7.919524642847694,21.64811515435364,0.34685714981970484
270,-4.083252490776139,3.2513631475789464,7.905206764028018,26.212973912854675,-7.653142850180274
271,2.1753166622877873,-5.050626841112576,-4.166146995173534,-10.166146995173639,2.578284955803502
272,2.712701240002522,-17.46159425642595,17.572698262828627,1.924122155841161,16.625553491788267
273,-6.7287033013798485,-4.463010706503724,3.169835590934282,-8.167274942606543,8.50269677424171
274,-2.1115868134912263,-11.044418225059957,1.0984176522695717,-10.970167386239545,5.1169803619746395
275,-0.09444055386397188,-6.743016660851469,-25.725870401224213,-3.360133148740066,1.7627235688065315
276,-2.369832934341699,3.7244330253503772,-6.988756412972389,9.358738096069986,17.08589378887935
277,16.342950460820298,8.38449459628637,28.279799919822093,0.6572145828634015,14.126065625186202
278,-0.5859580277863662,4.746839172846012,0.30085010015505886,-8.871200081165764,1.2797999198223855
279,18.881276057820056,3.69708732962355,3.489168476645948,7.733174788671194,17.131534212482354
280,6.648125977350192,9.610531512193356,2.0898996244137704,18.610531512193557,2.0273666216945267
281,-1.4789613421027243,13.156101937535396,-0.3232661746852069,-4.185544241652201,1.8663541474870202
282,8.179392478709834,-1.8402287520625276,1.170405861517547,-7.176557624459927,13.297493180970672
283,9.23129086784899,-15.944025530340708,1.7106589800694945,-2.754405208168709,2.29749318097047
284,5.623412903456102,1.1225642139610592,0.5062750031105268,19.764773619886288,7.4436689169236265
285,9.978512073521333,6.733470576792808,3.6234129034560585,15.21647334324145,-5.3944330195903705
286,16.088569746858177,4.957974726465643,17.043809583717827,21.83007113008252,5.57157251330678
287,1.4436689169236416,1.1198727899516574,20.92667168337221,-2.0527909695718995,21.21647334324143
288,3.9108714483684848,14.637504205460885,2.516398745945346,35.281227498900755,-4.172038015283712
289,14.160122039385424,2.4917598939939407,12.128443515448012,7.2500711750236135,-14.80872163673746
290,5.516398745945276,16.789765988853258,-9.77808751292076,-1.6876161772222638,-1.8398779606147087
291,4.007860255992885,17.827961984716413,30.37065443447891,8.886232596417408,-10.80872163673751
292,-8.946169397500668,18.210820227451514,26.89691230237401,-2.1031590224528642,-0.3668928974832728
293,-7.156531147491996,8.107202727538443,14.604043566029967,2.0538306024993633,-1.525445897518036
294,5.316001102447249,12.896840977547116,1.4745541024819875,-15.420265022522411,22.948649727503646
295,7.451349053557191,-10.828999394184796,-17.418701647439917,9.316001102447252,0.15848031721316447
296,2.9297599613761607,3.6785725328639964,3.883283700645257,-3.7573005542986446,1.4261229363327308
297,-1.8854242079769952,-8.321427467136031,-10.570166459058889,6.864313679332699,-10.473814388573523
298,11.92205847437737,29.186611359463924,12.451164244550235,-6.591644321797801,-7.3547816921672915
299,3.4101633937539964,11.764251004238943,22.373798689988917,15.578509857770143,-14.97899125559686
300,1.2321618414408868,5.861579216353377,16.242937653311394,-6.644185135042923,26.192346871812433
301,-1.1495730409781733,9.45791626473226,11.345039053086573,8.076181382313194,6.350033665917273
302,3.4902437003437585,9.207740939060175,-0.16034885284867884,8.737549747376141,-7.273226064494363
303,7.086957194183693,22.726773935505637,14.665407254127748,11.221386029570384,14.468692076602764
304,-7.183373558465908,-4.649512697662337,0.37624591206742886,-0.053582682705891393,13.35397499358315
305,-6.80915291494191,-8.176609802016578,-11.440432000191239,-10.031306064148664,-3.412513681929791
306,-0.48966712601586404,13.843358719157958,16.479280350986375,13.84594399012228,3.4601377378348994
307,-11.877079990915911,-0.43506747406856405,-12.88432144175622,-1.211616332256866,3.672571468683996
308,6.465334048102621,6.6847253221865515,18.79053097746653,-2.4372235263248614,-7.006220941681136
309,-2.5346659518973613,5.766121765558053,28.847323786868362,26.56287368470507,25.099487502567914
310,-4.0062209416810814,-2.233975445472407,-4.534665951897429,30.156377523000362,4.993779058318884
311,26.953129442148363,-0.8029728608287179,-1.2745278506123763,14.156280311970415,2.0750782906598166
312,-5.265071194363109,12.807745539494377,-0.09474575253534036,11.56396742604857,8.758991185509124
313,0.5883509465609074,-8.094745752535331,3.4661971899461443,7.7102368315239,-11.777574579979667
314,20.287621219244663,21.588350946561,-6.797859470549424,8.106707770945665,2.5639737695683267
315,9.63710530054619,-7.314140345468557,-17.338517522461228,-9.362894699453802,-3.1435001065205217
316,-5.892585997448434,-3.384682332735883,-2.061760013405186,-16.000184368687414,7.799917395803862
317,-0.4618108956508196,-10.861607366668526,-6.723284775877614,-5.953907230938328,-12.107782739926064
318,-6.738710488460512,-16.953907230938224,2.8766643418768503,-0.2923824684659975,2.922814274011814
319,-22.292382468465906,-5.523132129140759,-4.107782739926158,1.4458892400793002,0.9843899187297576
320,-12.409987509343356,8.70229133277634,16.46394586660779,-1.0875976271421612,1.0621074956839889
321,2.300452961852403,33.30045296185274,7.113321558319724,-12.05936320105516,4.258430753836198
322,-6.059363201055191,-0.9332965770062576,26.379901450575414,2.431115513211081,3.4219236585915924
323,20.46394586660799,-11.017340993038955,12.543394355330623,0.11332155831979862,9.221004473129645
324,3.397244793614519,-0.6204165692858367,15.05696726261338,8.056967262613007,18.547652177244267
325,18.93043129879691,5.676258160031161,-21.14946303652608,6.762362552266913,21.203234608300694
326,9.014465672061702,5.5777336539698315,15.631686550508936,0.6741881410602252,4.076698644484357
327,24.607815130695855,-3.267718924458933,42.397244793614824,-9.207555971007196,10.513430662576244
328,5.100370796641204,4.18872033705462,8.05922260679963,16.1550191536294,9.236324457162532
329,7.350815205348465,-1.6491847946515952,1.767630008250809,3.4209509428286577,14.642407803897317
330,10.00734296079045,-0.010013137941238481,-10.73266791466259,9.433773410642244,2.6424078038972008
331,4.322812527105712,3.5797967017204133,5.360289306293092,4.378292968873994,4.6196844178244705
332,-12.466069396441405,-0.3609968892675357,12.642528544057642,10.177389165832494,-0.40584623879721105
333,6.572904230879723,-3.1319526334802283,6.538631181325551,8.726351520908402,-2.881658847369785
334,5.9105464271660075,-2.797835870519071,-10.902908377692912,-5.7812869179628725,7.892822330168076
335,-1.9064338110180628,10.2647375760085,-3.899382944367698,4.20098898503922,12.075842091983917
336,-4.378934842620844,4.138992604762393,31.850124844525933,2.728629841678636,15.995573025696586
337,2.9920435013660844,3.210702394295315,-9.437654110425367,11.923863236163573,11.10313770999598
338,-4.722805304529619,5.848810964102373,8.923863236163585,-2.2195563429023237,-3.307225053087863
339,9.370080894013833,15.85215344663094,-14.52235442168668,1.6927749469121085,29.959718130930252
340,-7.600631173496931,24.768175187424553,2.092975159488546,-3.1192452312100065,16.034823623080406
341,20.057375133880353,7.7613483844161655,3.9988689646207307,17.344187184107216,-0.4375855557215246
342,7.689505403593945,0.19786924085587188,11.070778281540314,1.0929751594885775,7.8493751804405605
343,8.562414444278406,-0.6000589864543483,-15.263170536008348,4.266681060085051,6.289005541711508
344,-5.204445015080559,7.368150242732092,0.07620832929445331,-2.703406481713606,24.727823570544693
345,-3.363149976973526,11.424593088044537,6.795554984919553,-2.272176429455456,-1.5189640666429856
346,5.0649197602320655,22.031054053044702,22.772977846794547,5.4584587952320245,0.04100392587055013
347,13.121362605544544,23.10490132397446,-0.6092726191429412,-7.51171428740173,-4.901214532580505
348,41.71134950097653,4.711349500976553,32.782579281243954,-5.555629095372483,8.111805265102905
349,19.330827096400547,-5.513557176627428,20.40577500078162,13.303865912472684,10.161255606427519
350,12.05525548005854,14.909428737878871,30.708471197705627,17.8927834338052,11.291649760769785
351,13.153948132232967,27.306744215743244,5.393463856674938,0.15881978169606636,22.673761602507806
352,14.745214540494771,3.3800128166668397,16.84018468751326,18.392435456632782,16.127508119536706
353,6.996026431107134,4.840184687513016,1.8247828648986433,9.144929791633652,7.617931429002485
354,37.31503958223234,-11.524041520910222,-9.31606886997396,-2.175591161356906,11.760805607613536
355,30.21191928263292,11.760805607613607,3.9463501902422697,-12.565803032138861,-2.2547854595054035
356,-5.185858417611893,20.085041995737743,9.490488085238244,25.2987679225101,-0.16385265356808731
357,10.330419772790082,0.12372759052447943,10.618904547406343,-1.8903398984889115,24.14573335456847
358,3.6470395254331223,11.22049220241243,11.85021483544531,15.312835411523274,11.145733354568325
359,-24.060958827697103,8.814141582388169,17.355037878563568,9.358554750816829,16.1809020771019
360,-0.2980973413428478,-7.888077267947528,9.086872548564305,-25.453007011064393,1.2668324017737222
361,23.521942805447512,13.191681851309145,5.086872548564271,5.6768524751689995,13.341982952238322
362,-11.992886570692388,0.9570130623311841,6.086872548564251,5.061822365076075,12.367033135726498
363,-11.708117414738114,20.496892621959322,5.241782218285534,-22.093087304645408,28.521942805447463
364,23.849885698122545,1.6426062990439547,7.750160599807933,-3.4210963890723276,-2.410395124201135
365,-5.810956090901618,11.138342418244873,-0.2443299039070843,13.28278871078212,-7.506680915901155
366,-9.462163921414136,12.719446678196542,1.8428194048144064,-3.808030999476856,22.46208119189689
367,9.35862301458627,9.589604875798768,3.384648830409939,10.377286610535855,11.866543798377645
368,79.3355866269931,32.40524217174683,8.791504848440963,14.512058525967507,8.383304300402772
369,52.057998357863895,15.523027461639286,12.813442719784431,2.6627506228759827,18.813442719784234
370,8.813442719784362,8.662750622875972,-4.455034667016987,-12.475107565090727,-10.068771990322439
371,56.08006897316691,4.964134816692799,1.3723353647310177,-2.342683873272175,-23.487941474032517
372,16.0933416861667,-15.163525327988358,3.708336927558973,17.494798253291055,15.801352805350389
373,-8.145156458457468,5.991156835480259,-3.1037451795846644,13.39261340260455,17.63669847510109
374,-7.912546189471685,19.998439671101842,-6.762853918719791,0.8816891491722598,13.113967810297558
375,-10.56307772180939,1.6661053070196856,-10.697293955179607,5.903537656036836,12.100624521788239
376,12.181675854952259,14.156261821563373,25.77151024159668,-1.2284897584033303,-3.4589865984702524
377,-10.433572565081194,33.36134462824119,29.361344628241184,-7.869152211825884,4.130847788174119
378,-2.048820985114631,-8.433572565081278,-17.638655371758972,-0.6386553717591206,16.951179014885494
379,-13.048820985114439,-18.638655371758887,6.92576498149636,39.56642743491896,6.361344628240881
380,13.312836361076892,15.31283636107664,9.342419269108165,-4.059940849631655,13.268280163616943
381,16.087973690525327,22.744779387847768,18.771901796852756,17.774362295879406,-5.403135152308817
382,1.6264477557225607,31.11164813805097,39.73093297384342,5.028807874462491,15.224087636982807
383,-1.59841491482908,1.596864847691207,16.7719017968528,-9.941609217506189,0.6856135717852991
384,-10.842366533806448,-6.3569053902879045,11.85529547235119,-2.1307631632690462,-14.031702764750905
385,16.378625039850217,-0.0012126105146794686,10.869236836730874,-3.6943040775194103,4.272786808454934
386,22.86923683673066,17.225038521999462,16.73442672511865,2.437804136247463,1.2727868084549712
387,27.95541829877533,-10.496603353363472,21.42725368941749,22.464806501894685,6.287401829938869
388,-8.673894848486492,23.577309458504004,13.493574689507327,16.6110300542439,3.7351445405723185
389,48.12430105323661,-5.033534028831175,7.9122485344919165,6.828513765495012,-0.5022220470728244
390,19.217670278159385,-28.418487278075943,10.513457565901563,9.35982574725318,28.079104107942598
391,6.133935509162678,10.355622483833423,1.858031097814842,12.345988027907882,0.7351445405724115
392,7.298424775900085,2.2655026476903846,6.298424775900106,12.500952587253595,-9.858541850475461
393,21.414925271931363,12.850823124092503,1.6579192136294245,14.017413651358478,-1.7413624879152185
394,4.860447024983024,19.827524896773134,-8.688936167331548,14.258637512084801,17.174380277734087
395,5.860447024982948,18.811751184130763,12.219941462712196,30.422469274065655,-1.2180362882047377
396,-0.6136607333048469,34.619635178933216,15.00447694932031,21.350009957986632,21.251288659912948
397,-4.9279002115863655,4.312750772370392,4.733784728722417,10.762322116169754,20.396072206510034
398,-5.5773314245963155,15.49735287888473,8.476352522024348,-5.281628954868937,16.04234346322747
399,25.56256040403868,13.877189510195487,-0.8257008075153649,9.807640020689497,32.12814866585627
400,5.434029468870975,0.31187419701864516,-4.33149396364549,12.532639633592925,6.43402946887091
401,-5.097017396162026,-1.9487322473872633,-3.578389277142201,34.49513881144605,20.77003573308777
402,-8.232883798923542,5.927820095864379,22.06368649862581,2.69334352838083,13.192349580517654
403,7.192349580517636,-0.6894181878773991,7.2857443200962075,-9.467360366407087,-14.701836933890718
404,13.837758556046179,22.65555158163991,14.443689564577413,-0.859275939688216,12.292206812444663
405,16.655551581640193,-7.7077931875553105,16.9634576213647,6.686275803913295,30.595172316709977
406,19.83775855604605,1.9013809684658434,1.7220838020067992,21.266908093621325,1.9288620432490515
407,-28.465206948219794,29.049620573108612,12.837758556046195,2.655551581640278,25.418633329749493
408,-0.6730802737343177,-41.40461497760189,-6.586381322174036,13.34117719463052,18.59538502239816
409,12.617966350390658,-14.832716230560452,-15.006849456610905,1.160748570368787,19.659542865960102
410,9.471892152909069,-1.4022035687845065,39.31751129642319,7.469480744091382,-9.209993141461565
411,-20.715758560141946,11.138033509779897,0.2866528486754284,8.627374780232957,31.908940013755846
412,-15.33750096095029,-18.58837558817457,6.409827061716098,15.950267439174564,-3.687326035505414
413,3.033892314916066,11.910725736770885,3.168789764432133,3.605834414947297,-2.5380497851151445
414,-4.6945154359425025,2.8189646898770486,-5.162115038315122,5.522209539205811,10.026702914478927
415,5.6768778399238435,-4.233158463291824,4.312673964494575,-9.836602285895657,-3.4013549854898018
416,5.784049166794204,8.058718725156552,5.570113437179261,3.3663189967090306,5.667595200811256
417,0.6384817093154944,1.4118978447998753,-4.348870155783835,-5.64632913819157,-3.018480460185903
418,11.492914251836787,12.709356827207628,1.3144160811679022,-1.8602648678065625,22.725822183802798
419,-7.018480460185901,-3.5881021552001062,-17.691907986282438,18.058718725156513,-5.284319105342036
420,4.926261061327918,2.6328302655217692,-2.4614189917654965,3.5446352082141113,2.6216594126538864
421,-1.879184176171973,6.947979365397442,4.389297569661275,15.977349231531427,-12.244971866730435
422,11.153109557301168,12.076085352861485,5.061429262414839,2.458251596093401,-7.3512814028709865
423,-11.864398779505386,9.490028259307945,17.37499964224062,20.44843915632786,-7.518265081080473
424,0.34184357607634874,10.713020629024589,-3.7627624540034184,-2.049722527814777,-0.21483009795887842
425,6.980861048599624,1.8367463133406488,22.739338607948532,15.820677503068483,11.352038101547839
426,8.836746313340619,1.836746313340643,-8.668350949395105,-1.2605095700901896,2.7892651415185146
427,22.162575478583783,15.579100419237033,4.373938904609505,-1.1858475026771718,17.25709240846208
428,-5.184360594703396,18.78111555974238,0.3841320620927544,14.790321918556756,0.35881457535283423
429,10.78571873914954,-8.17515423588876,4.3334970886129245,3.3680209341673444,11.762702842113345
430,2.7696076112240697,-0.6020583996854867,-9.244201926997551,16.358814575352895,1.4002431900181391
431,1.3542113959455897,9.338100268020167,-1.1866621844070238,12.758099662706067,6.363417754760085
432,11.713353037281841,6.060201371604212,12.97822504202937,10.957509378725556,12.590831704739761
433,8.182722704146318,-3.021774957970662,-5.919969288732372,11.857071353989893,-3.5524052911061506
434,13.876419372791101,11.304003456529266,6.326392379382234,-4.613665957377207,14.692637373978016
435,-0.4911446248351232,1.8346824311367524,6.2638127100807495,17.753898040249048,-3.5898607485493415
436,8.609495803320428,-3.2570489181287643,3.7320386003485813,-1.1306881414376448,-5.078088696217009
437,-7.3520046991591155,15.34453186195114,-11.07808869621703,-4.2570489181287625,4.30028630929345
438,-4.589198948194709,6.258669861356623,33.89791305621329,2.048272080474085,8.79555052709185
439,-2.436009140040506,-4.807143448470238,-2.0254892509963804,8.606532940094734,8.038285231149855
440,21.84939849232493,4.800900309745842,15.703903944587744,7.740277581522022,4.668080339040634
441,-3.4779642400837614,16.77665121845631,-6.126352416385441,7.0676403139308235,-2.356718783636095
442,9.558409396850527,4.509911214271421,29.498336700013763,5.607457610816613,10.594783033784752
443,10.449288486047543,8.728153035877348,17.667530307653486,23.425589426145073,11.43771397178993
444,5.5305137262030675,2.9873772527363944,-4.713111575830286,25.37316137110284,3.627091926236476
445,8.987377252736394,6.967295428303295,14.581511309936664,-2.1596698492635102,2.8604119751697237
446,10.023181297703347,-7.241054510530277,7.672672542536407,5.687866081303027,15.373161371102958
447,-1.154781563596973,6.286888424169714,-4.484679812563566,-1.0837021554302644,7.774139028236316
448,-28.433784602843996,31.403623343049375,17.46933272598048,5.709094636383186,2.2164289389913403
449,22.94060420527198,2.2181103422123343,-8.233448322199862,-5.290905363616804,-12.561840562263974
450,4.8371505958032674,29.301851136801815,-11.415753191185779,-0.9756550001387589,14.204968465626184
451,-17.336901931668393,-2.867311855598007,7.4315884994427615,6.7090946363832185,21.216428938991378
452,5.55105101996118,14.437311547492568,26.143904370679987,-0.14321344095896082,-2.3530761307728842
453,21.128932061984674,-4.772300774241934,10.548407073533271,19.925358737344148,-19.448948980038917
454,15.158876679375348,6.293627457633348,0.841814250345613,-11.864778572841878,5.551051019961188
455,20.587034634445736,-3.772300774241913,-4.5327438351167455,16.195110661939466,9.631951560531817
456,6.19043347142725,22.190433471427024,-19.21911199560896,21.48566073790905,41.688125060025406
457,-7.809566528572713,8.625981760011957,-0.8095665285727528,15.304751671981375,8.895206204945161
458,-1.33343019616311,4.501695159984448,3.4395518599707744,24.847478869764434,1.7808880043910844
459,2.253121959929643,17.304751671981432,4.371342537355,1.1904334714271378,14.009524405499507
460,-2.4755897628887213,2.176262236371709,1.0631215585128793,4.87255823785086,10.006750069828279
461,4.980103429578055,0.9660056220111225,30.056863057121312,12.384239160871113,-0.48151675665035487
462,16.012729314091303,12.707027758250023,11.249293336463879,11.45432469899117,-6.522313454968853
463,3.1135380911454926,-12.475589762888722,3.0007951137764355,13.575787358764863,-9.709208223289371
464,15.52544205232199,10.835270649958602,3.2560087554510835,35.83527064995921,12.948704864112425
465,6.834008296809744,7.218138160983132,20.91083426964466,5.98892259562807,20.640138619624707
466,-6.7037735130331235,-0.01233975752085037,24.910834269644738,14.606055084603467,3.296226486966881
467,-7.1281211087224055,2.449878432636239,11.947442510963347,17.757182323974988,4.988922595627997
468,1.2723868073092781,14.645618801212226,-3.9938305412460506,-6.381352948718197,10.844921699501144
469,0.3972941928011122,-2.2849744446707305,4.882233930923272,1.4152464206157727,2.2897406529133657
470,-5.006293818680725,0.01958351119137139,-1.2838126152682126,5.354365868324271,-14.518187556969668
471,4.167417218006703,-4.422015643684444,14.323557875361693,-13.904874352486697,-15.727167958310883
472,-1.3156914370199613,-9.868214727678598,1.899215623844324,5.373032516137398,-11.071801633359012
473,2.0155004480828858,-15.156439293196936,-3.729025860655887,-6.52867293859232,1.8828241413950435
474,-2.288729165326578,-0.8612419442177024,9.284223229637055,17.704463375774658,-18.138709277290026
475,15.500024389246116,8.889902940214931,4.5519648440368305,-15.872071671233796,13.620446500400702
476,13.959554611015282,2.279386714279599,35.30357626662453,-5.0623063759659646,-8.636067131585337
477,32.67103169140078,11.30315495413588,-15.225779710637905,16.739407701371608,1.0605342286721504
478,8.958129336948227,23.33961757229119,6.475848303626406,-0.4702921782242966,13.303154954135728
479,2.3865508521206893,24.841309633728386,41.62902201886245,13.259659546475106,9.038487116176947
480,-2.1425002410629665,12.000387246935485,3.058326986837677,10.401979464235739,24.83547909885393
481,-2.7422244984294153,7.259154214738383,6.835479098854238,2.8563468912444847,4.257775501570588
482,-5.340570042628069,7.257775501570586,-1.6924477752140865,22.205163898836037,15.793743514073638
483,3.205163898835756,-1.3405700426281237,10.660808670539922,5.960685853195692,11.858878472104964
484,26.769080764934955,6.861891305367433,-2.7496394015090537,13.220626936626429,-8.739782091615483
485,-5.915841113435388,-8.388709105584034,-0.24354889283581072,7.639623724170224,16.052348056282874
486,-9.794933133724344,-2.008418528028306,20.151062245588513,10.648389136512101,-2.9732969452536966
487,6.352858532780331,0.21544024650953975,11.63853182661868,7.498802974741778,11.639623724170196
488,8.786631632766689,-1.8670638594937836,-1.4859381130491802,0.05056520037896273,1.4631480360825941
489,9.132936140506228,-10.803421545908439,-7.0224414264772665,13.733081767519678,-1.3721100836629523
490,-1.327196396619547,7.713625005910374,1.7585386929537887,7.136300289952297,6.713625005910426
491,0.36468448379211216,-8.155726217472825,17.65334684177112,-3.6225870534907627,-10.93670633690397
492,12.2917964744562,18.478454636096238,-17.294248240829482,23.842758635748876,6.438684271815706
493,31.55121094832802,18.730753758289975,20.120695052521107,28.85218773015642,21.120695052521082
494,15.260665248290223,26.234333053818386,22.260665248290213,8.77413547721228,18.114953307756686
495,2.992569336167766,15.813636603545568,41.90543710461779,5.425214858055982,-5.5747851419440275
496,-5.736966747968483,8.274311066727229,14.366065009273271,28.293141394893063,26.23292510916929
497,22.26303325203135,25.2630332520313,4.0570944034788265,13.165702735102975,-11.813728058257624
498,13.232925109169242,21.36606500927327,29.26303325203112,14.321116742390547,0.23292510916948195
499,0.3660650092732709,20.263033252031033,10.382919398351406,-3.942905596521201,5.232925109169541
500,8.596670320870638,9.727030390852368,24.9721046993311,9.123090960892398,6.156416618850795
501,1.0809072674818232,9.67602671945126,-11.2847530793478,22.38107114284297,9.97210469933115
502,23.361424336167815,29.291003222858592,7.7098480308289865,-8.881976401146083,-2.2122072201885157
503,12.599084726839845,-9.435739340909002,-15.009634900484803,-9.284753079347823,-5.100441159828216
504,-7.4953960008345,11.772784819276438,33.94452727259385,10.86217842598004,-1.7188800175936363
505,10.37051358910998,-6.40600239413095,-28.584789607537974,20.683391212573003,25.50460399916555
506,32.00345783087935,12.772784819276353,13.689768016974899,9.130359246091018,12.611800436212349
507,8.175056049442853,12.12131894745073,18.906875229332012,30.9515720326839,36.72808801592485
508,23.266177931722165,-2.8866463507739035,-2.7338220682777052,-16.423745394102134,8.571826496714811
509,4.804356744506908,-6.741598517187576,4.030299344203419,7.11335364922618,22.18420339615581
510,10.878554831163461,5.1875517358826855,12.108925540043058,-3.7415985171875854,14.034727453386509
511,-5.0438987424531785,3.4976284100582484,0.034727453386488,8.183123626699564,11.03915556256963
512,31.454546970053055,1.2784260339059643,7.784714767791835,-11.336118452482996,6.8885041624173455
513,15.784714767791886,5.919889012301727,27.01254137146459,5.384537639071995,6.363129160544525
514,12.593872216536047,9.392588932721578,25.64054510385707,-2.960392136473736,18.8032067940003
515,-17.195712849270713,-12.636870839455408,-3.871469825712559,-7.754787607411282,-4.280902090859915
516,8.317014177340646,19.394839436099392,7.690079116878395,10.69690664762253,-2.720008071760158
517,-11.874063825229758,-4.828540943404841,1.0796622799782616,1.9351624704254664,27.120601268519344
518,-0.5205025441525188,9.698865884255765,17.81416845770087,3.4803215765014306,29.083071719029892
519,5.981645571801904,19.044175154290112,34.179716827036366,16.69690664762255,2.880431459255275
520,-0.4870029048464223,2.2181777754768324,-2.6208819802087207,0.6436718705716153,-7.9459667687818465
521,-8.02803904091115,3.838081883726613,6.6436718705716435,3.856418918119036,-11.636014714657025
522,-1.3109299260838783,6.430924823024213,5.136105503347538,12.084298700114482,3.938491190248341
523,5.512997095153566,6.102635734506955,0.5129970951535636,3.281913013213779,-1.240786088458543
524,9.862966436692782,0.9613475013867546,-13.237376973826679,3.1615437359693006,8.162524908882048
525,-4.838456264030699,7.865419368974658,-3.7336975754038755,-0.03374663404951084,5.665713720848469
526,6.762132439716948,2.6622796156538584,1.2613965600323893,10.862475850236411,11.762132439716947
527,10.062181498362586,11.16252490888205,7.765566544911556,3.2618871464887658,-9.737622267054865
528,13.739569659769849,20.260744829813884,-16.356818182125323,8.797508374495887,-2.393710119534515
529,7.401040201557128,18.842973094104146,3.1643569879185804,-9.732239577747224,-6.011273131473696
530,-2.4971135538687474,-10.541021083716808,-6.902154509006686,38.01860321349666,4.9292309640400385
531,11.458978916283272,42.73956965977042,23.730996877570778,19.730996877570814,2.6501974103135963
532,21.03376109189173,2.0630670417902235,-0.5062682475026354,22.56684443197705,-15.91487739815282
533,-3.8201657444145054,28.807477054142662,18.858838564098328,0.858838564098303,10.471980582972744
534,17.041315872265727,2.158083086060884,8.45007721818199,-3.4331555680228183,6.216238400059316
535,17.64690311076639,17.946299827994917,12.106873771371776,-16.761858235149976,15.836935199307577
536,9.981777539326746,7.7641479977713725,11.315815655273523,7.583494829088686,19.58349482908867
537,0.9893713429404655,0.061209740845643124,2.8729627685490566,-1.792999115504089,20.880556572162735
538,10.637902214477522,10.855531756032896,13.909939141421765,7.880556572162792,-16.09006085857829
539,-6.956221271670682,18.52908744369968,6.3038640985308465,-4.282665584003748,15.152593499106915
540,-7.048818372643719,12.894013969781462,13.053830155738169,2.1489889872901182,-3.0069919019471634
541,13.935840440478085,-3.1437963075864372,5.456753675826114,-3.9461698442619886,-4.425256608913664
542,10.365611037603141,2.293463986368608,12.700222803176409,0.46076986915518936,18.430268392007964
543,-10.276946313115541,17.761044860861674,-9.892837483406499,-6.417766912083927,-0.6268992655671903
544,2.605849551132772,-1.9861967300994616,7.4924656193325205,7.811573852287192,3.8080789687461323
545,17.84310206535636,6.3644397159243615,-3.1142226335075947,4.364439715924345,-27.561356769870393
546,3.0991538721726153,8.535140920468546,14.084511900564621,15.360944832383344,6.2440660170420825
547,-7.518681468734345,3.2475609005830846,7.386733892058131,13.640872647742968,-2.1142226335075915
548,5.784166489918459,2.6697364275266056,-3.8069591004310928,-10.625080735704076,3.545818725939619
549,-19.5629354769247,-10.402269286420092,0.48367346716007664,-2.154061067274107,4.198716759096592
550,6.115359326094567,-5.847892184988005,-0.6561533650938108,2.753093860528682,11.245325703181233
551,-19.832355870293224,18.530282411244315,-2.3457998871683032,3.4370645230754864,2.4370645230754207
552,4.496266770391381,20.529286263977045,27.690836561918218,7.652839811669223,20.652839811668997
553,-5.315156425349102,30.246346206994325,39.850381186511925,22.215124450817154,29.176907501359764
554,37.2742043281113,3.058551409539454,6.498938157259858,15.841416615928633,-0.8828529787096548
555,-0.5010618427400964,-7.660306270886502,31.76027526755268,20.026547646557745,9.8699746052798
556,15.42343157738745,0.18303992612775621,3.537946869189515,4.201531591609179,0.21077742435002644
557,10.173794093387027,17.42343157738752,4.229269089831566,0.06852463432572709,14.50096353822664
558,31.81888715032538,30.50096353822657,8.136810762423863,24.800395484843758,3.8928538122512637
559,20.7043718585232,24.1275649296833,16.463980207263457,11.133245463510976,9.5009635382264
560,17.895375714601983,21.648473031265187,-0.8212918235090012,44.78561749035718,10.616598301224649
561,-5.708973873995387,14.255272343956694,14.42098144040513,8.708424480394369,-7.049589175209784
562,19.255272343956488,33.701175166065205,-0.5566104350418164,-13.646242933254147,25.940521544694292
563,6.4334639772964985,19.040043323002557,13.433463977296505,14.715673794723397,16.55867200030246
564,-4.696747553799358,9.955556817490038,3.8433320120141365,6.011669220228105,15.625219699607495
565,-2.0103144597091127,12.685018053084075,21.478357701701565,6.1856648564844665,38.06778162296579
566,22.572793247607787,4.107273130007079,4.450545192848165,14.735366198036775,-6.7419352951569085
567,14.989685540290939,-10.14664473870194,33.68501805308383,7.065805693324693,11.180006428442116
568,15.947407032793159,3.9323271857022704,13.485166844565022,15.683624668514536,1.0724949762999667
569,9.247151239769986,10.065833412157822,-3.3541174022414992,13.993411485656733,2.9082381582665153
570,21.85828093198466,10.342357481688008,1.6325865253856424,6.232067846019023,1.882082492463953
571,12.5884184265965,2.4932121846784097,6.340940373555285,0.9534871739024232,7.948691289405129
572,19.143845207673877,11.385923435353101,-11.941002065045527,-19.97321099464481,9.844645203639773
573,-2.7694789997428853,20.688962443863254,10.78736605202305,11.999489651670082,17.9383137822269
574,18.579518080943036,7.573655182089119,16.122867423620875,4.356493992711707,4.0472721372466145
575,-1.7694789997428553,-3.8666436843525247,-3.092922471310948,-19.673932302979935,25.561929384381422
576,1.7108724240776465,0.4288753492933244,-3.027042719116319,8.76034189219179,-20.60809604566931
577,5.543017770177938,8.13836328324155,13.544125159958416,-1.1000011771257172,12.488585747485734
578,1.7432140318584592,-1.3469002966991281,8.522501828815775,3.8068942024191434,1.8372562347242687
579,-2.869291794639326,18.475427659520996,-6.11440433805166,-8.821581949359635,14.488585747485835
580,-4.791991384090799,1.6772436807133473,-21.943601330810697,-13.269266698034484,7.220478323566956
581,-8.800031633230217,14.68971338837106,12.28200819395852,1.261498237161403,-5.738501762838607
582,1.1874986591120005,5.076908625986533,-4.44581606006988,-4.310286611628814,9.240988280364098
583,0.5461436907907444,-3.0051312012023454,-1.3102866116288274,4.220478323566992,-0.935561081671288
584,5.674096479492974,18.71506808244064,11.41590134318262,6.077401212518432,-3.03192893584133
585,1.1167346039246615,-8.363598700372224,-1.8045986132628684,3.8175678646668976,4.935568038885609
586,1.935568038885564,6.33723456037004,29.11673460392502,12.297901168964144,27.376567951776547
587,-0.09096705884267076,2.585539294990875,6.156067995330883,-2.179524243344792,6.156067995331096
588,1.029475478810225,-12.573754168979978,8.364764889258558,-10.68199719047022,1.2587239840186373
589,14.729272942411027,-4.123751592947215,-6.856068583441912,12.140543075292117,12.823352812942696
590,24.525451445234008,-14.317489137317681,18.296988173172227,2.4117807406327296,19.7230213352954
591,-2.4972257906729127,4.63203186717495,9.91434628163705,-13.650282547286924,22.489156694082936
592,19.358948357558994,4.358948357559194,12.358948357559058,28.819297098424762,7.302472982315464
593,2.5175533940978747,15.438250875828258,2.358948357559187,-2.45967352489163,23.421399728711727
594,-5.180702901575477,46.898599616693694,20.898599616694096,1.4382508758285162,15.74300960911729
595,7.8985996166936685,10.898599616693621,-0.697527017684278,2.898599616693854,20.89859961669403
596,0.7686777913987597,1.4482026787709763,10.473723039180165,10.704582768873214,11.730103129282451
597,9.666008106756852,1.1781800439570072,4.858293174333621,2.5378180617057913,4.1787682869615015
598,6.242275066482543,3.3455329941291017,2.153247926552308,-2.116774708261554,4.883225291738391
599,-0.7962995956336449,-2.35951225365228,4.768677791398838,7.5122977012964665,6.794198151808045
