,"(TS, TS, TS, TS)","(TS, TS, TS, EF)","(TS, TS, EF, EF)","(TS, EF, EF, EF)","(EF, EF, EF, EF)"
0,30.432306773239453,6.333836388589711,7.532067194931093,2.6327490716535604,16.833007079061492
1,12.692773164679439,31.71735839354985,68.82203842725299,48.63726358872179,-7.407937871543028
2,-15.339111813279494,25.339366763470615,-19.902424266715165,26.59887565878188,49.534263279849355
3,40.82247877369721,8.956996909040845,77.44113940540852,39.490626442878295,17.373880337732565
4,27.85261993898338,-50.3531374682253,37.16264043315502,2.888973581083674,-32.503349875970244
5,56.76551913675941,-10.503349875971093,32.930125062526386,9.213387593277755,6.770316976099783
6,2.9030795068628636,13.225378412322263,-23.112744307387445,-2.25806994586773,-3.0321695810207636
7,-19.24888308647775,28.1552707191499,8.781468544506254,6.933226699421971,-4.65303689210406
8,-17.877578677505518,-13.688660116595738,24.746647561998085,36.15218828154196,-37.78415107771255
9,-10.064433877092121,32.87190548216238,13.277446201706278,-24.442270998913397,0.3729371628253477
10,25.80879511343885,-28.926808368552916,-9.338516826372759,-9.868266079455578,32.13205265956672
11,10.46430140129519,-7.90734563655532,47.30721316075964,-27.50386827833341,-11.225648840275566
12,27.91673297350822,2.5679609103058407,-32.828061103267586,49.451703555908075,-16.293090520871534
13,29.427817240241154,-25.588274151675755,5.319353903604764,1.2430733508011784,21.2269819588849
14,39.46169396822809,-20.18953396857106,99.60157629781501,129.95034836101007,6.345436613825482
15,-16.08379621195619,-6.434236466675422,9.499106932005585,-18.215438983846255,-7.837667916300241
16,-19.980080424398846,23.69838764477449,20.78874376792573,43.01991957560241,0.28121409099431993
17,20.311332798713075,-42.10584075506539,23.9898008678842,12.587686667964476,-4.321957208883452
18,-3.228328955556112,-24.472810019300287,2.4421543243211907,28.79374678946672,9.786388207794333
19,16.303361343320972,-25.882636402780506,122.7604274588838,13.514192297340104,-3.0083967334476585
20,-9.13444080846591,-7.987612808902133,15.957326691261468,47.83121281589368,52.93897319131658
21,9.711545935492,-20.056066291565998,-16.289561488099796,9.021027158216892,16.32718611016691
22,21.105282906696512,-14.074349955444752,10.321946928578447,-9.083607745382732,20.53398205549519
23,13.51829289665469,-43.51916328494499,24.786084582912796,-4.251371598684594,-29.47421586702633
24,6.87210555588695,-4.908560387624922,25.307050060594513,26.483634388265994,-4.778449397039534
25,-22.00369897071453,-19.59468031982864,-16.874378366254984,-26.967611048397686,32.089533711427215
26,19.481644341631036,6.701554863351556,3.9326846068563426,14.078747241651527,-20.4332885496595
27,12.882859336868464,49.4591023926093,54.177776466487856,-18.149350616791548,-5.739184876026485
28,-7.64134698079855,-11.137869275418787,46.89312526727973,-9.305166360601953,9.641386414590137
29,31.159350942480007,9.721846797603005,-11.110528073421571,477.30139602024116,22.8582074195129
30,35.16216814724594,20.661408316756454,12.761256350658552,-26.388515700194596,17.862624045539626
31,33.37997698072518,35.18467697111512,21.894386351821773,2.147323845814464,-18.749151161393108
32,-21.93037624763939,-44.32833513691494,-35.40180358260593,1.4675826416384772,1.0328895295148746
33,28.551462290888114,35.20309279185033,29.59117806085861,-10.652509286109055,-18.592935631154006
34,-2.0755936813764686,-61.96795298430273,-27.79524415501683,9.387503173025681,47.840561528670214
35,-25.621627474057117,35.378372525942915,-31.168992767686067,-19.281915976953336,-39.84841576189495
36,63.301433032686745,63.7333590920208,22.061474110834684,65.59721121069147,7.405244073209557
37,33.765695932829765,15.645202995062025,-6.826887376862643,17.6530304668449,11.733359092021917
38,-2.713910643351083,-19.54576835115989,-6.633278233612433,16.821978684944778,0.245773151779775
39,6.696801122295106,-14.34273586656089,-16.240337150248617,27.594402405981636,13.76743776261758
40,23.807422956370708,1.5766458304169255,13.111761857465819,4.292387892984864,-33.450094575322616
41,-19.240223986507743,23.281308173740637,27.922234596215638,-53.75730219254646,4.240916225770491
42,23.329425374126487,26.42639783396018,-39.31941435538327,-16.413057094179756,9.001675788333625
43,29.76566827962851,-7.601113861852348,23.86601470407046,1.5941407297874473,-8.305512845769897
44,-11.208327001525536,-12.419681692240896,39.855156693695754,16.939543993965273,34.38315698043515
45,14.31967328521349,-13.532455719294529,21.876060298741876,-74.55335932434107,-44.10974633786532
46,15.468745280663953,25.655906668360807,25.503550709845644,13.650488871512483,-31.78802696539664
47,42.10953436360562,-10.198666071336351,61.492751231668024,16.67024630173148,19.754544223478092
48,48.52593684236249,5.68202836493783,8.647447843395165,14.491356320822334,3.8901503950343446
49,27.796384312218684,2.7852555713879856,-18.010292932279718,-24.789148324701202,13.591932815886539
50,29.616341347432467,-21.152376457969133,-10.146666279447189,-55.04831544291932,-23.759292562276713
51,51.90978296794664,-17.12420451076202,39.18390798047072,8.13588047370813,-48.79569953230394
52,10.094419032694525,-0.23967111111680028,13.799150964545076,58.941401161485594,9.881043737284402
53,7.825230356156636,-3.8593808989556084,21.299191994314768,1.9311408451938235,-16.543992154071766
54,6.088192221296798,-12.07559332418318,-0.4635218393429211,-33.84068268023276,2.536478160657423
55,-14.588777550614486,-34.81292052029382,-4.659902649085601,4.4715798735851315,-7.435759679404872
56,50.42401249047604,46.651763703301924,39.740758852017244,15.525447868045637,-12.842016182273424
57,7.405681264908493,0.10970700497690689,29.27742575227316,-22.32794190115084,-14.821232334372334
58,11.539193587938243,39.124028920717144,-25.005541180382846,15.360254514655525,-15.354150919224237
59,-30.659720081631225,50.71069370048884,-5.459302227208756,-4.5170121724935175,-12.717430026913872
60,-14.060563513343428,10.334020918742278,-12.482225785002797,-5.500277678052947,-21.298472488750363
61,3.0934409422063016,2.664348648929705,25.119225562833833,-27.99862825645485,28.664348648930897
62,-7.096667299442875,10.755683190402614,13.728605350826129,0.8943067540319133,10.427514749746361
63,24.537920900242554,-35.14882657143956,5.684283790541201,6.558447647968681,-0.024328256983194407
64,-33.37420428479827,16.555078276674493,19.893126105909314,-2.1917348203240516,11.062847958375485
65,-38.83545705913018,-29.775752755364685,22.73419796193108,-11.150136721543273,-7.365309211011557
66,7.460885357177958,36.7588239884025,-7.783961220885407,35.83627481563003,18.82815522427584
67,1.0932607465690969,-0.46771772255109184,20.720723419330806,14.009396716813914,26.222895897595528
68,-28.032172582063374,68.52548511674803,-12.631576211623356,13.178562085844916,13.151725416074335
69,38.1040671189505,27.923150973008767,-10.898914733247235,41.0861760057726,68.11599452773943
70,12.808769214436355,44.99394199362651,19.21618282484211,131.8334812491201,-13.931921902321054
71,15.344568970802833,-10.441714509092662,14.955900009150085,-12.429787100306086,-8.044099990849931
72,-5.824184826367183,44.90919498849123,11.505747376462468,19.326711937782612,61.765332892973625
73,17.642574803350197,-55.22059776976107,-3.8171501577347633,-4.241701775659351,48.06712642127575
74,28.497542902150897,38.505104277828025,11.470734388390989,-25.486646948708547,32.52572621149203
75,-8.667785691834748,33.10426609787124,9.406616223046147,-5.077101761933466,-9.798041812002603
76,-15.006438549545525,-14.103622413205525,-7.32615150392558,71.50377673466984,-13.544815197160379
77,-26.61190366670282,-2.8611247867953757,-2.9862546001129866,7.639048297628874,8.012706893343262
78,-71.88495871997054,11.920673552709605,9.916808155224894,-9.350447469840592,-11.739182924480879
79,31.01659588183221,-4.612116437897678,24.363128574205547,33.43243758855901,-43.433900332071055
80,43.23146271414667,9.168909845002192,38.90073187184875,23.364375925542205,-1.1344482992757325
81,-38.01098226954652,29.82736683791706,-5.605278623530164,13.85352044599518,-10.848543169674008
82,26.147174973479792,1.143388618518523,10.138844992567003,9.341722622336556,6.340965351344384
83,8.698980178026174,-21.13820783831045,-10.451629916434493,53.07887480657416,-28.34308859399124
84,3.063475580928204,27.718084446184278,-12.470159197440392,12.184449667818063,-25.21012432154864
85,26.775439286518754,29.36625248627113,19.5178812865668,-4.254792713296512,6.336020486454447
86,17.69107633949633,28.69147463078499,-42.73416784768431,-34.036775720559675,17.205708869029607
87,37.92865080776135,-1.5707531059534685,35.22020401815709,-26.99003103030342,50.83226118601003
88,7.896532087123458,23.619170367997455,-10.826876781403538,18.895761499470492,2.003667200667929
89,56.557403230461716,30.84995988185773,-7.950194235672795,10.464692461535478,25.296007031259382
90,16.275006972087986,5.013649384471027,-4.612899377476939,24.660848305722396,-11.231188075703052
91,-7.975960574290968,-11.160611524489934,56.16233499144519,25.438926122917607,-13.345262474689498
92,9.61503165936241,25.52363548282977,5.376330012018723,17.46772618854792,34.219318012822924
93,28.60098321728271,-18.146096321392083,4.95060988504943,32.40757080440192,80.93998183990306
94,3.69110462771524,28.643787110129374,10.63223602474465,46.324115572416005,16.38354076341238
95,-40.60773610447867,48.00516314905033,16.418760030834342,41.112310404071714,66.8052794204264
96,64.30121552751329,-19.272957297154832,0.9076723213427127,18.088301939840225,-29.223508747376464
97,50.60730468786255,-4.573324930637668,-21.3984168390084,-15.567603403769521,-14.78623851830594
98,48.37722651959135,28.476123619139774,29.863945298435446,10.213761481693997,-29.917419587027965
99,4.209696151816691,-32.702849802369585,26.34087722053835,19.466336762391254,29.47205828926057
100,9.126445269427707,17.63006742542932,23.265125715495863,15.367324972048097,10.2651257154974
101,31.35908975216872,-31.87742091821142,-32.113931588592365,3.4256415961902693,-9.931378236689646
102,-7.694466950466277,18.271836502122525,4.957167512884612,3.7549882284167513,-11.110225581937812
103,24.2286445259769,222.30160690500625,2.162926458947443,-1.939272797603409,3.286988466261393
104,24.586698988283665,-6.5083850936701415,-11.608851740636096,-1.3741908659311135,284.4916149063257
105,8.960956528247554,32.701963920519574,30.75711985167126,7.975345124086096,22.330260998281013
106,1.7615709149447132,44.966787463946176,-21.429155220161885,-35.73118387810774,16.972583629504907
107,57.37695785949482,17.443318971635204,56.493662720477744,11.310596747346572,-42.421667145157286
108,30.145622351213355,-9.425296341413192,24.422439932923165,4.699257514633472,10.038352024368097
109,10.477859672157491,55.78924431227778,72.17333222083218,35.97607509634565,12.986501436759385
110,40.074707601390266,40.174962196883044,17.227333720804904,0.8902097223860134,-16.353543223443456
111,13.50842464116107,22.214882446515574,32.83081776983552,19.2686146346301,-32.14033129613544
112,41.426472234729395,-4.80744374923802,3.4264722347309924,33.252206660377276,55.19255625076119
113,-20.003549924311603,9.037214786325837,24.581880225421962,-49.2880241857491,1.6386872064069404
114,6.03807753183664,15.116277156428321,-6.520572186607155,34.486389679891175,57.99897771954035
115,27.48377981709636,-31.86709415885679,-8.454226946032504,-14.513877355651413,-24.043702560459312
116,-24.545186447813386,-18.385555533773235,-40.48004804057825,24.839213787502132,-1.7699557690887144
117,4.239179147762994,45.86837054483608,-14.70784819467582,-10.234334523455452,9.44782953117579
118,29.62473044443537,3.801401577602673,77.71139664094325,-25.115270966037652,-2.9019442149144283
119,-20.08410316027212,-49.8336435854566,4.6488925717042076,28.91589683972826,9.650730870948978
120,-32.20696050600638,-0.153122590887122,15.705856345158278,31.269940600975524,34.95455323934822
121,38.22089323172144,-0.660909566603992,11.096318548534292,-11.127320891800649,34.54997491071607
122,1.410961664931263,4.10842685562233,-4.6428762501867125,-11.481362504831974,-13.153122590888374
123,-34.73616722903132,36.70833520494714,-8.834945547693547,-19.686778069699876,24.8687194963252
124,25.526140144959072,24.481490225645423,24.479629812339887,25.474048572426398,-5.553857627145309
125,-1.019198719542461,35.7266344210224,24.979286058841957,-6.019198719542676,-19.60265832134447
126,10.609294402244018,66.75950974960374,-43.221221156084844,20.11774772725947,-13.862195697002988
127,-25.737733728585887,13.423127332355028,-2.083526223067609,5.95130741128957,-7.083526223067225
128,0.17516287449921908,-7.298661574652331,19.131452915032373,8.891300262120128,15.4611857724372
129,-5.000387959307555,10.479550643975967,7.599919024275577,0.27816921785115967,17.958721788300952
130,8.480309563365338,19.705419183389598,28.16025109935192,27.310324179368756,42.33023648334877
131,-1.5409745131210721,-10.01263867671538,-18.062829492853677,31.88697969100685,0.838949160423609
132,38.34912670618153,12.694847350603593,-15.444229214751832,-6.305152649395078,2.416694219892349
133,-2.650873293818556,24.161063593747667,-7.113147999027235,39.98088355719122,3.7702979401869454
134,-35.39918420561172,-21.117089536963842,-20.023057980747694,-24.256166102321338,-25.233643597751254
135,25.17255088399837,-8.349747230966523,-47.381601680920596,8.669365439003222,-4.865674455943273
136,10.059658442231006,24.53252672172049,-35.7315558948576,16.480330305991384,23.269477617791583
137,7.645028009783831,19.000181124291768,-8.733569310854701,0.6357425441529476,-14.1727527001471
138,26.04655089469624,-22.046892013309673,0.5216417239131723,11.09017546113572,-7.702674883412238
139,-26.914439428481394,258.84451784866206,-0.9144394284815949,255.39826151159775,0.6751333430749783
140,16.161396541022015,1.5588553756250296,1.3093825652259967,36.39183724922381,21.78929608382624
141,1.040252514629466,25.222624501121373,25.441470884911915,24.198308236256047,-9.02053814753468
142,23.822722946066442,11.3034055812198,29.342040310907425,-10.721481844482827,10.847610371768614
143,-30.215410446288068,2.293880772833135,20.476674961111094,40.130632257410916,-20.580998822840744
144,6.595530018983098,62.354687158074654,-3.996041371957756,-7.098148524222176,-12.31014134561647
145,-23.893934219691776,-30.098148524221926,-13.42002701474639,4.470087316123878,56.37575868072272
146,13.03827258469506,4.667525733851929,-4.940682311705897,86.70961594104641,23.387974331938622
147,57.654050299642684,12.016826611653798,-3.1282839131488305,22.221479572653916,34.60752068965554
148,19.071339352066275,13.303254848826152,35.57390216336814,19.524443690452173,35.518842657924864
149,-18.362078283087037,18.37698304836482,-6.655435613125742,-21.775363623006953,-14.872619607479788
150,61.143369025657556,27.230447356957466,8.206177488990289,-61.04078877751579,239.99561602443143
151,60.361908015568886,36.8916303401222,-16.29991492028434,-6.59449840711628,-52.49146018069433
152,28.36249453404841,-6.759393445438645,-1.4778487349486684,1.6775171335813281,-8.120766521430221
153,-27.174614750681847,17.46169492578386,29.12084653976035,-11.356459912449045,-4.913267976786393
154,14.914486167891539,31.47814854890821,0.26654755316148426,-18.47004583777984,-7.634219762711835
155,2.8635584629722284,11.613823179721244,-8.256711296667449,-2.5156423438903004,11.898223784867852
156,-26.357303379536532,-13.142065029883806,-0.5698743501615751,4.498315261018788,7.999648950532691
157,18.158291218822242,-2.6605652371149286,8.801338888750427,16.124196413231253,7.517910927919548
158,13.444894311171495,19.463462712095794,7.46346271209541,40.49028373565316,151.49441004696516
159,3.284329930135879,6.535183596266408,2.9767426890431086,-8.234467439366592,-28.388261059911656
160,-3.9685806608917,-9.583228679479848,-6.197876698068109,4.036489481214976,-9.265482123041789
161,14.60944731122568,4.651137499803457,9.901278631268582,-6.2187217923571225,4.609447311225452
162,-46.38548254666742,37.463531651204605,13.099024764081133,10.828038538327311,13.65113749980326
163,6.567757122648185,-9.369707594485622,-13.875059999522835,-1.666609056635142,-27.286327217330232
164,56.83256491150726,-14.59767753356788,17.19135854047655,4.849194097832872,-14.424904051065676
165,-51.431134694306444,17.4874429963293,7.069468786946666,2.4443179166327806,12.402399799443991
166,9.142801911380275,-30.743998907091466,8.634388049295088,-1.4117219250500312,-9.95258709118532
167,25.52590404152128,-51.19172295971815,6.88734147993407,17.147124638793308,-10.349851839024943
168,28.11492319388597,4.8403336431212205,-6.965838438691991,67.64650572493942,9.824181316604797
169,24.846123386249047,25.19177101881428,-34.84167462235331,48.12208193125689,48.74228920621911
170,40.71111503099654,-56.82046750005092,30.291154541591656,-17.111209377332074,8.484982459778237
171,14.501134786294045,-20.628083825830803,18.33961152113773,49.01656499082816,-26.998143091723968
172,45.56607659906337,52.730263010834655,-27.075787518650603,32.31845570507363,-30.198011894972034
173,-13.511503189142893,30.073517363749307,-19.221920259703108,29.285520504982838,-31.7383878597484
174,13.285520504983069,-0.6517812361830231,1.1064525638397997,-1.2219202597029502,-4.917455800891672
175,9.910195675693506,6.910195675690498,589.0126083584502,-4.748428715112199,7.944333236612563
176,-45.77226367056333,-40.3460488730302,-23.919834075499757,3.801521531905572,16.620958292408066
177,-0.7013499356395717,15.211527660474236,0.8983320886846898,26.648729558279417,7.161289178717893
178,5.432528034732352,15.710275076741766,-43.10916168375951,20.448127101427666,29.104394390302126
179,32.89109741723559,-25.629464500096958,-16.45820018610416,179.38198711967226,-6.878293838992304
180,-30.539498798919375,17.83001640069385,57.73668661261756,-34.57855578757501,256.63955287184706
181,0.3291011502685477,12.2458456979284,-28.571724663752395,8.850681072695975,-27.261347609548736
182,31.56516979608354,27.488258236764896,9.565169796082646,-13.384650961466157,17.979895029690415
183,-5.772791920334437,-10.531747073311475,28.829820197223917,33.75817897340711,2.5040735385974715
184,-7.847845053123459,28.371957613202284,5.976348337915782,-7.2654079519683545,-3.2764291688743006
185,-18.003049658750584,-5.008500021447567,-9.135617191979035,-1.2294459101627178,0.9527611635064139
186,-18.92299901904392,12.496291911486411,-18.54701707937847,29.64787337950837,-4.954490185392238
187,9.268300965777865,-8.596122927081318,-18.792065740653843,-4.564950519226114,5.385569250061021
188,-4.229908766544723,35.5927615698385,51.30992801800838,32.4154319062202,-37.52396835597188
189,-27.726503180106995,-10.604800735816243,30.94453613990181,18.13532466275991,31.82283369561168
190,42.93841054769442,12.822506643803969,-40.0373331960138,-1.3419097726696076,-16.13435822118119
191,54.55796943785525,-39.98605384717582,-17.50177481337044,4.458911321916995,-2.042658484855903
192,5.429351814332293,-23.956381849030606,-11.956381849026888,24.709823077317623,8.764532108951386
193,6.012747779406364,-33.58147428036805,29.418525719631702,-15.098216428973101,7.061337989462557
194,-3.552246238304761,27.174738678474057,5.930827415163006,-8.948008432040446,-19.765470723986947
195,-3.574104041615019,-17.128120462767658,53.98683848435573,31.093486105690914,36.702211558476556
196,2.9203638765384055,-19.925206874027197,23.00705270186769,-47.45907708608183,-39.643349957174244
197,9.707370226147416,38.55945050068533,44.717000672270764,27.790960535000803,67.24435015751328
198,-0.5380160836337805,21.52584808321043,-31.38061912556221,2.487529583103921,10.878960499468741
199,17.443422945723405,13.138617875614758,-35.58495187516761,36.06951031330758,-11.101198939031871
200,-5.122200994950508,12.648735725678705,39.300727296177996,39.2434614763339,31.653149236125785
201,11.079166080844791,17.704689933422227,16.64327505661912,9.45304353960601,77.39102997414041
202,37.99187320824922,24.89992800110578,9.212322520472064,46.648070467933906,9.648070467932794
203,17.161134967488085,1.3796709771963145,-22.603580367732448,-4.39349903494017,15.21999630837351
204,-0.7395930106385716,49.30406382478479,57.011947194878125,0.6418908974665931,4.566004837317085
205,22.706349346923265,27.575378840656892,-0.978678801783373,49.674120122194836,56.31549143547822
206,25.8238386351407,-10.132504529437563,43.964183144746634,30.7801817997192,11.432980723697533
207,0.16696707362754865,43.86581720227511,30.51639213795435,25.748345949056688,-36.242687964965114
208,-2.712501530627712,-8.793560551703251,28.88211892742382,55.96317794850199,4.044265115097601
209,33.883272893915574,-14.90050404366008,28.288708726913274,56.88330103944393,-7.359960460360432
210,32.50372153179771,-31.144947655477,-35.65845280140055,-20.009783614127137,-31.874647718301134
211,26.14255117340682,-4.102032798972736,17.656487991708932,39.9970426952058,71.07134931583695
212,13.154287354459095,5.123261545691286,-10.287580849299053,-11.744177993181111,-2.80309375368268
213,14.780858840971813,18.81794393896245,-7.256226257018612,9.846787904065385,325.82206450539866
214,29.21712718692237,38.34817071042348,-63.623097424365604,-50.50466970341788,-1.229966853874748
215,-15.858540895585742,-0.32829905107741175,22.642243068672325,5.98100869155348,20.31820638591728
216,14.566825875775303,-21.29685970726964,32.157882624911316,-10.751602039449736,17.339635180850134
217,24.464243859281872,11.689597168479377,34.85349048425628,8.689597168479478,-12.828966216424353
218,33.75218785503013,-4.201291178989144,-2.7930698127882465,29.434481824467625,11.481002790447798
219,15.329930332691871,34.46588380731479,57.87482705817895,3.4658838073150413,-12.943420385880819
220,38.30482210755485,28.584669152950966,3.4266874965505787,-58.43380184865443,-19.48508617444697
221,17.146366191838567,36.7412254169186,18.210672762950583,-1.9243741620230095,-17.207335577473145
222,47.02945053217428,11.829326306887376,-5.208674283371755,-67.43729895134793,32.08645141755983
223,15.173940011171506,-48.568521956201884,1.9273663896389543,16.10612912454677,-11.270584064687041
224,-27.638289267586067,43.35574413235152,37.84200041514615,37.10963269092005,-20.331236357276982
225,-3.043123919006044,-18.602811695410146,60.94292983562726,-32.16249947181554,16.275488377553753
226,22.681572325577513,9.95082753247586,4.599430041880495,29.87039240081363,27.571480229967477
227,-11.06859410952421,5.243362585241474,-9.52229499123686,30.07884374159869,0.08453740577190484
228,-31.564855715925418,-21.526096454012116,-23.64528394505653,-8.958267745664559,16.883785501377858
229,53.14527682852776,27.613752327413266,28.407623107904477,3.281134723204314,86.2389719283093
230,7.867315575728763,54.84502623946451,5.980683656159094,-43.684043206970195,-9.31292051349267
231,-23.904210205570095,-18.41843227959158,-12.620810802164371,-34.47100901237859,48.56139933995478
232,-8.092660090202124,-21.916859287058042,21.903544460946584,-19.68625366505118,4.683793457017019
233,18.455787223072626,-1.7216427771208398,9.062938114099861,-7.538626143311466,29.27277058926275
234,2.329697835410604,3.5979021462875393,0.27940952712040845,23.698478762868618,42.79905537944547
235,-15.656953531193391,17.625193189302504,31.566592921587883,26.669143390088273,-33.521307479984024
236,3.1959844572855625,23.586498679624405,-4.856244094474785,54.85769878670592,16.962155890227642
237,18.19426546013271,68.72910240057273,44.10123284822159,5.0315589673380545,-1.340571480308633
238,-9.868724884642264,8.120717815396226,-25.80885590765622,-0.910954084486812,57.61370175402744
239,8.83513007264984,21.484161456280933,-14.51841804539054,322.35513424301007,-11.339064484698817
240,-7.631007362834132,15.471657896211704,-30.220346326650578,-8.921234746331697,-5.144333658064652
241,41.88308395951178,-9.392503078731211,-16.643761830856175,-10.856534181068538,8.224526721551753
242,-11.30524319205572,44.06099686002794,3.3487546965134247,4.967215797801892,-17.584116831721232
243,-6.737707480429227,9.587844923394652,-15.402817961194351,-2.579599836222556,-22.42149219201671
244,-13.132340931165619,-0.1295314677835494,28.86765906883435,42.19131536163606,-43.46629858969388
245,17.876087458980397,37.210045117510866,6.880769897949631,-35.14826122366265,24.52808248354147
246,16.630671612474274,19.596549037426986,5.921757948129754,8.586799730270648,25.3005880481934
247,41.336364079586446,20.733327871800345,5.66388480658332,5.3124641311522565,33.00012444308545
248,16.361211453770647,23.800251568319588,-41.38383608450067,-6.725275912677461,25.713764201871307
249,47.98498391764631,18.424024032195526,28.83423502459466,-17.165764975405644,-72.74444106308253
250,6.278111635854679,22.313969650888257,-8.047253249693322,-8.348712791885749,53.96469942198128
251,3.005927939386212,-38.845049817618424,-23.50370607930101,1.3088073786395267,9.145352051535788
252,-39.22985134864663,-33.273917365040276,5.996365872483785,7.750263346799024,50.774444058641905
253,16.44360152715638,43.632773577413836,-5.417903169447014,-16.404368232266386,16.22735960253756
254,30.44833973711609,-25.712523404918745,-5.061177037492445,1.3603648413142757,-18.06117703749223
255,12.069418389651661,-27.1919497346577,6.764871139928831,-8.541969481609918,11.460323890205126
256,59.93879129950056,75.09381756831895,4.432779142744504,-10.0200219284116,63.43763955250509
257,-41.61142723413459,26.154390009618808,24.44888968716092,32.27148138774228,0.44770886567252155
258,21.404748214411107,-30.688649152381736,43.90831532584405,-15.320118888176879,-5.1455175804198365
259,60.3236039434542,-20.841660041974656,-2.8475841683351453,-9.544184868207362,-1.7484257770794522
260,4.337251557632796,60.86597256311961,13.88896894478141,3.061392864059102,15.50967547691187
261,-24.00282850748817,41.06845488600436,-30.014859627967763,21.67571872476056,19.580373090309994
262,18.963585117213146,16.96358511721264,-20.86447115981844,-3.5322372271199245,5.846720565106245
263,-17.741605534097907,23.9503087087542,-14.203734169819668,29.488606309942597,-7.278198187647353
264,10.393983300871557,-3.7090478978713364,12.008308573315075,-42.511802189521426,36.519602647014096
265,-7.646238224801599,6.936682211104868,12.10252308291866,-6.345961317709535,-5.41758767991787
266,29.16483287654133,12.917023993921664,0.6766523767963267,7.356599288636488,22.420742626669824
267,29.65737661632603,39.99204766727091,-16.338610230837336,25.67744238050362,63.67142265125387
268,-14.264275978402875,-23.507055669201595,21.637926087658148,12.098034520541372,-15.387524861056256
269,17.605503944226825,10.600109419776231,2.61134801238233,4.620338886467181,35.61629299313128
270,2.5052733614117666,75.13955016601459,11.505273361411493,-32.23496118844681,46.940331998877895
271,-3.133871300994992,5.702443604590684,-5.193747150025624,79.59668737836533,14.552753982015386
272,-16.310431368474248,46.56117558366576,-17.252070892174665,15.448254823420097,-30.182038320615632
273,13.890371509844739,26.21884960241259,47.42778984084021,48.75626793340862,-4.720879457889651
274,12.517718397131691,-2.837726854510283,-14.503766761147027,-7.427628567129975,-17.2772324591788
275,4.167408364617402,-37.964287391836514,1.8293247285118635,10.682232203202982,-32.729397695557644
276,1.707880816056457,2.658053719319205,-11.335533205466358,-5.037309377533602,71.34774249344586
277,4.455265321332311,-24.279194121483258,10.98634643569975,9.259518098631284,-20.936229124068852
278,7.608740078468043,8.320553607734302,27.89115811748915,15.461762627244955,-6.967632862999315
279,43.349091087919454,-3.023807664511489,-36.023807664511345,8.739313017622697,-2.7864151499236103
280,44.74794270883898,39.05501058174237,0.23017385402851565,54.6986949705338,24.932955528785758
281,15.275076026950623,-8.96331771102882,-20.407909580359718,22.8472453729241,37.019921073669614
282,9.068115441880904,24.526108401950058,-23.093767181963216,10.603976945931349,10.12754737822024
283,41.224228688701324,-27.92544715641887,16.483781735840143,25.854798439544993,24.07613929812876
284,-22.175601224414947,13.389206120928941,-20.841150554967847,-13.483190393389387,10.440247515200932
285,13.787738011450738,14.894310768504548,13.468019740294515,-1.0293197926156021,7.290398478541556
286,13.873362446733935,20.465238498496955,5.280104494799181,-16.16449349410864,32.76117652437451
287,-7.449099170913507,1.5476973572603168,31.365241055481967,-35.00928196355193,-1.5989083785269709
288,1.0826982973047126,-15.656008449726826,29.256303204237827,25.737260268576286,4.344877442841249
289,-25.854391527283237,-20.45453009020506,47.28843262440294,0.24563156653823476,14.174219490695105
290,13.53414598469932,43.599593921690584,12.241557047081372,-17.374179124939666,23.241557047082487
291,-4.481598310436246,-8.188932155534532,100.72059500869929,108.64999873294947,22.023542215517434
292,55.27620599597264,-37.68929311579303,6.457706603710364,3.238706385547971,-12.225293365123912
293,-15.859293427455361,23.117705980389346,-21.798793224876032,9.751706042720558,6.861206151801768
294,6.489924480480456,15.040647336886954,-6.434133348032738,46.565866651967376,-34.0544224905937
295,52.115251823132176,-43.87691606323571,22.60496364403643,-47.905324535059336,31.8821440831289
296,-15.903874476661068,0.5990964562179046,4.5990964562178815,21.588401097851314,-3.742951613562239
297,-21.357064262778806,-52.073299401470535,-0.47520881835714135,42.87922484837731,5.3359778206385915
298,19.070370281269152,-14.18705702040793,-10.632600639401778,-32.480778078135174,-2.6326006394025514
299,14.311615857236111,-7.492259508038678,-3.7115919924204994,9.760227047281912,-27.429266773256156
300,-41.966515775338586,18.033484224661496,21.4593332233482,-10.975324144380584,4.911607329163319
301,9.614669839210903,3.093369052159016,-0.037316212383317365,12.623478208253626,39.84080689211883
302,39.571895220736835,2.2877870246710605,-19.826160504539878,-21.360649014085833,40.457947691527124
303,-11.284462460044798,18.044150745824187,34.29627810083536,28.386924334089358,24.7920233908113
304,-14.419901911039732,32.650943585599066,16.440598934472572,49.019909632224646,10.59357686256511
305,2.6208400070298405,-38.15629636405662,24.90663536845358,11.569453594969499,-15.64763737371812
306,27.675709294019928,11.962542909188139,22.79044274008642,-2.2860462239592914,338.44059893445944
307,8.440598934474213,28.574454621552754,28.15376531930086,30.96254290919039,17.866931704130184
308,3.1149310871778226,25.077732297690112,11.94721315529246,-25.25770356608029,14.266044361692712
309,55.18032785832472,24.123828223710586,-9.075793265216584,12.54002504946803,69.5004792627546
310,-4.509809290382925,19.279048400595286,-12.757523543853807,-4.385952163646562,44.51761966794917
311,7.355684564900745,-7.8769867737378085,11.65961063348725,17.659610633486693,34.29557664573765
312,-15.292403267982722,16.48027492098828,35.662420327842305,48.66206038029715,4.435098516817873
313,2.8912938597812077,-5.698643704091894,9.510895403651718,47.066661097846655,120.95963759913158
314,42.358532889342214,10.700669223311353,23.58011721296642,25.471047377365593,-16.85960678186119
315,-18.087439272374866,-29.054034753936758,-9.020630235498583,9.362453949967968,-4.054034753936711
316,-11.74781927861909,16.055406459469854,16.45653553844221,-1.1489483575919877,-7.4658838357658786
317,-5.196166973912277,-20.553039162685426,26.015682725045345,5.80004366891025,38.29057027596925
318,24.89278411582774,12.332200111821946,55.108393348140005,-6.322825116481235,21.410246273371836
319,-7.863371158976037,6.3789009467749835,-1.695867740607401,-18.757690894598177,56.45043325080577
320,46.982075167230164,0.2713232485184044,47.0494791235515,5.226954423526225,-10.5742365828384
321,8.603180699423547,20.42339126340548,-7.100589659473336,18.30695105832132,-38.33859919803457
322,15.126352463542302,18.335586352457085,29.451990889446545,14.451990889447414,-8.571093832839829
323,-14.942761567291436,17.804976595124582,0.4886144822240721,2.9931381573916824,2.8830323074293034
324,18.364663618605068,-9.370478135396715,26.693886904965378,3.2310014815146513,-12.37047813539644
325,9.553084144926906,-30.19765305896128,9.301855471782162,-5.699127466730573,17.300872533269025
326,32.63086867746319,28.300755248510903,-23.865787575678382,-5.5327019272996445,11.465811962984361
327,-14.998367374459592,215.0165421841178,29.165990961659595,-9.012923741273159,4.076533610193103
328,-19.78702781680883,-3.787027816810207,30.212972183191603,6.471855965269519,-3.4164697078491146
329,14.469901034718246,-6.530098965283139,59.17660781730512,15.323254426011488,14.469901034717187
330,1.7696895127707124,-12.714838475175863,-18.25093983663291,32.17692287121726,18.481009482639422
331,16.730739747345986,34.84241407423011,-28.4164697078476,21.954088401113303,-9.157585925770752
332,38.89970967812661,1.2977982119920028,29.229857234563838,-28.391515447151665,12.229857234566035
333,35.76382772327673,28.29779821198948,14.851229916281529,-4.080829106292118,28.07451406413576
334,-1.1086991878825738,-1.0878455690360762,-44.79482923213681,-7.123296721075127,13.575345494489483
335,6.478494019177851,468.4201103724455,-5.7157715824052735,-51.337144264123886,33.18726889389547
336,40.716611046610396,3.4657152293299487,-8.789322742907691,-32.21162459333409,9.071290691936921
337,-36.27637439967621,52.57694500190521,29.0967569232524,-26.676269911535925,38.39011812008986
338,-21.273509183779304,22.53699935081306,5.01072801433314,18.271078298819653,4.111044514543836
339,-6.882386434232002,-21.91788441506964,37.64782891140202,-21.8385775499176,5.311725276909684
340,22.746697261283074,-59.884259953569995,17.327901809406182,8.72458496495817,808.6858884464115
341,47.94679335671961,7.96032874439941,23.2788781496036,24.662805969572258,1.2270351225187448
342,8.195843193139444,11.559995574147695,19.08062287567129,4.274080653396497,14.062131447066317
343,17.068752244226513,54.70123695849509,-12.3439171129236,1.6109288156585144,-47.846894612909395
344,-44.67251538427149,-10.505282999948198,26.776420148163194,33.17259406006358,-52.505282999948676
345,-11.59507010643426,-25.403154064810323,16.237697509244654,-28.121450916697796,10.8908909119531
346,2.33982644438328,-6.839747768588998,-13.325708786977435,28.76407831950972,13.866207254647366
347,17.045781467621296,18.22535568059265,4.364510101688211,21.250039337898905,-7.954218532379377
348,31.7471600334114,-36.293632264961715,28.16580507745142,77.1617717757696,15.64137562658683
349,5.708247884624997,45.216475991130096,58.69612621624398,-30.267508778612484,-11.267508778612457
350,8.891741789146264,19.399972489405272,-42.659440997999894,-0.005892636567022436,28.51879946420983
351,-8.172616825111673,1.047648955037682,44.87171766259228,8.17502578466617,-7.6075217519267255
352,6.8075793382226575,-4.09359339568303,17.38934240930789,29.134631622561205,-18.86536837743717
353,-21.51947294611427,25.75052308366224,13.347571397778035,21.750523083662664,6.7011094506169595
354,-15.52711556762897,-8.397717815475437,8.404627652339606,20.2334588886546,-12.781826354375143
355,3.8075793382246403,48.59463956300863,44.50345491843131,11.438756042355473,5.396985030824263
356,9.659842611999771,31.056786229233357,19.03215310525883,-56.59553640148134,37.63520948802537
357,-1.778859061824063,35.37791071116758,35.45866638637025,-12.52470087788907,-5.909512944248814
358,66.98324117562069,21.68036202598589,-63.40762256926975,-99.77564567638576,-0.12420610156905987
359,49.5422975376776,58.64535901257646,13.736754449079632,15.833499687113374,2.285127068096276
360,-16.080765414020888,3.7536240864038524,36.635975795480704,0.5893700198227504,127.61651962542332
361,41.5485853006811,-0.06256682292322668,-10.862714467897986,5.298400744461376,-14.062566822924005
362,38.96017537119259,-1.3705128062123832,6.880479127261484,-18.264940900458058,22.327693174383974
363,37.78206680490304,-10.543074478181648,177.26977872952932,32.54576771111664,18.984327334246032
364,2.174855536678973,1.9495544642991574,39.267867726140516,-5.034461544038073,13.87252626650018
365,12.692020270680041,52.320505288637605,4.716349589744716,17.08786457178917,70.62258313808115
366,-28.177679267992932,31.666634560955586,-5.208816502201004,-50.75552235351882,47.33788934911218
367,8.550548394042469,31.18299368766636,-33.17019376199955,-15.140621919714725,-18.228918782131096
368,15.704023844884023,6.528723588828434,11.213434127905971,-2.101855333015249,-28.805386438135887
369,30.051104844075496,53.98882062898322,63.207390808223956,29.32078444619946,25.762033353037314
370,-27.57934033999189,4.922403430367089,24.448559985741166,-40.53051476996166,5.403221956424922
371,7.659400696033501,32.20780603957129,26.56048265533252,2.8701637240377824,6.250801586623628
372,-29.21427063976047,-29.082340415045138,-30.21427063976026,25.365078188483942,-29.353031444626016
373,5.266880389921725,0.9292566618855442,54.92456000755878,-15.327483624886918,11.66781972078686
374,19.277137890061162,13.219040117752142,-14.780959882248775,31.901525911998554,-12.331289547531364
375,22.680566567300584,22.04522105251026,29.30471274478137,-17.446994900256584,-11.048742403119352
376,24.32765570735202,-21.2786245590893,28.927512974025774,-15.874913492555352,15.319805374301737
377,-14.081949372832154,23.206847580331605,30.7944916862411,-35.56613493696287,6.3720855925721445
378,0.8747016425867054,19.881124642356426,36.08083917570023,-7.322871890832143,37.28198104232694
379,23.05322316737555,-12.466692078305151,1.587092257454466,18.515379809774554,-6.628045085585894
380,7.33341529419236,-3.333150567697544,3.090862754779642,-6.575703107110291,33.757731030993874
381,-26.202575415049324,33.64685693182215,12.382367819635839,27.646856931828054,24.38236781963843
382,-37.12038787063547,65.42520413587448,5.697848931971857,-7.453519594413519,36.27383560949388
383,-19.969624172908453,11.30302062318328,0.2726259521741153,12.090862754779417,33.57566541927394
384,-27.58133746049961,-13.067485537846977,-7.151977319868943,-32.4109736503511,17.075174426996426
385,1.2656728004793196,5.252844672454691,16.269948843151592,-26.879016932098626,17.542224137601103
386,33.56270275044589,-16.980233263617883,84.36325484888451,-35.38188955894125,-9.268313685508755
387,-17.981613509719644,12.648574778571657,18.877106771540145,22.961598553561206,19.30508666606694
388,49.45061669083309,5.652649046046009,42.50142557109565,57.99694626598204,64.89532850546199
389,86.05574191874861,58.05574191874751,36.055741918750286,17.065557046971243,79.07537217519068
390,-2.856973307722064,66.92803819748049,11.096093422467227,-26.230931888983992,-26.39898711396694
391,52.221749998491234,-21.87553584780008,-37.342604611310755,-17.356808434796115,4.806339884466153
392,-24.68457537707204,27.36543018752783,10.636706191291983,18.02712781614877,-54.24414818761548
393,26.620803788355854,8.094114957098084,15.401625643599317,18.97744037450776,4.150799038800242
394,-40.47217895696506,14.058150168880374,32.06696028254729,-7.24615363355518,7.3883780403262564
395,60.23024017688782,39.227849485687926,-6.558290187239445,-9.968087759743904,2.410645031874984
396,-5.014964378988968,34.3204123271298,-3.239839265193572,2.1653873043676333,-23.26823098496639
397,2.7978976813560292,0.2738653751885831,10.185850464649551,-21.990179356429568,-11.558219117867907
398,43.94222822867139,-20.009157316359158,22.12824801538494,27.422140017769223,-7.009157316358694
399,-4.327167878748525,16.38058377467293,36.35374229812533,1.1325699064333528,21.247880339657083
400,-18.60521541256851,33.29861054094185,40.706056151415055,-5.479052627641451,53.246903860737056
401,12.194839920306375,15.194839920306539,0.04324179482358281,-10.784764453566973,-1.5077472704935602
402,40.67625177891264,-26.375289964366743,29.41664012355368,-56.946055018373094,-14.160672491370299
403,-15.311373303009546,9.270744224728297,35.10650916925279,-8.568902431385427,270.621567425993
404,25.694614163724715,-27.045184652167436,25.75286367034602,25.572674518957104,-18.54654481004847
405,60.00859159110914,-11.576200914139834,75.83900658061248,-18.23703089313944,-7.57620091413987
406,16.719836224535875,-38.381842770947046,42.5439079683307,29.25093089722592,-8.405252533926184
407,2.566334655114617,-1.171750424047585,11.749194236114292,23.139662299444396,-2.720329167051763
408,37.69630595677914,14.119304797807384,18.9141939442439,29.333998501795886,-19.486444912451336
409,24.630661212583348,42.932010196669204,3.074514576109155,7.244379677700644,9.838907533271856
410,14.648854050924319,-22.620736153563175,-23.763036215529848,39.52156390840106,-26.32112611018556
411,-2.8054856133745965,-19.475498133686024,38.70165426274362,29.71593401497467,11.371666783051456
412,14.65617034952189,10.049705716219922,-6.950294283780032,5.6787461120336165,21.02712995370826
413,-9.891863571628274,23.601722249115248,35.421116149020364,4.343641457487681,25.827479874233216
414,-4.1710867034441295,11.461259331116203,-15.421204115920936,33.034837089195356,18.314103814957825
415,2.318038452292203,-12.649638381198567,37.621270768943894,-38.098072676914285,34.94707884810698
416,-8.385465085121854,18.73068601267883,-22.13878271141322,1.9074557931195044,39.084225573558356
417,15.786382067605258,36.58557901085773,18.060595239132784,3.6926117822614564,-4.641749017997457
418,25.978620869607898,-9.948533609079332,21.022666998773776,-46.9705566736647,10.0429959814657
419,-7.751198077167101,17.56461819886173,350.1436995789973,10.616150881654928,39.35288577753613
420,-5.034375522851794,-4.076769461755,0.8247697227409484,29.923230538243658,76.23331726681435
421,27.191197789973256,23.35757981131788,41.08039030054336,-15.531271124861366,14.913666704807923
422,32.134495379985395,-11.727009911423504,-12.861486026672827,23.817592205140585,52.17976726210459
423,-5.652042979271332,-6.331445684403162,23.003008817257832,23.696403124798703,-10.610202567659838
424,-35.63307457310577,24.335536186861248,-38.61302598726516,34.78976868808266,20.438411838608957
425,43.451605945568396,47.98770186506437,7.736811386238468,-19.727092694263856,-10.51407909258467
426,31.311638253335385,-6.614242612399489,-23.759848158376716,-16.799945330057078,20.41714662763473
427,-2.1138377304017384,-38.35097827393662,37.07186498725191,-30.805210775158375,17.586243245996172
428,36.519279429947275,-13.23688612840178,25.006948313247474,-76.23009221874324,47.44705982894205
429,-11.341670202173795,37.04314650810544,4.138055724245991,30.424509987916025,38.758418859662825
430,-1.9411216119043748,8.105014693528581,-3.088981981948674,22.493008044483116,765.6708850371638
431,-2.678007863280173,24.07194128236378,21.74695653867207,16.747159956088556,28.409550619227883
432,-0.6537159025488313,5.471949455614436,19.891601333168683,17.852757988268323,15.523740582145997
433,3.984174561766074,48.92752405399455,-16.23679628649206,2.321262016988576,4.011092019946307
434,-11.48663193877984,22.557202569019932,25.55720256901999,-5.966080298114216,-22.210834207024256
435,-10.960491345481424,8.167295135653823,-0.3533134650750541,1.7448920648230328,20.97403830125342
436,-27.861395234625018,-16.392553665214113,-1.1953774923140048,-6.02838636346825,9.834807551743127
437,18.08791498563761,-8.211384476016676,-35.42801002659724,-9.784684916481694,41.02421493669733
438,-9.536419317749385,4.463580682250833,-13.104822360144512,-16.218502968622516,18.751311987320257
439,37.810369998463464,-16.09335538301115,0.9437155255429497,-24.737767310799242,-21.989703164013292
440,23.735966574996223,13.037970442559923,40.769838945360604,18.980956906082525,-47.60611464386493
441,-4.7467113664939635,20.87354168690817,13.964258671548581,-66.40493999267663,-44.687639228969346
442,-8.982068233086602,6.658914362872906,-11.965132047904115,36.75290276017698,-82.17314751816518
443,6.737665809768169,14.840333089968755,-41.43371671313052,-3.922803178331634,-34.37146953823128
444,5.264026988613362,12.144085595616705,-34.356646991944146,-17.756940026968657,3.3630013660284126
445,38.3839683816065,14.703323704554215,-10.415152513319006,21.103616739578417,32.66432002363578
446,-22.397407075832614,-27.760154614228806,-11.298475928997378,-24.72717756528425,34.27282243471615
447,-33.05676512213045,-10.518184584916513,-13.42369310370732,2.9374580756090856,2.9610809459119354
448,24.23362786647643,11.715066470189756,30.607630430701057,-12.871148344275657,-2.0581496263879586
449,9.803775330062017,16.571009574556864,24.979606005839823,37.88220148799491,-7.787628238655136
450,-24.686964382294537,6.205893207036819,6.68356770437031,-5.285180342296377,-32.392322752960744
451,10.480386067132589,23.794204504852146,27.266976496409175,-4.833432370586023,42.509658410554714
452,32.39577798263329,1.078380357343101,34.95221122852037,51.5697542355736,-14.717088509135891
453,12.775327340434249,18.109977209264354,26.39681995397607,-1.3468921818950799,-7.303034664266626
454,26.845270020110586,7.168831032447272,-43.5140048347485,34.935888343770024,-11.015604054635038
455,46.504063311328075,28.758373640200467,18.53854594232041,-1.853694910530079,14.141994452163788
456,48.85544549471688,14.124367031271587,23.533787942054417,28.168248710333227,-28.899787392519706
457,10.148521455063326,35.8192138590287,28.734673375758298,15.678714484801773,41.630405637221244
458,57.8312910709238,-29.06444119053677,1.2890208292895606,-13.076518402433225,41.91140438567221
459,20.571687011215744,-11.587957494745911,-31.243414301957525,-22.82323655493839,9.328032553523059
460,10.698053927538115,-40.86224385181796,-0.8253491199451455,41.93635240379631,-5.255139977493963
461,66.59735772279787,-34.7120689715588,-36.93965649751861,57.49758857516686,4.323790986905594
462,-10.906761084213546,6.934088430217927,-2.2929698217330574,-17.565649433276622,10.275200081152835
463,1.116251747660554,13.915368618138723,-22.75992775865339,25.40683970056164,-25.917863922645846
464,20.927430640172503,-11.249390172051388,38.6713612660853,61.39696820349353,281.71396245094024
465,39.92746934352544,27.88450135078121,23.561957356998633,-28.55634664714818,-11.986594670980567
466,16.249509802382818,-1.8297387594773484,7.639798803844155,-16.677195443597952,39.11529017500943
467,12.689862947751246,-6.941010059036738,18.500821993183592,-22.994700548854492,25.78158257595162
468,26.769094355359254,48.44992985389047,5.194525095812633,12.003245865640444,-33.911741143171945
469,32.33298085087737,11.617238290655612,-14.821955514603363,-17.537698074825542,12.480208531544823
470,-30.14589265345322,4.130765352421765,-11.465057154921816,-31.188399149047168,16.87536059434382
471,-23.04631709978171,14.77559891576683,-35.05602291044041,1.8452292866745768,37.23107791965571
472,4.328521489786134,5.112428370593788,-1.3585085887138322,34.753261223311696,29.83820917001686
473,-5.060214959505579,7.731138426161323,-0.674225946903785,38.796711012402376,-31.087036824826598
474,-8.64292173083853,-17.669743596160245,24.971089256558574,-41.048286103905504,-3.924587436274604
475,27.947424239884253,36.20538799679942,15.742899255243238,18.04403050140653,48.7860667444953
476,7.399642382775833,17.57628580356537,-4.732534125168098,46.84088366557167,-11.2030935550365
477,34.28903252138341,-8.112268296126228,15.978024387812786,-13.38992682461342,22.837569101685407
478,-47.43051705216302,7.997282345920425,47.583726121573335,-44.68542889894663,-1.223738939987609
479,9.409424259593077,-3.747498558467533,46.36086225162765,-48.12609353854473,17.268688777521763
480,9.886226930256809,-4.787925980775612,38.47684945107107,53.16321669352822,-23.06491574404304
481,5.236502682074471,9.368890397995884,22.994185983328947,245.36889039798783,16.86179826740697
482,2.5109504846437716,3.4713902305923616,-17.83639023405838,45.71613746108185,-3.9575328982733
483,42.221768974673864,0.7334883969342636,-13.115142902981798,8.153420019696588,3.7696304530017217
484,-27.970565937093635,6.211040432824042,20.71553852114906,3.0787512609827017,9.946462089141734
485,62.45096017746272,80.6325665473884,-3.582694598222006,-30.49972262445622,-2.235144280774807
486,16.686975912172404,32.20908136062786,13.460449374024058,-22.67765537029685,18.504660270938317
487,-28.945907338055285,-23.788959567179017,-48.318116254542566,1.4509601774671774,-65.99522453613321
488,29.814464746949817,8.688022147453326,6.544638974334145,11.982399997604787,24.412549516962002
489,40.07717317614532,37.280954220076964,-20.515264735992716,90.98092951204985,-16.58130946467903
490,16.172922679750183,12.167275821876755,6.742773160393407,-17.772326307310394,-37.87421682927825
491,8.467300529901301,92.85595739810498,20.155982106130143,-52.868569971403495,1.729514798607024
492,71.80032545968442,55.92316229786791,27.554651783314185,5.09401364012071,23.07670834559936
493,36.908223488744994,-1.7130166968666412,-3.8189530177183686,-0.7737029414785597,-18.04626182779598
494,-14.574622879862364,5.770300316273018,22.873684852182905,-49.379135594408716,21.827633477410757
495,31.44663503754467,4.640524729080312,-0.5055290300352298,20.292943392847352,5.1972715280117585
496,-42.32206562650503,-17.587932345365438,-15.80233140583239,25.412067654634853,23.52526679339611
497,59.69858980115802,58.32028386551213,72.16949006587473,-2.5752194993917965,-6.236594168493711
498,17.775095844686916,34.795390061152794,4.1612723228770285,-19.273727547897778,26.40921358296467
499,38.87833305123559,-2.701849610525427,-34.76008388014505,-9.920449203670882,2.8579068404562573
500,-48.49317742825556,6.345670582044556,31.269434151830833,39.810634393254404,-14.841271517504351
501,27.835587974952425,38.90846317188227,-6.805777215580919,-17.08276642146656,-12.228516815325676
502,33.2621331631705,14.57790761873094,65.94634630133471,14.525280610516194,58.788440464139526
503,-32.326453620800244,-7.776742761049777,14.630771528098059,-29.00188733117247,-15.314603906583452
504,44.093894239463616,19.126413613680167,72.78495182930808,10.024788480478911,268.1629999984664
505,39.02072146992713,57.093894239463374,-10.49960522773215,-0.21911518124235807,-25.150009422258012
506,7.882509951958439,-20.83700000155206,6.508528793371066,-12.251634555459116,-0.3532596886596605
507,12.555271576554189,5.298984976606374,35.00907268430915,-19.072871723419887,26.86411653816125
508,26.67631609838837,54.041838313713676,-1.5926394709611347,-36.151294978236436,22.869449390339298
509,82.97952777778053,29.61207865625915,10.705438805806333,-0.11383237177015337,-17.930107811011478
510,25.369401878099985,-11.868106208183956,-26.15182412956726,138.45107645337498,-19.648330491986922
511,12.343860340510917,-37.60541723752013,-16.921662629288612,-60.972926453983106,-16.393865106040757
512,21.828517909804894,-8.633329327257655,66.74611943418599,34.17846952945451,-26.442081709100773
513,14.233050183166181,-15.422701375959015,-39.76694981683223,-3.8729672110923308,428.9018998712751
514,62.8762266360437,-16.12811791484475,8.520474279587381,-23.069549947249993,-0.8938460444676873
515,7.5491615443687206,29.13267371736612,37.8281992387192,-16.26389389739012,38.200709212187625
516,-15.0365315548583,59.620928263466226,-3.390122117561827,26.422032220058934,2.527005432274494
517,-64.0015094696861,39.05157893173354,87.89665354098186,208.0028303438292,62.84790495305643
518,5.809306493905544,0.7015897398426068,-30.713804042927432,-28.159945665897897,11.532377305391098
519,-23.990981522943944,-9.140967183858443,20.684097342031674,5.259090172488315,32.33393961207944
520,-1.622469747280702,-19.209657069848348,70.6263183035667,-16.749287671015825,39.41473695557046
521,53.72356918445699,2.0043110871097145,-1.131709029037757,-47.127358193858846,15.768909223171384
522,4.084185645083686,-9.915814354916627,3.2025056664752034,-13.2309482856307,19.005691757152725
523,24.283462370769044,14.251314542483605,20.156579719209567,27.6066493152003,21.73524062834175
524,-29.69546143830594,0.8716602072702225,7.244241599733453,29.482579701045026,4.036051979400881
525,-23.540276632915127,31.150338938556708,-17.368731631414704,42.294032367383586,-30.280741347928448
526,-8.789222234081919,9.628920821367476,4.137779154063375,45.01526023102262,-14.216756609798885
527,-16.502758768033818,22.748601838786943,16.24043819786221,-11.562625468147633,8.781256402486111
528,52.177307738799314,46.73444723697136,5.711021218363653,24.95730303624535,-29.887268123609637
529,19.91340999750904,-25.042925558106802,-12.133171648619488,35.77512365999526,18.048779133278025
530,-37.036320283649445,21.894928627267493,25.273979242213596,1.5152649289952913,-0.48455990433967133
531,-10.651085472201233,32.08899734475962,7.55834423354456,14.818261416585534,15.57637547543596
532,38.26683370281521,-3.902483760585126,23.135869410165594,35.955327751589735,-21.902483760585138
533,26.862188126385355,-36.850800660712174,28.60660158186823,167.9788083096172,-30.563789447809754
534,19.408967451835462,6.069784566147518,-15.435087022452622,23.65653165753543,-0.5539975367024633
535,-3.5058878565326332,-11.953970197994549,-11.538628929695012,1.8056180946921687,-16.330958295544555
536,2.0184832076979364,8.011078240612386,-18.807659721860475,-35.81506468894622,1.6960427616811034
537,23.051161869651104,-33.50002921001383,73.28297129689811,77.4746970951179,-1.18805252469213
538,-13.79864806278168,-28.708017044018295,7.465840026421428,2.342530345709756,-4.153767170748069
539,17.728721423630944,-16.17018379691122,-7.253409848589899,17.81194747530872,-17.459945580979856
540,-32.538369819353974,5.886416852424067,4.019106817922114,-17.11358314757626,9.612056837089384
541,-15.763442423906518,12.752677293743993,-0.6925734168091582,-8.131145238039984,-10.944098762725812
542,-44.92768310924207,18.417400192146722,15.850943470532048,-67.37020647196609,6.231500153810784
543,-9.872719170106942,27.29059636971105,-26.337302856573906,-8.228425830029,-1.487936929898464
544,-22.540231087974004,-11.5534845122875,-12.214721998923876,-33.971209090925825,28.2228827161897
545,8.148881128937932,-0.57249346100066,5.387702908990626,-11.144604438406397,0.27824292646659987
546,0.20962929187545887,-7.977835803086824,-3.6258198654097455,12.301844781468002,1253.180088327553
547,19.06910966261243,0.5657963065341473,-10.190690785472169,7.22703379317052,-3.5294532988356346
548,29.193444762831046,11.332521880969534,37.411902400079455,43.08082781773107,21.915290526556404
549,32.30305141330043,-18.996112591470553,9.299598004468404,3.7303504001706553,-18.671321590277195
550,40.34945993228903,5.653066277557325,-11.912656668850335,-10.215487829624548,23.652291093065017
551,22.67577515829904,-15.930525289176696,9.4178995989537,172.355563400835,1.8542529857950734
552,0.12456996036982693,-7.117810329302248,-0.2022179452458993,18.296316433919966,9.318883958738354
553,23.60435046488344,-2.9815227718918464,-11.547759725514862,9.34233389205854,202.49737532413081
554,-20.420496617861374,-21.255895022609586,16.846980974422596,-44.86496623388969,10.579503382138924
555,-5.870763354741801,-63.51969807346885,-0.13406231569884264,-3.309594956336553,1.4583603464551889
556,21.15183464279698,30.723289151214928,21.151849772708523,-13.819568423925741,26.523277047286374
557,26.396768142223426,50.082398519902426,-24.660122990802126,34.69691498129025,55.69691498129601
558,41.16905929577099,23.821384970662777,22.299291729249102,13.081849837619165,-25.776580231321184
559,-36.024671464804996,-18.784582007769473,45.626378588702025,84.81526889716928,44.23704099506121
560,37.69336494632525,-30.86507002356096,-16.20874182498258,6.453605720188786,7.491559142348222
561,7.507937962156304,-9.800158161895421,4.675035918426151,10.108455509680079,2.5914869402912117
562,-11.270122362463056,-9.270122362462686,16.796182242276767,-14.004903943504225,-9.746449266304898
563,20.054036612758075,23.813208065286357,-32.02931751690489,8.359502050879115,29.489025388151195
564,-1.9527677823439098,7.5796299045290265,7.644425278274741,16.692300426408313,-9.952767782344042
565,36.56572033805583,5.287035173341769,21.683648661392056,24.631556947357716,8.61014268833761
566,5.109927955890296,26.10992795588998,15.249837010887916,-20.6647310003527,-47.159571846602034
567,43.064934817496656,28.543292921897248,-36.687007213908764,-20.524965137237757,30.087687503872857
568,20.294382769215577,24.410825889264572,1.0710941452071303,-0.94841901871543,9.459449833202424
569,37.8769163012083,12.906027081222554,14.129315705231543,-0.7347280107948535,-12.792949570819584
570,8.12931570523273,-7.880281910857198,-4.977529798727561,-8.851171130844605,7.8478055211980084
571,45.2021119321227,-6.303091758552522,7.676093478740048,46.851829462836974,15.851829462839193
572,11.271076498731638,-8.110192344625336,-18.438101055207785,43.79482273006608,28.30816276325397
573,-21.952533258695546,6.298022946424437,13.229608533374494,-16.79304794961051,-23.13378512257376
574,41.9762157872851,-20.190806219319462,9.832052435574589,29.156952986822354,43.2416838358061
575,-26.967104215481623,-10.942308003855166,-5.954706109667259,-4.426810371589241,-13.52599521809027
576,15.92875069122008,-14.387367176354982,-47.96795651423106,11.767572015470375,22.79992311901184
577,4.868905964144903,-41.128750066825106,50.11404310384329,11.398083125963302,-15.475832350643548
578,2.3067921195742276,-39.105326683659555,38.940118828462445,-4.808376257799065,31.909821820381257
579,35.5704014602766,-36.33836102965065,19.625866488479296,-6.465371021591864,4.91565895423598
580,-0.9574427996567694,15.991930957001262,25.17864815282374,7.268287817575045,8.941304713659385
581,-31.160452146619008,42.735417935341225,51.49526509058777,11.311402650862963,9.583448504289233
582,5.880486658452694,-15.622000285583688,-1.932116224639788,3.7096750850588567,-11.787837970904874
583,17.895927169920775,1.3202816784695588,-8.664959101448407,-18.528427338626564,-8.104072830079266
584,8.518572008215587,-12.76328069530035,-8.388650289153832,-5.436798938280516,1.1680159266323917
585,23.28135010008024,48.77786434393445,12.27922833546695,1.776045688547585,-2.2166796899219396
586,-22.150902287746174,-26.19948887748043,22.49956884900877,-6.3159283597891855,55.73244781362925
587,-3.4802648547590493,19.140734446315662,16.607960162582955,32.972670155646455,9.86424947059452
588,37.61587473377945,4.8495254836124495,29.73232257825163,21.3799588012841,23.203399382355933
589,2.262000835036594,49.96823851074534,6.026462432982898,39.202644321466146,11.085441416108043
590,1.6863787056927042,22.64932798911412,7.153617277473209,22.051043704458028,-15.510189863621477
591,18.204081755751538,43.086446761348036,21.204113308851205,-16.678267473295637,-64.50179131686419
592,-3.2894645678507755,-13.551864326655258,-16.86844639699603,-16.49964627639818,-23.393900668364616
593,45.843320296936376,42.740818051212216,-19.883340381145118,92.70482164436649,31.391827932383933
594,42.747981718509095,37.090921568602596,-7.452307756822762,-7.982085114717586,-0.010904665002890168
595,-11.549537334131722,-34.930425086513736,-2.147134372242553,-25.52530772460539,-5.810634238887365
596,16.098901489717058,13.1142579315167,48.29445766009744,-14.517664390417998,-2.848166478586684
597,5.3691787882443265,-4.497756378431551,16.236113954920118,13.413533732683979,24.45788867712403
598,-19.01527070517866,-27.8128700784088,9.055300499546396,-1.3188716453330145,-4.3188716453327665
599,48.28677943919898,15.369608839893058,13.219306480306226,26.565165010270874,-7.352005589035558
600,6.266715614210595,19.09402888547335,12.302213871755349,35.13975837587092,-16.789245109039353
601,-21.601522588462615,16.758886660852163,-20.362643903623482,-28.499832374814194,12.408708644389897
602,-22.022548886175358,32.187384351144594,-3.5255503373007206,12.225950388263348,8.74950916975455
603,5.245130810482177,-14.144577062934047,24.97166905641464,-26.987361428216893,25.407592003975093
604,0.3402360673166105,1.8363748539685396,8.361378011606043,27.482532586445487,-26.417454783004413
605,6.749402824511822,2.295547926438377,12.335932784718416,26.093623635039766,15.174393351599416
606,42.21699457654628,21.193079725429474,5.240909427660041,-9.950409381260176,17.838780705535584
607,15.411384326881034,8.370999468601225,-15.1540036890363,37.3306146103217,-5.305921665160316
608,28.568720160573996,-6.5178167107851825,27.93510160943805,-6.963108542806681,17.80280580888419
609,43.75350548703168,36.377326625615424,30.61757052754316,-14.990437602521215,-9.094746544965627
610,-16.062438780308607,6.945020534595425,25.056951331146045,-15.33855665071962,-12.234085169074746
611,-8.256165775945531,12.197512438208816,1.29901110580629,1.0095017789895946,-31.751738227992377
612,39.49695188343149,-0.6013710465751496,20.200711628774936,18.222689017088463,18.257622711429214
613,-10.264477369362197,28.872223177113494,23.528849804004754,30.288812844211513,-2.954468129413736
614,14.335239717759686,-15.390497415899398,55.081682775093995,-22.840700218577144,-2.7423772885718334
615,-28.791538753574194,-0.12271270257082911,-12.537981810909107,12.349467488421228,0.7505088260966819
616,-22.501756700794992,42.978177729416,52.996951985331414,26.762969648078943,-17.114054305443368
617,18.02096548137553,-31.562791356218753,20.078941482250293,2.2322942262964123,17.240040830008894
618,16.021834879761222,42.66487649602928,15.513739065675683,2.7050076356085055,29.735751647227033
619,4.91668970617787,27.692094496880372,32.96879060145591,-20.593988735652957,43.153254671174665
620,-37.16042092644148,35.79907875565779,43.46809525332924,-9.435077018526584,-15.825912677604332
621,0.5489481228724685,7.921029124650595,45.03387001248581,23.389171845126352,1.0226838997279923
622,-21.768358573754583,-8.331158767771909,0.2517743068718199,65.38849380242776,7.3975075755329005
623,-8.617348750398119,-8.780948991885635,14.889863806974763,35.092247868772034,-10.110136193024987
624,21.282998305748865,17.356807755422924,16.352478481513316,-4.172846214029496,-7.970248649683571
625,24.979101959228878,44.30615836433521,-26.099036764355475,336.62888549552923,9.35680775542347
626,-18.31445330125723,44.08200016890278,20.38136882269636,25.001747630419832,40.53706467740917
627,5.2010999738238315,-20.129179352941847,-18.778927333604262,-14.84049406449149,25.28346372386951
628,-3.4788995304394206,-22.067783746956515,-17.703860846156683,-5.22247629293314,30.885023370360983
629,44.20200623611933,10.58703032491476,14.433729109975609,-0.5715840443611835,-20.564499838579284
630,10.765609929084512,27.388343604127105,20.461930580276977,5.195044719545044,21.566267511280895
631,42.079729124511765,16.014058539022013,-4.150345067573471,25.193857649050113,-44.6417387443541
632,10.777518298274531,-6.198469311801448,-21.679446200406172,-5.1090721234772385,46.86691548659471
633,34.387325020385376,34.474547699765964,46.16882209904934,-9.001223778185235,-36.62236638843111
634,40.594391927381906,-34.40218871407044,-35.409027431167026,57.61490807868027,37.11661775795497
635,-25.144760372224194,-18.599753366074953,-1.328480596092002,-62.14476037221992,-41.6922288445539
636,9.251921538758104,18.512233601960748,-27.449929230004567,-7.377665978713523,-7.003842411407985
637,16.968167516459623,26.447295194617396,61.4390807445284,-47.25496742243905,-0.593777055832097
638,-17.360610554825787,20.60155227713936,15.89856448011911,14.15773951506173,13.270113990906264
639,49.51254883744091,47.99419876755292,-2.5619884703690725,6.54924897721639,35.06987310362179
640,31.53716010812346,28.432966209849056,-7.880803535953616,-7.425712646137137,-0.5897853579905025
641,3.985831369157671,-19.77265291318606,-45.97957219946175,-1.9221312478309827,-13.18649148573917
642,13.137701825827312,46.247002543251654,38.67605864138229,11.633628440037603,16.297579516177965
643,-20.992889995028825,-1.9661596013524485,-27.949023821749222,0.8391864773845105,-0.5329855855440594
644,-34.96390957457437,-6.388653002526824,51.466193054245686,43.466193054244066,-53.81875563134499
645,-56.07037244690328,1.241973364377062,9.241973364377978,19.72623272283562,20.554319175651415
646,24.505987748837974,20.94658483636846,25.417868331332166,4.682226583849682,1.2416294963203733
647,1.123898676204556,-29.258682599480522,-31.302229410267778,12.784864211310401,-1.4064264265311293
648,34.543890501942066,1.0722638543453025,16.01801249181483,43.175775894852805,16.38695887966249
649,-8.8752440675483,6.919188639711659,-1.2435523157910735,41.66437062214868,-32.262824386049374
650,23.420390294234593,52.66336698343347,59.37179495639273,-3.1039073746836117,18.371794956396098
651,6.49595275361101,-8.862039155505634,-11.75459524676658,-30.203296973928406,42.03294061728575
652,21.80377141153231,59.28384218852963,-15.7397909579706,-15.422213055637352,44.67231953036318
653,12.163558772058053,5.117004380864757,-11.309284499745402,-0.8364412279418065,17.22563129364941
654,-17.432560053468983,-13.385293760468716,-37.219861734967836,-2.172595441967368,-9.716157811470564
655,-0.6925246649702386,16.905711844527563,-31.175534592804212,12.648686383862893,-15.125329148967468
656,42.84810980151685,3.5379572810268742,-16.549386220338953,33.673422798783214,-4.60640876814558
657,17.62436196595334,-16.745054522733753,40.653380524021976,-15.139033227612353,27.387757159517164
658,82.52519265972136,19.001647412225918,-6.160680191787342,-52.27591730082061,57.985855322930114
659,-23.802765260403888,-19.342421949006606,6.784316592709722,30.141430367386153,13.18129063325072
660,-4.1046827189854405,-22.4921717874622,17.327663505567696,36.78716938465578,-56.861472632615815
661,44.33190607333492,32.273646637065504,47.429005133782894,2.650342862557053,8.763936731019735
662,4.821515224086738,-16.845608052904606,-18.844238221924787,5.822885055065854,95.82288505506342
663,11.030379471019907,85.6070046776894,4.435811401927656,35.72412400526056,11.363794591317475
664,-38.098890825104924,-30.339757074249647,9.298943552031972,65.83750953277071,23.6034094433023
665,1.9754452144982098,47.8944314258066,21.59710422077828,-10.402895779221721,1.9393929784437685
666,13.39581338270072,31.46589612679126,28.343251324631748,17.894656254891267,-12.067988117445742
667,19.79429836401134,6.995528459497358,36.35555879018547,0.4130531031798579,48.520509502819785
668,18.09212173989363,22.811355125387593,-46.907878260108575,-0.10660056926463213,-8.709155950950109
669,16.874352088034662,1.004629104866542,32.10279044409878,15.749125299730169,19.05370977448249
670,0.046204318074528294,33.27635530566889,-1.9759061845840997,21.979872810098513,34.38690781896134
671,3.209125114621556,-51.31138596171715,16.584712942904645,-6.087109835701716,11.62573509557894
672,44.49314888253953,12.587241820322317,-7.827717963925734,26.618606132918433,14.73199308725428
673,-5.017016606023617,4.383467588312296,-40.662779135050044,-7.863021232215981,-7.884328865137106
674,0.2907924229034021,24.032654201636362,-10.765901054262963,-18.470363372376315,-3.3256121054440158
675,0.08087822055937133,279.28277458277813,-5.826668213116363,-39.47384317738505,-13.104028912088738
676,-17.579455553894114,45.232912810619624,-4.779192456181004,-24.785245089583626,-23.706560855349885
677,4.57699089814847,-4.1561214936544975,15.11994273023343,-15.622346277262281,6.12911934592524
678,-0.000558972192983842,3.193468767600699,-31.513450410505985,-2.2936397940870896,-43.67830837282299
679,26.53511046280862,-11.761349626815814,45.6219473466436,25.048937929199447,301.6971679740086
680,-28.139269380029774,-2.139269380027897,8.47446815049349,4.2561572537624555,-9.183548314293722
681,17.406732033439194,16.069957100718813,18.261379250566947,-15.907803244848106,9.620393837721217
682,-5.12422621431144,8.467535536016676,7.374171447035636,-10.342531608715422,14.858382838814688
683,5.065268662198738,26.814308793523946,-2.1641631176251073,7.0222124844984,1.233653898302954
684,25.78959716248831,5.370639741532516,9.934241809731471,29.999075872965605,-1.6941943217026187
685,33.93421044308348,34.15276233360144,25.106407338199276,-35.96644329197414,-5.469761429044765
686,49.87964977374955,36.32058754723368,13.388817169719722,14.493716376080538,2.6932956982463705
687,41.45140941576431,-15.643435377872965,13.060307771655658,0.7921580456743853,2.183259689787992
688,19.68144225754458,12.765229093134561,13.584597953869787,34.139548839750134,29.038352046712145
689,28.80458539858194,-21.407225030108528,-23.346890905004475,3.002273782235562,-8.088868396246669
690,11.728499486515975,22.674712524090616,-20.853627987860577,7.5046694523569775,34.05990344552541
691,14.771492823181303,41.95178772451909,27.30366440718225,-20.22850717681736,-0.2499548994846743
692,-23.836192239756365,6.473814372197972,40.14981172741504,26.12181966176144,14.071534703127844
693,36.58838032229303,3.6889502395603255,-29.914469264044925,-36.72732546233711,-30.05132810711916
694,19.70294627238791,16.78382098415251,3.9849608186876644,-11.489896701995537,4.510103298004595
695,15.216584307983492,-0.5095464036514566,17.626896710946248,18.94369807878909,-20.330171209575056
696,-65.1130207686242,5.454125807431776,65.08287255338301,30.369443238170152,16.691085909367484
697,7.81737779551712,-12.549160280386781,0.061736512785822595,-5.426980921750984,18.710241857499547
698,-10.469735426230814,-18.042876795807878,29.957123204191948,-53.43466343982245,28.901517827819053
699,-7.423832232579295,3.816740490908387,-13.453744332336449,-25.950483791901306,-34.22096861514528
700,-23.59991801728639,-23.075717939146838,-18.223750310639442,36.4773530437217,17.747378784635497
701,2.1023396190922474,5.7615546706480885,-32.06664514038864,22.124694464424277,21.740607540054594
702,28.194181363496646,2.309277948364998,26.360326195462143,-19.5407083185645,-32.63654279632254
703,-0.27478795631805175,-1.3036429984957083,5.660288198782729,-36.68105108680719,28.585774018202677
704,-4.724797934290608,14.03500605524614,15.307554884543148,15.730104407115363,141.37912366152747
705,11.709977772465539,34.79484380844174,34.98880533206276,11.340321246669962,6.2312257590250635
706,13.307554884543208,9.03500605524614,-3.740974343707532,-19.84489593952224,-20.20518995521705
707,36.240997047329365,10.849374114146245,-5.169997740584732,-19.25743214035729,-0.7396310979403043
708,-2.8315551383579614,-49.45141935420262,20.935995780701415,20.471097618819744,38.01347880768093
709,46.4638228913875,6.233832370587601,-6.040447927012067,17.255977258987794,11.056673263387095
710,64.33436784238494,-11.9808289428419,-47.60175087737619,24.27153896613796,-18.91800006659464
711,45.29095618579843,-34.125457584024545,-10.043390770404878,29.029557508366175,8.847186811437325
712,-29.57385981208851,-13.210543983287778,-11.36971502608836,19.187383623711323,3.3465546665107295
713,-14.711503510183107,-37.6756419070103,-0.06874457896325814,4.645737558596861,-28.372193242987954
714,19.95182547884631,30.951825478846793,16.778300852963792,-36.66218822640987,-40.87131113793711
715,8.929159135514311,41.25391924981397,41.639770613072585,13.868067886548285,52.54330777225753
716,11.330261571026504,-38.023848578044216,-10.866907901439014,17.014392964395473,16.66227006874641
717,-21.94890375680724,-33.58158021320972,28.438813912948333,14.438813912948138,-12.076481681670643
718,-8.828666358999094,10.80108360084238,9.523456536650222,45.93790987951584,-12.593255344091936
719,-42.142547712209314,-47.828666359000934,-38.35784432918567,-47.61138248860151,-3.885035045948024
720,-20.539900289732493,-59.45534035155469,27.849806335720075,-26.065633726101098,-15.353624789130025
721,45.26815703029027,7.813515374024561,-8.31784318587823,37.510420936513704,-42.994560089516774
722,18.7716148716666,25.184347259054597,2.248495986981202,9.211700487883775,-9.870845989595608
723,12.226234309863301,-24.03732136093425,23.87242466258231,20.255059344509625,-10.918242349798776
724,-8.480424830952217,-2.4213227966685094,36.597904423143156,11.323515304667048,-33.63755679742651
725,-9.774514627524379,29.578677203332113,40.30428808485575,-2.4996520507638085,1.1865574745686782
726,1.5533150400438562,17.11006274047149,-13.736030211066003,17.12853158628669,12.925374282316508
727,-13.872544559715301,32.55897652523655,25.323988762949586,-7.911945915903847,25.08805408409666
728,-24.584614908148055,-0.5846149081480512,-21.08531739763777,-2.048950800254456,0.4503467102558265
729,39.056258247830456,12.252295830037781,21.31794911005376,20.73882015007463,15.149785145613073
730,-7.439217547657875,5.969277950531493,58.7046128400455,-71.59688832709202,7.873781451940118
731,31.98851858255559,22.4865473880793,10.502316943886687,17.73359059636571,-5.015423806397207
732,7.854468761061032,-40.842854023013146,17.175539647431158,-18.558297695394963,-44.46660212530808
733,32.661270198329845,31.109971245208605,-48.58292582282178,20.8660054863111,-29.05530330960077
734,8.893209289995578,13.9125804503201,24.941637190809715,41.55664742993976,4.835095809018119
735,-19.635714462223824,12.361752857878269,0.9749227933515048,5.960993053907421,-61.63571446222302
736,13.389702502101429,11.879582407158821,29.823887256628005,3.639074324711947,-7.4077570856578845
737,15.54349018502667,-4.612951640931023,25.401618945983937,-29.72568170614388,13.132447054813483
738,-15.9567549220921,18.459702352109392,11.395143461416435,0.2748894201925469,26.339448310887306
739,57.86367025851383,-24.52376866666884,-11.852363361837257,25.819041942994957,-25.016660709421227
740,-6.782414093135811,8.834905160925752,-1.5477755850150685,1.2175859068630452,23.686862923105835
741,56.54368727050137,36.47705208729194,38.2102414962486,-32.656218279128666,13.276944144005904
742,6.690951600553418,40.49977648037757,-0.50022351962311,8.382654197577141,-5.978688796910037
743,-1.9572520836551917,-24.78345767847427,-4.238763438750069,-36.6096632732933,38.719597066603335
744,18.286309186335743,33.054930823875246,21.0810794592591,8.712881278747147,84.46539027803206
745,5.615930234936138,35.21550677790781,-55.15269140260386,-10.742231948450875,13.736637414728754
746,0.8044053809650141,7.199244772279733,-1.8759932143769626,1.375523789018216,-0.46467550865217155
747,-12.72492935508703,-20.496852371488927,52.95812201976953,30.32068604163163,-6.134288349620643
748,5.227309609829571,35.98712880776609,50.25789721653741,5.436902805186259,-5.104634012356244
749,46.46586037630147,-9.711603917312434,22.059759152907382,41.377128229494794,21.097318663549693
750,-33.90752139570438,25.793848967671828,35.68884443723407,18.197483134732703,26.82929719797125
751,50.8894324980646,36.682448547285496,12.033694039516412,-38.21092335685879,7.776532161275559
752,20.521585137278453,23.831961275487746,-5.660627197220241,-25.660627197220045,-61.69027330638935
753,5.720025552621644,35.04719199892945,16.535018941871137,-23.187471142003986,41.1766966264512
754,55.76527505985988,-5.883180405761541,-2.5945196343813173,26.405480365617237,39.12506975410428
755,20.504693618583,661.6224541124911,50.5637116080913,-14.965521901526056,659.1519631072466
756,-29.78933858494675,45.82431917779618,40.459695602263125,66.19980208419103,-9.982509703575575
757,30.221886408129464,-16.24625702292998,39.3132967850668,13.656786826948261,16.629089587894484
758,-1.5797951464820488,-2.049861651297005,-59.512642788651036,68.54722420171952,-17.264464130515435
759,6.5204754986937985,9.589675221319787,23.608799717674692,22.057465922051094,-7.0308582969296225
760,-14.34258998512346,-8.315717825497469,7.7740124649939535,33.00937849932903,422.90405099494734
761,12.670199436150469,-6.40685741288413,15.462203997795317,24.837059185661754,7.771589891001804
762,13.073704106510396,0.8231643983163252,17.215577181709648,-1.5670895523000659,25.714497765317663
763,11.852467809771493,20.164128054783056,-7.3044428797838545,11.6821210404013,-27.134096110414898
764,8.10365119629222,17.95042850837379,-1.3564152847096564,21.115877137946285,-43.90857474535991
765,-20.77860868901218,16.853417809635133,77.63866699620084,7.534348074898071,48.319597261465134
766,-21.191321239379977,54.956425180578236,22.774614292941678,-4.804963073653191,-19.401532556082657
767,15.241612447733974,-13.408879167789259,-6.312536238741634,-1.0713252272191245,2.7718522464009796
768,39.407110058837155,-15.026865231217624,42.66407318211173,3.9731347687821277,-12.189605964988365
769,28.532023762221545,30.64051758473587,-14.14249477023655,-2.840568900071437,19.803258318506444
770,33.70126671036326,-0.8338696789456278,21.12739168683038,-13.356841240971312,-24.950085581618676
771,-29.34555615725342,37.159428281864436,-15.490623587751275,-9.748100246427423,6.569189681634543
772,-33.69679807072249,27.4029600860797,-9.098249129910057,-8.179506714539432,-6.218926290864363
773,-0.2802541508727146,-8.06038808916962,5.939611910830744,-38.83955479214597,-12.328468452148144
774,18.454209951727922,25.616212934802142,19.632118751796938,14.913709205959348,5.443606073731383
775,40.05302195508971,12.536281727825878,-47.18289811483797,13.075082776731923,12.300361657898927
776,-17.566848510584894,6.188139568177009,-3.533727981049325,6.201364923614008,398.85037873604875
777,-27.59102321834295,-3.192278477635555,7.019416122408729,-13.023596499891703,23.427344944577175
778,7.809259462995383,28.559981080273158,17.012519766235293,22.68462027163248,37.559981080272095
779,-12.851879343806242,340.37990722199953,-24.467772626705035,-6.043932702355433,22.30044080748959
780,-2.2776252451571484,15.554325220051165,-8.337791450869258,1.9505904953474802,-23.619948855913503
781,7.184399036400811,10.867168909122917,3.1535232846178847,-8.44558058968888,-0.4147048379059475
782,-25.08087233696113,60.90040225162771,20.017656983890166,-24.400087974748455,42.13981397996858
783,-34.00691755710813,-15.830006095277547,4.287934879276228,-1.2879772690713898,8.206375510571755
784,31.681494976749836,39.771985932314685,31.73798937314677,26.950668099059587,6.434819691667306
785,-7.515973034295406,-18.359398093300786,28.257704647325514,-9.515973034295815,18.40902414640424
786,40.538221480636295,33.284825457812,48.55790556407715,38.51271564377999,-0.4420944359200256
787,12.086160283083487,16.458882705196515,-16.064623248713506,-27.65208673996161,-26.794397456999437
788,1.006067460633523,49.86009321936685,41.86827560268381,35.91329706829845,-0.9939325393669173
789,-17.881389400582588,12.26540585001403,2.6514261667021577,3.299971021668168,15.593561522861485
790,12.845110540655678,-16.115322915941668,24.078400252039874,-36.253114773891156,-37.820646972309795
791,25.37137403342288,-13.465867615830735,206.10659121974908,-5.9954332431785975,12.085545273913805
792,-0.38166978813025554,-13.818602408369667,25.680749157617107,35.60959848648008,7.957916984804042
793,33.53265617679277,13.827287454756835,-19.047874653746817,-31.699556155422044,-20.342505931710665
794,22.727001520612824,17.86057113749958,13.825644235942429,-3.736126275792447,5.075320018936906
795,10.503174562998518,16.503174562997266,15.985062678206885,17.27096223078286,18.217275010422522
796,18.754922745480066,32.411694402838265,27.917784777704558,18.080646809926396,-5.245077254520577
797,56.97885346465125,9.345252790520606,29.87005228493012,501.12765043110034,-21.76354838919621
798,73.79328734507114,-44.04785487202742,34.518543783875245,30.432599774651116,4.213858453616989
799,24.878174456352404,30.08516616850992,-6.3861616395932295,-65.15958784306525,-17.310637040751395
