,TS,EG,EF,ED
0,50.05135300055422,20.809076961254167,-1.9112498717210635,-37.818562343320345
1,-1.9953951043731488,65.65285678845214,43.287343331688184,10.92182987493102
2,13.314476436582899,10.569801085353506,43.67136931590613,-34.11426164386871
3,3.56869056324412,-0.917906292670775,-4.174607864713423,25.068009951783864
4,-18.141982906658292,19.265521949880554,23.052775941169717,-32.79665813273771
5,62.343532147644964,-63.10513235314206,25.48969240755399,12.546119767296979
6,48.003205828972646,-20.124532169210674,9.268712339412764,-19.549711177382466
7,-6.2162032471221575,32.240345686494855,-13.578503958043873,-0.5045745978735168
8,-15.616941912001206,43.58131317900497,-25.039625728900376,-27.017814366498975
9,22.28308377248013,-14.107931554982347,65.45723766626236,-11.716362271824313
10,0.24591310993101212,-52.75408689006799,-36.163730898183516,-38.085429916440816
11,0.20465112833167753,16.014934958344405,12.483841662972264,-1.9425551819070006
12,-1.681937583288706,30.134310667494265,-15.216433151938535,37.59530553645926
13,60.81264577462606,10.922896824153922,5.00864764045465,15.420642042960345
14,6.489359225291372,33.98188651657754,31.05153587164571,15.618694323809244
15,14.882042805738116,25.950127425272974,12.26076588542724,-52.00306360428878
16,52.391247244379834,-2.094547338385653,-35.45043529262189,8.348957330187718
17,-7.583902613526327,35.24369834355339,11.39046732891758,33.293205618672275
18,52.306440926847344,12.238777064139576,10.25569302981655,18.837562309758425
19,3.759482439151661,13.880931084843258,49.5504170791227,19.42051045059283
20,22.922574181424164,36.136530201668215,6.796551144409809,-0.9314656097824197
21,39.99043155760756,-22.974201254084186,-7.390126805649999,36.64524038265788
22,-18.001532871214376,82.82041819020152,-40.65437897936042,8.087491598077897
23,49.85743196375472,-6.061311636040734,-19.331085168807206,28.911602897225528
24,-11.693650998572899,17.878237443744272,-2.837427883207108,-36.22741354473571
25,22.129455832639266,-19.643591965963004,1.2686403452266166,19.20813580519153
26,-36.118484002389074,15.444562940174286,28.44830559836491,15.393376854487373
27,13.433911518349666,3.2298314325440725,20.931130790081152,14.339290961691965
28,34.14714182065437,-13.83972650665183,16.053546705785937,6.3474637230865865
29,37.45629459273385,39.327356360937216,-24.769851799999135,7.4236676559371375
30,14.953669193949128,63.97558436414001,8.949801810973142,24.969138725849348
31,17.422936997399155,-12.074023405668537,21.106523173965936,7.702875657647784
32,11.187081814581415,-1.4828821172476618,-1.7667177791548296,18.774536729366638
33,38.7338992295526,-7.557031710553786,21.442968289446227,42.57747878527654
34,27.1216430100286,22.421279658601577,34.12648769572233,-4.884412847084598
35,-9.486088657458728,10.004402138830024,46.784073834518495,40.94932006274955
36,30.88949968140342,-33.25461287246143,-50.5709572690236,-27.882615117454453
37,27.422209931455964,-1.1039173083109615,-15.419683213281708,-25.630044548078438
38,44.95351803709268,-10.717614709820602,34.29091144337097,27.957172102745304
39,31.738602558177718,20.20306632414095,6.077443143270872,40.30499868231991
40,-15.94015380046802,-4.693193839770669,15.000573293612057,-3.551855593639352
41,33.39720973249984,-42.45865174428761,-20.894430937366078,-41.60615389093582
42,46.634783156020696,9.518745996770788,45.62795432497442,11.511917165720654
43,39.94424357804658,-10.026854642679716,-12.435974690236254,7.7708329024121445
44,55.370910564608344,-8.262505285404428,18.943497194959942,25.645848677100034
45,23.073147125903894,16.679573115176193,-1.6055676762396662,41.48760488847685
46,20.022955339440262,81.78938123982232,28.043939151699586,26.085906776217723
47,18.429243278102074,30.978279989794125,-7.731562244396595,13.880206566409772
48,-8.120088278442458,72.16585525247137,37.618867730651694,1.2710765288311918
49,-1.6876457982686373,-0.4970566097051555,-24.147643097338577,1.8994109598431916
50,6.969697817151671,-9.557131932845541,-1.617617232860645,20.281889567174904
51,2.6091589330771763,17.202225942005835,-1.0059879731733727,4.5870790357552025
52,52.32299393180952,33.08735504473122,10.499234673753666,1.4992346737536244
53,-33.03813883071653,28.11533231472377,66.44084911012631,-8.7800703557768
54,5.4691958561171425,17.4548014459831,6.318113336041842,-4.976854499042734
55,28.522944049620772,-14.00079037560746,33.9579987439678,-33.69562629256291
56,-15.165593725117732,8.46435217969926,-12.833398982455483,-0.25474828516226145
57,21.728126459674293,30.331736843138156,22.538957610068913,27.92307330863699
58,45.90634832647365,-22.79283365410771,-57.63551770847614,17.78399147987003
59,37.6730229167111,12.874292685689777,3.9883970044069885,6.444814279277112
60,2.144959928134065,33.99022370086774,2.526485721310097,-8.081829637775696
61,46.56314249370572,-16.382499201625272,35.50030946411697,-24.696300645916438
62,-12.454753295357413,24.80915138050465,3.753532677056569,-3.745898991911777
63,13.960937066100152,43.27035815377333,29.22793482785587,7.576033551487649
64,-8.589381268453582,-7.920480513087349,-10.936566299312695,5.966918983334976
65,5.520646255697665,-39.75244325305449,-18.68321632351983,8.27832427118195
66,10.40166862607999,39.77117065276389,-21.302729752571555,27.871267545177492
67,13.798762100713896,-24.19489527919981,69.37336978170367,3.9479774626975717
68,20.83114561236973,26.638396810356312,24.58466733126536,6.786807383667028
69,25.81409529432551,-7.486234868601567,18.944128310617494,40.29396322915427
70,54.573966892069656,24.437609638157355,92.7103241459873,-37.28967585400731
71,-48.42144039165487,6.862186603924708,0.7851658558321905,21.327963850205975
72,41.36282043112892,4.998705364509565,-2.6589211582142105,-8.680662747555505
73,30.588332372133944,39.32799510882923,31.52018732030269,11.327995108829665
74,59.41780593913644,-38.016300888766054,13.35804236824714,31.98194779660266
75,-7.027623042642003,-2.455046820615884,-6.563087666817164,-6.874839672803026
76,15.821013732710936,4.801966791156363,-37.029938614367374,14.65291913823479
77,57.573910228445385,4.889654077962359,86.60725800943172,-21.178728194126453
78,5.098047214072679,28.309554788053525,-6.230901312680018,-50.982864987391665
79,-1.3338088310779581,-45.6258561865793,26.56527751571742,30.913907035906
80,17.581694519081992,0.7005028380780542,-23.47770964041472,-2.426791789417984
81,-9.820815099571126,-23.260619592033525,38.13355440365712,5.882586671422989
82,-15.830521060603045,35.33920510939106,-15.847493677602335,-2.745657975605891
83,15.952585348582286,16.85856367137624,16.387454943522798,-2.8769906925502378
84,-7.846373302050695,12.451634144397516,1.557611805054425,-1.6543435162585491
85,-11.858281963294678,15.596455938489765,-0.7673639213512925,49.23298069347298
86,-5.894982879282837,-27.0782541588798,6.15362669794931,1.2396788230851081
87,2.583638949877747,1.8825042588076923,-13.319744112582494,12.453296441481806
88,-10.723174190100117,-2.1399804108793905,-13.139980410879607,35.87458298955173
89,44.239751986112864,-45.52766151266173,-15.047649765023595,37.73308923532664
90,15.81083664538795,10.824532962891661,-20.366806340736776,14.191300723298587
91,28.01151439970803,30.011514399708343,-9.144767096392957,12.0443536713958
92,-10.202412398249429,19.918882410351728,56.87894126528902,-6.189098683228349
93,70.4340195483929,19.497260203429,19.623741513508794,38.47052284660782
94,-25.048275988094108,-24.81689485930054,-26.55147484281074,-0.12045444455926452
95,-45.29600906177244,-2.969668022547034,41.89534406655584,32.49822635711541
96,12.580166113586769,23.283202985426104,-12.827149317011832,16.283823828884152
97,-22.95637556428689,-13.227882391737673,30.750614428187436,15.333946545729141
98,42.45717832670409,6.713378867980481,-1.26274248218811,25.458101841973736
99,41.27437317751718,68.35349566546267,57.780635667706555,19.12364318985051
100,18.918991292712747,25.37140926413801,28.514932749793658,25.82382723556392
101,22.224111308670075,51.52931879157425,34.49879804328555,25.6514017847384
102,50.20050887372514,7.020602735971387,8.734326467445298,44.02060273597379
103,4.246431271232641,-3.740575856254115,-22.998798572454476,23.246431271232666
104,33.35349536792526,8.66200690430665,-8.856609443405237,30.451902092974652
105,16.61668488205705,22.163010274977143,19.716607981780367,21.532075412847043
106,-0.2918552245689646,32.876939468592155,34.876939468590436,-7.422805168228786
107,11.513825405732302,-22.80939413582872,40.621565252919346,23.271410749561518
108,22.538611884674047,27.17624611654725,-10.35967310430226,22.300849421592876
109,46.411890318569114,29.20248451251394,10.621296124621344,6.202484512511466
110,17.06431280452974,26.745782895070324,-64.35590987859595,9.774424146093507
111,40.154446767498904,-3.1498845371526025,8.777673723313818,-28.222326276686314
112,-8.04693881525833,33.03023582143103,-6.700842141778974,36.22228051943696
113,34.34522135227926,-9.257604851763064,28.00014656913355,-16.091395458957287
114,32.245012364818066,-25.958438991334514,-8.307260614977247,-0.5717808871431007
115,38.11819188506289,12.765083516660475,13.236842095481355,4.633023161366381
116,0.7231245710121437,-14.938330463471654,-20.39856133494381,8.54059571207845
117,-6.7527264961957085,56.576720211239746,35.28603193997343,47.72272110309004
118,-0.5136644172656799,57.40266585435637,-18.184091903464665,-13.45000640622527
119,12.897063709778484,-22.155918386391775,-6.129427338307083,48.61394989967461
120,-16.956753903809847,-32.26675983167455,-14.940673284887822,-13.858778800829166
121,-4.551599504155039,-1.4216669112965756,-10.800198305624225,-14.913202924110472
122,27.159965496238154,29.89568450768311,-19.594585972871073,13.688527473351746
123,11.389779079675895,-6.530260767724617,21.209775343981278,-0.8302047323181476
124,36.56126802703886,-3.940303186568348,5.881536893185842,-6.510833921648773
125,43.564038445204595,20.223998838888637,-42.356146384256675,24.5640384452036
126,46.38236671445763,33.565368699376855,25.134002356303853,-6.682995658776562
127,-24.24898695182533,33.59958672955471,22.92767708656169,-6.072322913437397
128,18.18054391097524,-45.395539425054366,23.936221442402065,-14.11907203550738
129,-45.368911104831376,-17.792679386947768,-38.02105744428333,-10.977496462634958
130,4.717573900449882,-4.984568630797753,2.987097275447371,-15.360519599538172
131,22.88471084043588,-10.429714938314733,-9.920579463257699,-6.198463341780112
132,-0.9573400811061019,19.63984156795486,3.1517115528636244,32.0760481038337
133,13.052535430208652,42.77515331875347,-31.250448294262984,0.4138443744802536
134,12.089695796758788,19.79512020965018,30.905586054815167,-18.68356511940547
135,17.052950715610425,24.175723117995265,11.818891818643293,1.602653702595044
136,21.495872245958665,-16.344453237309605,33.49587224595868,12.112471103611291
137,0.24778616762868788,-51.84170366232245,33.884622890977326,19.52261604918482
138,31.267409007598687,-2.6929259507416123,5.927812063149862,0.13727557703386084
139,33.59858127253082,38.90422384865529,3.00741621113097,8.066881414965193
140,-22.787826635818202,-7.623937229918513,51.401316235353356,-7.136563962554272
141,12.562163437166223,-23.31518913060659,-5.528130520451287,25.988046216855402
142,-7.035947993698222,5.282561909923628,9.811005789394924,-15.068000813019585
143,5.6291900956173055,57.21713544160773,21.188231086119323,17.471364625810065
144,14.550960714650856,-19.328146318281014,4.49957068195828,8.48145778027558
145,37.63225833525774,1.0321068533980693,28.23240981711873,11.385906397442536
146,-5.184515577718371,41.43031588293014,14.975234734273306,-3.2429924815283053
147,15.116987056547003,36.105215203641876,0.037457930663047145,23.832749189502234
148,14.152710314194142,-22.40311108005713,-28.481495539895494,26.126582160916325
149,9.60549587136486,24.454644761152988,-9.696206349058661,47.45464476115481
150,47.87865093745273,10.407306334580202,-12.611797263503242,-0.6716797075275128
151,4.743710375051705,-26.906935797499617,0.8266847236348702,15.80484541847984
152,20.674722903562518,27.50365225418983,-30.505765289435505,-6.274531909059737
153,-10.376181544408533,22.0393911297281,22.254819994233355,50.6391035104571
154,33.445258238925895,3.2332822876106038,-34.96120909738289,32.15855041579109
155,-22.976560800133846,-14.427168662690724,6.796104522304326,45.34549665974882
156,-27.383438568376853,-23.09720269308504,12.401334525771667,2.4408645715441124
157,19.594317883554737,-3.6865857547938266,5.068342773268285,-2.1423349554940194
158,-7.4976520138962535,48.56018027362133,-34.65504663223109,-21.88345022000875
159,17.64772985887082,-21.938041937920563,-3.692833749675103,-2.7296660470075005
160,26.866041401784447,7.842210483985935,49.30646410729057,58.19040070146466
161,-0.04976211276154929,40.71797678416097,-9.512283079515763,-32.91723908035042
162,5.56404834437265,39.0908116573079,36.70912082907351,31.913623197082778
163,24.000329345830217,2.2303149509567373,-25.03460587724655,-3.1270375016033762
164,-4.097430867380554,22.885826877245755,-26.882490079795076,-24.232805020128048
165,26.247968510207663,39.87387602402789,22.546545098617727,-0.6224939206981461
166,21.0602131363474,-2.081866102060772,-20.761098749413833,12.73944578370046
167,87.17646359215159,6.603114576893432,15.703411932015301,6.886041082349337
168,38.96422452650587,27.395982636704815,36.25349318788289,28.104998069835933
169,14.692280516035604,20.73456332183033,28.709078731151166,25.988834692610894
170,49.24746947627483,9.666249015591276,-3.5396481982958465,-38.65087490397611
171,-1.4501532728478992,-5.062732131533538,-12.236159774198072,-7.33199230480102
172,-0.6492333799838661,7.310631715895813,16.71085655609677,6.070946492176627
173,-0.6921522827219103,6.433048288477896,-22.129551997121293,-5.254752568324873
174,-1.6750762951351064,0.006871814589106573,9.81417722605322,3.3249237048649762
175,-10.207287227901203,4.093817645262176,-99.1391473970154,25.018106722056068
176,22.68271908986504,2.6786871739699247,-62.75469302919494,19.81192676763609
177,5.134633467400253,-18.575237961703895,15.80224665454054,26.489569181951786
178,6.087243732907478,6.777234314762229,9.432239023835187,-6.30394104780896
179,-12.571553137760239,-2.215934508086181,21.69895389319922,3.37676320803702
180,-0.9010126686198812,43.48173021676078,-10.268444231961631,4.452503162470362
181,38.0118427054273,-34.84976469705956,-14.204294060487008,-15.826789635429538
182,0.24152613581008275,34.23335404656982,58.848292444623695,-28.71647023087676
183,64.99857513092127,-2.2133130038865874,17.043512787994487,-23.9340183834686
184,22.511357067987998,20.495891651246936,5.495891651247234,-1.6872361339617281
185,13.830266278446146,42.29460357573176,7.1732059541025395,-34.153955472920686
186,-6.133328378632702,-15.969698320969945,-21.58923161158987,12.534675046534938
187,12.00571437532101,-12.50395234962739,17.967047475527327,30.102381624805062
188,-10.082871768258535,45.58221670260845,25.346572523012227,25.71996898417632
189,13.66656938485694,-27.700727063601178,13.90614203527135,13.446191515782893
190,7.844936120402592,-3.9621293868790213,-5.251531125958653,18.21201109632959
191,23.178665309179706,-1.4864164758234812,14.066233463349128,-17.711280167484905
192,21.12395117286432,24.860728771561327,17.554455897767763,11.40131946087287
193,38.657829860489386,-16.166159643127166,19.71389283880097,18.809719648443075
194,2.855643284991466,18.468666880758335,0.403548901926865,-6.450868512890744
195,-11.59889648886521,-22.257752285875785,8.447968729070283,-2.179186464997534
196,-4.72708484772009,-42.62850797397138,6.656904986894121,13.864300158337425
197,2.3057021111170344,34.78564613319071,42.93694804719314,-9.654185933037091
198,37.590419902692105,4.137120234840069,34.78898143821759,15.242281106062393
199,-1.6678400187759224,-3.5191414981951845,-0.9590924157717252,-13.111812715421351
200,-4.595802995059638,-32.17479764180538,26.626469132064063,17.053359210563325
201,41.05574228746172,31.751787480534094,14.751787480536006,8.742069978548773
202,30.36737720712182,20.26793643738536,-0.8891265297202136,-7.15097924846461
203,-12.372216731414136,-3.1700711549242198,5.057781264855796,-8.330789018726241
204,23.45490529630003,20.160962195406793,-18.309544585010787,13.572482536659447
205,17.0404836099183,22.040483609919033,-13.841741330735086,-17.253525430635914
206,11.917064603670468,10.260475926250747,-4.899753048599304,-8.304299259643464
207,27.128678442548463,-49.89142779445698,39.52479621802317,-1.6129439587009915
208,-5.369301865835917,-3.8957150422054876,30.274385374021158,45.94642268325009
209,29.408753033109424,0.6189255996277188,-39.33712688756446,20.403259594008468
210,-27.918167890586176,36.442018655559416,11.911731693187022,14.64046914115885
211,-11.406624783224082,-9.517107556430565,-17.867018153985253,-21.937000273496306
212,-4.8530318133507295,92.13743848282198,-48.962623407364276,-5.843502109523545
213,-23.85600127200572,-15.259595346568311,4.647804165137998,-12.873971644817681
214,-5.210503209201825,20.023509965386733,9.243757659116685,28.998419054993875
215,1.5724302428087986,-0.6854965095558854,22.512325603329536,84.04237792306778
216,-64.75183414861709,25.99266947262496,18.700741368097354,39.627719817103014
217,26.20589295103087,-55.744139288857575,-44.72914896082406,25.175912294961293
218,-11.714207475634655,-24.83408257415534,-9.374301151743992,2.632869383409367
219,7.061771541184006,-15.33623399353674,-20.566811685835273,-19.428049659573478
220,14.652613897378643,12.21445271041312,37.414106478842044,-6.375660761274017
221,-18.093162669214248,-20.816183628436633,32.39912903342123,27.25044839393906
222,7.508373271742094,17.164571552691793,-34.130900902896116,-7.065036769254149
223,50.47676599718088,4.817954332422779,13.05335226579821,8.547461014365364
224,-10.43137008332713,54.99966123061033,13.514936150232657,63.243504953209424
225,49.39533087153422,55.23999540901974,-44.13055837221836,-0.8541063361686061
226,-11.167456625197085,-3.7680690119850664,28.01640505260409,0.9847407949882251
227,-9.413395032562274,-8.902586575480257,63.09741342452134,29.093483076491406
228,0.6765503339132319,16.48791104042505,26.143731331736152,2.3158211860805444
229,21.694340841258,11.325336973854478,24.333611693426896,30.095883834727978
230,69.17598077429096,32.46359696253956,56.53508122753194,-5.656103188541544
231,-1.6652855355054956,-19.215678709723612,-14.384281269390394,4.840522143499074
232,7.547913346179382,-7.51767199239391,21.13192250957082,19.858341752693963
233,9.483240126274847,8.385524275616255,40.18945828135803,-10.987254830645686
234,-7.173207212824382,22.448183784149872,36.67062686585591,16.85566481138434
235,67.39394557210429,-2.3792847300842097,33.167175874295054,52.97758631233239
236,29.19294261400959,26.28837648763439,56.62033937225928,33.38381036126082
237,21.472767368011763,49.18235440100946,20.232127010887687,-4.000290653986174
238,-35.79580731791876,-1.0417637085683489,37.63343765795083,43.20183526654257
239,35.79283107820366,20.01460252746282,19.90912584553356,88.82190477003883
240,-17.492538285218245,138.81485105932043,35.35311062233773,14.66443848795357
241,11.100683800103322,-12.611439983807992,-28.153099578054025,19.10068380010533
242,-11.213015207323913,3.2927720037873525,-20.634638243663208,-27.221511841049026
243,-1.6617171518879528,-5.092267173048488,24.13617595010023,6.4367026746032865
244,-6.350166407284876,-33.636341885493664,64.59196921966175,-11.655630009845357
245,-32.87337616198737,40.57003184062776,15.527090236837362,-43.00919695571226
246,11.906058475455648,32.37713035435858,14.385352295713242,-7.135353884028808
247,-35.803184268476016,-18.85449578737233,26.407135497148804,8.196815731523255
248,-4.36476921185298,21.129832079541412,4.635230788144469,6.460283690003987
249,-33.791852175678855,130.85845014756848,-4.364014967670999,28.838915264752238
250,5.761051233732453,39.429729661690935,42.09407842948323,-13.905003157759442
251,5.054526688731683,24.653659024337443,-2.5793122225983733,7.464070997054837
252,5.819293299405043,-6.153153466128044,43.663972421114906,5.8468465338729985
253,63.82446280925643,14.622441239700015,-31.1892045503253,34.73889913996558
254,-33.0714476958301,-20.2642397010977,-2.789450003861043,73.2376995529586
255,7.633161564403023,-24.773064538771592,-6.710548607557744,19.53960008378642
256,7.842400719900534,-37.3772763903138,31.363259933937506,10.64756148027237
257,20.38323202437352,16.788391293377863,-25.731150104933384,31.509079195909905
258,-43.14378193724815,21.25080005873025,-20.77040580855926,4.386250159269839
259,70.87347622175412,18.40892046513033,10.438263990869082,22.973708234244487
260,21.1122708869334,43.49804846210746,4.650345028540678,-7.617433002488909
261,3.7671327791443616,42.536169849945885,29.916911266026833,12.801429801430041
262,11.060392564107374,-38.85302488360832,-15.085278308275972,5.4186207544585265
263,4.203638375729788,64.17274800127119,-3.104140463169344,7.249786453135876
264,28.171232242230555,17.86730656727488,-16.41106985578777,58.82516870540806
265,27.102858531343333,-6.536058143651096,17.825025181356406,2.9602307430184487
266,-15.737629597626286,-30.334416448692735,19.004285900690277,44.58492440012835
267,-18.522157041087127,1.9141922726454426,7.275814799875231,9.982913356506092
268,11.033474790934118,1.1510034275922454,-2.7569738746590673,-14.240344684947893
269,40.80455167440316,2.6558117690125296,20.341072838450565,20.882904500893467
270,-19.79022212166608,15.209777878333966,41.07851658615951,-9.133915660794816
271,44.57387172309408,-12.065207604341035,22.62058712511962,19.028223199708602
272,13.059651429906964,-0.23465042578039808,15.293840295784287,-3.528952281467527
273,5.121104660279861,41.56743878894613,50.69796763428012,5.186369082946445
274,28.828959079174403,-49.88461572486798,9.989752037460576,-17.17104092082684
275,11.730086889045483,-2.7399226627065536,6.201189509710076,-22.857698317872565
276,32.98736946016751,-11.002761125909405,25.29438435637218,25.59152983865407
277,42.87650464569259,29.116499488939635,41.306126635689914,4.913532133186042
278,9.282563951363162,17.15019067525753,38.95120720643706,44.750529518980166
279,37.5812329638239,4.140597274474966,0.9402233395651657,2.581232963821285
280,-10.200685839366466,-36.888499336299624,3.041492351808283,48.543134307078915
281,-11.27730643272892,40.2425850699312,1.6105037244477352,14.429568141303232
282,29.550000837002298,-6.598260497665466,57.80567347121954,-9.832752941219882
283,-15.187007117547548,-0.5065639110864228,-4.910696873024744,-12.485899101394613
284,5.474378623352311,47.72055952783739,25.238810156003872,-18.47850768317793
285,4.953794121370561,-3.8378350237242893,1.3565844063397718,-4.054681720602046
286,25.415207686992645,42.96729306913475,-31.376450784437985,-10.725432679081194
287,-10.875941975471493,-55.56017544770729,7.5259426962221205,-71.90464802344428
288,-42.999394342778686,-23.347721052156174,13.963431265392309,-16.01500581538576
289,34.78246842350293,42.341591490734984,-5.0869013741970255,10.174359030405839
290,-5.712479187239722,23.49256703621712,22.663885337468507,-13.336114662532172
291,19.317439339564743,3.1192373198265684,7.917039788395329,-7.657036249525478
292,-63.19693379399559,-52.93170682622366,20.41898179881262,30.6842087665844
293,36.070867921344195,65.35188115822292,-8.558056085890748,1.4419439141091706
294,1.6984256379617824,6.006024905198522,-6.718594875115636,0.5792769199403623
295,-43.23792566359752,38.522131379821914,4.766807062716414,-23.456571351763994
296,-19.321230477466585,3.5027393078790894,-20.91322481221971,21.59075441520782
297,38.23193628599668,18.190861143846114,-13.772374270807457,-11.493469389359657
298,34.403160234816305,11.146406883793146,-31.67235545665966,-23.687458594957647
299,-3.3893271389130475,22.096110723837114,10.03947464212761,-3.7752487418509695
300,34.13759145328806,-51.841554372874654,-21.458011752394114,-17.411654760135043
301,22.18440226049868,-43.31414375686777,19.965379638754072,22.59074313441249
302,-16.713861701190663,-9.446157958923877,9.835360492109185,10.778360231808986
303,6.789894446641102,1.2860691680190586,15.920951137791635,-11.850087894627922
304,70.42658446556851,-3.354452226500547,15.62184363858675,-2.2124673690345658
305,-5.6643148017677145,28.478455180388025,-31.664314801767322,-0.269765279657451
306,-15.658601440445615,-13.022337972542815,12.56056445864862,-21.888659917495453
307,2.2715986382352877,20.325375754871057,16.456063026760013,34.28354910859772
308,4.614311568829807,10.830590149958597,-3.709914011048835,41.88465979523657
309,56.97637004233189,-14.184692732432742,0.6819487152729323,24.115269439125505
310,-1.254613742578737,77.30173837987816,96.02708015674881,2.6714449444974795
311,-7.536747189960087,19.366321725933307,39.80210630380424,12.14883473760647
312,17.029396779886223,-34.63372563975705,8.953353679686769,42.73585712016454
313,38.00205359838304,-2.93725263926393,-42.86653972177465,1.0727665158739887
314,19.69251919952821,27.409612280883913,51.38834679872886,9.801267479285713
315,11.305805061575184,14.418097913267268,13.612869253088856,3.791309572280108
316,36.70294024989714,-26.856106734957162,-22.552464469441535,27.139089070068813
317,13.64464318463369,39.756765163542894,1.573710908646039,71.39750496709877
318,98.42762074131115,-13.904725621811743,-28.601246695956974,62.582321114876436
319,50.07071776960112,4.3241637032166915,0.8668495849287313,20.197440736408847
320,44.125801718137765,-11.596267124235021,19.717436293661954,12.513253581423628
321,-9.827282775775295,17.12399083142793,21.83163247464875,-9.131268256918357
322,21.310386300568144,23.78521087451555,14.47281208185292,17.19777159891897
323,-3.983826782807625,20.86802051917055,15.52426668021387,30.732594894939325
324,21.365480164712352,15.102038274505706,-4.9481012390420815,40.31534065116652
325,50.202063987422136,15.51989686533816,-27.347530115726066,-8.670802861411792
326,-14.681194874917953,17.40084998262576,9.66581260133934,9.012820077596404
327,14.927061179241766,15.886037940886139,32.23608444540289,28.29534023414117
328,-25.040993661692838,-31.232396521493545,34.920288818619255,5.832132677987557
329,37.74965020491518,25.386971305452615,-8.42368590859922,-3.14904370752455
330,66.49381573260361,-13.88254918302712,6.871485027813376,-37.55459479747985
331,33.850128733942746,-44.54415524958697,41.16555592076563,-36.01729602982198
332,44.93834355537342,17.47912580637733,9.690407275351143,-5.509376539715783
333,16.452493713510705,-17.666284742498394,12.716301401752721,-9.18701244342554
334,23.24139964390058,17.813102186034104,59.59217739229795,-4.305116433949733
335,2.76689558108737,41.54878206733278,2.0577135994263296,15.178887773734322
336,15.261203882500416,-48.43228847305548,47.5526938859164,-18.03529200126009
337,34.307411049110755,-6.378989788832082,-1.9528477967598166,-5.266446958817379
338,19.191792113379794,-36.212106748324885,21.749435113721507,48.364765320995915
339,2.100284911318835,7.075235602604085,5.705294773061764,28.310304634803124
340,-11.087907320560301,-35.3201626449826,19.865641614553766,21.49142888548607
341,14.002493505795105,28.088827104232347,58.070389355696946,6.8482640574566
342,-2.2383335295792657,16.741953564974246,-13.862028131548835,-58.14923430072528
343,12.037854590784068,-7.186418892363786,-35.607273836163834,21.897341500918962
344,13.403310028783409,21.83832695024282,3.626879040004636,26.779965414477147
345,-22.296598780687937,16.879273710203517,-9.183068930101848,-1.3589414209937138
346,11.071303495359397,8.20550905092715,-12.371687245361024,-20.093182615721357
347,-1.927585765761977,-19.55579911705606,-27.663165772497088,-14.504114112003357
348,39.97573261870175,16.368917204847882,-22.79472232217566,26.255268978509253
349,-8.820514969056244,9.118049313461585,30.56719788744575,31.628633604928506
350,-7.099052204982048,58.330136615085266,-7.8696388215527175,6.203894637022623
351,21.616210832695728,30.19445773924578,6.844466190544427,32.753164047405456
352,20.866625516995114,-42.23222969493051,14.464194203285997,66.80539568638434
353,82.38182747990285,94.37433795881184,26.56194349783341,91.92217553370784
354,-29.50557813189183,36.22992159998718,-56.034578668139844,17.645564878463624
355,4.817413847581276,4.728655026702459,-47.039260659866855,39.31577462364799
356,59.09684627967512,-0.7531803191160538,9.203808178024111,17.458476042381395
357,26.18069224170401,89.41770606557029,7.569943647633091,-28.073636483675575
358,23.2102937254113,54.35314003544959,1.781622093276014,-20.504070526802945
359,-25.359628167917155,-1.3943491077354921,-1.5320816578856293,26.05472069166361
360,2.240685525349605,64.69627730722125,61.846606621093876,-24.091880501275465
361,56.05328760121741,29.57499036004815,48.46392572376527,34.546053348276445
362,23.03349604279375,-14.360652178473243,14.070689255568583,34.09166615768977
363,-1.4998190079790297,15.601764326378031,-4.961637633563078,40.03331824932996
364,28.654140120392064,-4.7428620112224245,-17.98556009276971,25.01443990723108
365,44.16050549512788,-26.85633808512991,-4.147440172683497,-10.970215694571737
366,-8.175043801314757,5.780779446383658,8.116683077212679,-11.466770679841968
367,33.80727536383078,42.997024957565806,5.041870484972215,-3.7683799212923654
368,4.629030130572207,-10.35384861732707,9.054296130945698,-0.3422796186348891
369,-4.702224607598512,5.778244038523904,25.297775392401405,-33.69468164743036
370,38.34864872980281,40.69206177214227,44.04627336649561,-23.085476391299025
371,4.823650552534402,7.921004026452183,11.34662016952154,20.967246516766348
372,13.910439974810728,7.615530865749702,-20.325711560005093,7.94849045313758
373,-20.08469791624873,36.82709497560974,46.45520389920162,-5.992937752574892
374,-20.21132023010668,-12.013142831266405,-20.0532339613233,-18.687857287904123
375,49.14963146220591,-6.872493765593495,-20.96099467679284,-27.885760288482665
376,17.28994247848762,13.619576113061148,-6.90783770225582,4.158089024658386
377,30.626461362745395,-25.843350047866664,-2.8391878867603575,-1.370763863183346
378,12.637216295739233,9.930903703644612,-10.161949457620484,-3.0539683722449293
379,11.29266556706885,-21.841962660831218,20.158037339168885,-8.575480979102352
380,14.04127260231221,-10.160453992631767,-31.99069606509677,3.5332804354593215
381,-12.577227550886715,1.883985273147452,0.6858731417508539,38.617738132837054
382,37.22479137342218,-26.04615292095354,-31.881726510749157,11.984872527510792
383,4.656254621142441,14.533395214101944,-5.253240365407073,44.44289020065235
384,1.3083416409882074,-2.780982996769455,13.133476347214721,-9.167559452371737
385,11.856004676092317,23.215720739582423,12.035862707838303,34.15677936717728
386,0.1622737760257864,33.395696280638546,-29.37108699462299,-23.00442718728501
387,32.92751013062282,-0.9425875793440301,-18.127296230738548,10.275277051738675
388,15.072109872905623,-22.927890127094546,26.388144413928487,6.234958791710124
389,50.883005845899326,23.648055697864642,-3.3158246574178873,-37.35194430213532
390,46.415423590965176,21.08757182356992,-15.908100624379871,59.42407869507458
391,-13.610207345945458,-29.83174483713243,30.447333929616075,-46.4425135827225
392,19.12827560613436,-31.545229812772526,-0.5571943445827472,50.4308411236025
393,3.549222011762169,12.472794742793594,3.8581538393409085,32.78172657037263
394,-14.013643281300752,57.32283660112337,-5.377708719812999,44.04624765451057
395,20.65365007378211,45.82106552292173,-11.178934477078329,7.465410129703335
396,27.764234148704467,-10.055016774978327,5.539277816681096,7.31040143115828
397,43.91403516370187,-1.7412718271212335,32.45444448479715,48.68423982424974
398,2.591132677126076,19.82433836249289,7.131056088345817,-17.12224806830888
399,13.914448454101093,-20.471152526784323,-39.76779684268064,-13.064441158576908
400,32.85924278565072,58.09378583157978,35.64986106381682,9.348938149601379
401,2.6486389362555993,-0.43113968229286437,25.09650610738483,20.897059561014082
402,-2.2406359817154815,21.786845609710916,35.256254089882006,11.479724513890307
403,12.058940843209209,51.79410887656797,21.39170168520337,38.9789760110115
404,1.180720055399811,42.26790471354758,34.66478775969165,26.586707270523448
405,42.54852483043599,8.03446976264432,21.283887454878442,49.38576677600527
406,61.35178768943801,-14.819152641292266,10.206488007700482,5.078283427349703
407,-19.123887838014596,16.47012494686504,40.24305913252374,72.78437541935065
408,1.2347416750104947,7.441202900141963,-44.23599723563611,3.044433512707228
409,64.22163952286255,4.320270760147735,1.4572565613820716,-6.013977515656036
410,21.083347023505574,-25.233426145373986,15.867864098386086,32.14592995446472
411,2.26414300274665,-13.476878949800495,5.56671057681961,-13.474319837530683
412,-20.14330071888832,9.198260690071988,37.82852653989224,33.22468917411973
413,14.485580862147252,130.91464720354404,50.269663854023136,6.218452276848511
414,26.040265251678406,45.28156748887707,79.78736599741079,11.672513387347289
415,16.492686459537484,27.850493087771895,-29.719125198862105,-2.5773542268822753
416,17.147209820394522,-11.29124569266946,4.375177466256435,11.270152689624652
417,-24.165522363295224,-19.565863401764638,-5.940371652114008,-5.041997612249659
418,2.687677488558006,54.41378547386296,-41.93604406686234,-1.4343394740888828
419,-9.099148296254375,-5.9514754927693785,11.454534502390421,57.87959850368233
420,-3.323649059905927,26.03537774367566,-7.140272706166757,16.885923915793388
421,66.58755214457835,14.815595838347877,-65.50027308034373,57.24548660392432
422,14.888212143464685,-9.291367531715418,-37.64121741570974,54.14827218986372
423,17.469737573760256,-33.05688307863843,26.694866694020547,8.784310147072507
424,-21.002256804991497,6.589197519616241,10.438335153121862,-9.916800051068753
425,11.075251286412517,34.40398044123387,28.319827507658133,-10.696612554371615
426,-33.60416894657464,26.6095446731653,-5.128359866748442,14.657926513512713
427,3.5240022569357183,27.0225568122246,2.8563719604616495,-5.788343611310174
428,-8.917071863409602,5.506320325895879,23.87123204193696,-14.522919910737178
429,8.067240003974707,-2.86542670837794,2.9999067163273456,-47.000093283672484
430,8.420054446525697,-14.518110371504712,-21.75880192766387,15.898112972984073
431,30.072012293464564,10.658070048949439,-0.16981444008289936,-58.660006520344034
432,46.1659225950404,51.89828743979693,-16.818334160531453,-28.72387469397494
433,-3.1226070950894442,7.1841684856656345,15.383083851891671,9.053544483212677
434,-2.393266561026782,-17.64515847184383,3.0084901507810304,15.008490150780895
435,56.57722929896715,40.131216737390154,-8.408303151773357,-38.77527593502302
436,-10.938216297801654,43.8802846323279,27.770332120987067,79.75288426027421
437,21.643110723557612,-38.58039570581181,-5.859365961656074,64.86661715292787
438,19.686275360845595,-11.587880679661556,52.59533497305499,-5.822250300509969
439,22.268683513513437,9.560416016117149,-13.32153940098259,27.88082274113179
440,16.80572752464338,15.68781575862042,-17.265019534970456,16.036870660757025
441,28.768713553035447,56.60030588390492,34.89717207946588,0.07602576339344386
442,15.481833511664252,12.551541652170709,23.4440513432482,0.5515416521705279
443,19.951797407837986,6.790504651810739,22.062595894609714,6.803128219124474
444,-27.449785241128247,-14.808763586678783,-11.411317722800808,-2.334382686147126
445,-3.18788373130395,15.95500300769653,-13.820519880446831,-40.52314982718066
446,-9.75991176857481,7.410700034575031,18.389261923777145,27.006055179120313
447,29.637593199193155,-6.84173688696067,14.095917194271388,1.9084312016563567
448,-5.843318567307637,19.019274384350073,-4.219640879704707,2.7211649012878247
449,3.7762780693080558,11.49504889825001,-5.286998494180102,32.77627806930888
450,-12.45462410897617,3.73379644027019,-21.26620355972982,-34.88936246123703
451,33.1025809378608,-33.16129675246228,-37.36285474490971,-15.386224631612606
452,10.768479835271537,-3.7389049520163695,-10.275828888454404,23.157708025956776
453,1.4034913914427194,70.00851621723342,-3.5421068133591977,-39.30277949553264
454,2.1296173648641963,78.63762222274703,34.77719505077989,12.314962033260974
455,9.303515884739946,-27.576144506887914,24.822157451251712,96.1500064181616
456,35.65472281079381,-5.401766735270113,28.45855463790717,41.37536555714639
457,30.32492607014885,-3.9660326011270923,14.670269059782392,34.17944673450946
458,22.74447650439089,28.036100323900783,2.119862128795484,16.31359245397265
459,-14.29193533665281,48.11880523736709,-2.3586078711121927,17.082248558269775
460,2.7394149730532966,-19.529995583189265,30.471332105314904,4.93782174684772
461,19.294778184481242,-36.852134262006075,35.01582551140603,-23.396072264513823
462,-3.065443432008346,29.531093460808787,-4.148668311572293,13.254794795614337
463,58.86976183891598,15.741650917750448,-29.602445175534452,33.05186905310992
464,51.36170924660837,7.590045699806073,32.167212054485695,32.898711118524865
465,25.569231642772408,42.64752857864411,9.616684331179744,-12.370266179509322
466,20.822442098601233,-46.26242180855249,-17.351441779538494,42.73757819144704
467,-51.1606340965624,21.75900411430101,30.918072016318362,8.914760663819452
468,54.945311958890876,19.12095971689951,12.862218535931822,-17.511701867388513
469,-54.21253641944259,-3.712992250053615,-0.8069416759474918,-45.21253641944134
470,0.7808191674745264,5.440160748399396,-0.10929056903816292,12.49290695668481
471,28.949226336517256,20.68421936071603,25.47924028812001,3.624191457509907
472,-24.48785460675178,8.323532165003602,-32.226326327675395,-14.986439533531456
473,-34.81772546855905,4.236571639207554,22.34300798420658,6.226143791760078
474,17.07372971600119,-42.45736608124305,5.631149884964279,44.013446691722855
475,45.399600865042665,-18.66260481572593,6.41737391669597,-11.102753688750585
476,-0.034654002695407304,51.41313360558122,18.155004159848403,6.997863780241085
477,-46.75921597388414,2.834184217447781,14.240784026120089,-26.055031795514434
478,-28.455674352738757,-18.865525464591666,32.746218687942786,-16.059653388324616
479,43.088050301978456,28.717714267262913,49.33837195475507,-12.41387961469104
480,-4.0551547629866675,1.3218926406898182,-1.0551547629864464,9.444837495889402
481,52.057706467702566,40.04722445448237,43.957864295602455,14.204980745801116
482,-26.752483159549644,40.61075118667454,13.368594955858166,-16.7455109202728
483,44.81445827864438,-18.035897730678062,-19.511288702436612,23.35044683526449
484,24.579863051790927,15.929886861704611,27.098049199046503,-16.44649495677517
485,28.205687822549447,6.109730632179113,-13.056862089986913,-0.7152360927943553
486,51.63144549048673,9.217258428857868,11.452956272462272,4.574236864900541
487,8.644840786171025,34.38527469648653,-8.476742753228107,-1.090126787183779
488,11.713095350515003,58.99120748782376,52.16288954751774,-7.3993531987369385
489,-40.28426435501812,7.676246638023003,62.00757381414211,-49.720332520175376
490,22.763191753128286,25.840695552711388,-1.3196931545313904,-2.1593044472885206
491,34.502421919738985,20.116215262283117,9.967674240187806,54.45785961310971
492,-1.8827149235455192,20.359413953817786,-62.47505512766138,-31.873140178690264
493,29.38853301177189,-13.590434099632553,1.4936974547519717,-0.5387896698344062
494,19.010404284378343,-9.690801992104852,-8.783491977980535,8.680335925150494
495,35.67538855086365,7.194645443306676,9.61894877997143,16.877246319758882
496,19.862834281190928,11.283764472307144,10.24432649989737,0.3759156506388297
497,33.32989230350708,20.511748419705455,-7.384274188436386,44.304002275091726
498,-35.37149183160979,48.05048563704018,8.293561979125235,10.72477099166435
499,62.08531106477518,12.008733724821681,-13.479252481947745,36.87159743588342
500,21.239356300090392,-14.422412751273978,23.11242497492484,-1.3666723893565496
501,56.23878924341216,60.236261840338635,-37.740991531978544,-33.72329971044488
502,49.42308235072347,34.734873916725206,-13.306722242397802,-37.79864407964615
503,-11.565628468074081,20.997285826710154,6.997285826710174,22.172461858602656
504,30.775884632798068,-15.040977965186581,24.577335775014788,-2.1135073548845784
505,7.421858929629217,18.273521344510467,17.461599248771513,90.46159924876463
506,21.05022535987801,20.983492128838616,-7.03978690524391,6.012978905344719
507,10.907382721956425,16.582803396048295,25.634684666244762,-11.781008269685117
508,40.5683199428471,-13.470666655064175,38.171358642319426,12.418447183155994
509,9.575890663358887,73.47548670614648,40.37302419421823,-11.641308151484122
510,14.824446270493441,43.99139105562078,-21.33057388712879,26.63365223034299
511,18.996124772156822,18.00952426943514,3.9025026070541875,-0.5623890810316989
512,-1.9842729987373526,14.157554121709254,9.835164000541846,26.999312183015284
513,27.617119046302115,10.817171370533076,-8.50275537554619,9.096878354849972
514,0.2992250403512229,47.73881200997917,32.41240366437552,23.316176285176503
515,2.5442401297505586,24.475486513245073,30.499169201033396,52.33568483338095
516,47.53904026557792,3.7801769802524214,13.607601456702056,19.81563012156097
517,11.554943687459286,47.70440802928923,-31.72085979979837,7.209764611008493
518,-23.90411078460215,46.062085840052056,2.5874383715612566,36.587438371561326
519,-18.797078263332104,136.13354380354227,-8.659119734457278,63.926738899794806
520,48.07635266146912,4.022746451652598,-19.1086553588214,-66.20780464818586
521,21.15362342692911,1.5050783969341284,-42.64743473307475,-3.110750559730015
522,26.40543700038341,22.24781734687987,9.224553598743055,43.247817346880005
523,31.20337003398255,4.004921258097563,3.806472482210397,-53.81214220714026
524,40.54631008477789,-26.914363709072127,37.92526876700949,36.62496249707537
525,-0.7558416454142503,15.709659994532876,-8.342042301393525,-13.221343285361469
526,8.310351095496468,38.24025734122696,-6.033573901085537,-3.345723907921016
527,-38.30958558216904,-30.927826779491987,-34.763982588867904,50.854258608451275
528,86.27393287464967,0.1439971292436263,-0.505681597777482,23.974575420606264
529,13.191384350000309,46.01227464791453,-53.99152596621904,-25.215260184824743
530,7.815065788927053,-9.985457669179869,2.8148644588857596,10.214824192878222
531,23.30003594899246,-10.149696032874266,-9.488912499482481,24.300035948991777
532,14.341204166985914,8.289340616458052,-33.04831467941935,-15.385969975296492
533,6.823885363853565,11.749690596727595,-28.25030940327227,48.34925309611089
534,26.50103188547533,57.258042949365056,-5.073408173891053,-23.62959113280502
535,14.245183502655847,-29.140505956904512,23.67723855740465,30.01816586930846
536,45.12514804993172,44.99987650221251,-16.288248057548362,26.536371775643254
537,27.454421458792993,14.656372249590476,17.656372249590348,23.4551181697921
538,47.65802410411422,26.19705434171613,-1.2518125909752154,11.986673296930295
539,15.536066688179965,25.247312164967273,26.05717377865749,-14.847757028187827
540,44.065788544209454,4.045944028983276,2.194061886866878,8.491729615268445
541,-21.45117532092683,-27.996004171760337,23.185223076248793,13.184840707313176
542,-7.00737905887264,-12.127595054503741,32.55910761143489,0.6492696081574632
543,13.771547272665947,3.0116714248219267,30.320888882811076,-0.22845272733368016
544,21.212448254211704,24.88114717794645,7.306234737258131,11.903069605907739
545,29.532261230039936,-12.99318910485695,-15.38300897089847,5.532104254150342
546,47.97625567843485,34.27855791183839,51.20415020291575,17.366979813914583
547,12.94569297477663,-30.0626991888459,-17.81754387659166,8.70613243827166
548,28.971395021437782,25.765529813567113,1.4857780452130258,34.63693405762751
549,-2.736995108645552,28.525158141297798,1.8422217412843165,-1.7736020086746311
550,10.438396350368395,-18.077747150041567,12.735167650287018,16.5609075483946
551,26.62476076983143,18.58861245377876,59.378234580780536,-17.53557354330795
552,29.79710235111616,-39.40660495674248,9.940076841014108,51.21312050842406
553,21.612439609378356,21.202874108263266,13.267908697019358,-31.459047635569895
554,-30.19495201354624,39.581604354455294,47.330679002503885,27.22994987448783
555,46.09506690294935,7.363313131194105,24.095066902947583,3.856109871990366
556,3.664635744877742,44.07966045907166,-4.134214699710537,12.324734601649133
557,50.0487299163297,54.44471858525308,-2.8383018748380175,33.46931789255754
558,24.909210874802195,-15.710810420775926,-27.04827049156841,15.754205550908017
559,43.45573584052646,-22.240313457378832,-20.670494901726613,36.240645118351736
560,14.768448735955312,-19.460478501796143,50.07767603783114,19.808598768017518
561,12.841754206705016,27.974733353196488,-4.261321828074138,1.0175745465099089
562,-12.266734974289898,50.68399092811742,24.18343254165337,23.985219378332793
563,13.29626778564977,5.6468141367038704,7.82434909179328,5.529965353019218
564,26.101787546914473,26.66522328666303,7.67070856330726,-26.688706765589053
565,4.247002438610847,-2.6088653297810263,25.005547893383138,12.789349545967571
566,20.339511847376663,20.583989241523852,3.3709919559539565,56.40983553900134
567,-39.85552208571214,-9.435318792353591,-2.2415917832247025,-21.5649315720191
568,35.72586770316103,43.71333632344731,11.411427729467547,32.27101253897597
569,-18.887895680293678,39.8207704763565,-17.486338254683602,30.324764356175994
570,15.2464690989717,38.36220946789904,31.205187831974644,8.106036380515686
571,-26.080499657899054,16.53825003151371,2.047897114990886,-1.5590325501736981
572,-15.668904349128322,35.833513436233446,-12.788913515445794,47.253039045477756
573,1.4815996773547102,8.578285143639768,-31.12369775787271,15.551797967505754
574,33.20387594075491,13.27947808072289,-0.4937154993805364,28.70314317202144
575,10.523987170242513,16.523987170242467,-29.606561372779918,-35.59568232752467
576,28.76973002918682,-16.332226122772457,-14.151166957670014,-22.749497120895374
577,46.469825622969346,45.89006896827305,-13.991647837473623,-8.095145632445119
578,16.4561859927573,-3.2112643227011777,-38.99244200751575,37.150304940776586
579,2.554032867435192,33.56342121782685,-21.18892586976912,23.81107413023135
580,-11.73345033143703,23.973290471215908,-18.438106327647073,-7.638940250223981
581,-36.42343827116346,-11.897437147542398,-1.1286585582606192,-8.417660243692168
582,47.24301300961912,-16.15928298118403,0.2430130096197619,4.453727633372098
583,-10.693494621173086,-47.73021679288251,1.7656939952555688,-35.12614372802899
584,-11.654312705871734,15.316507687031548,24.512306904685328,-16.758485254552333
585,26.620506036610017,-25.06982122509817,-19.37949396338456,10.144375131928962
586,25.63600812146311,-13.306691250656403,38.27385620724812,-46.53589376217811
587,2.300409601011616,-6.748284724118383,-10.741654477341148,10.846617583599535
588,29.307145280054392,6.2487191226054835,-16.86948425696566,0.5231759435990018
589,-19.74894900710125,9.252341825129841,1.5854600197581163,-57.330615015469114
590,-58.29417533200245,-12.616435271230888,19.8243180418453,10.830877518116603
591,-27.958728631292963,30.06088307809616,54.963733897835596,-27.677086945206938
592,13.040239209277335,-25.32650491546019,12.631925240462301,25.584657834364503
593,37.65328548039232,13.368612428035675,7.87434416799672,51.30917290970744
594,18.017296562167747,7.815167841679711,-11.652917971980633,-42.33731289539039
595,26.097477643315177,-9.939184831079077,23.24412754089367,-20.00434968527795
596,15.108184641182092,73.31351880391392,16.201961451328437,-0.1529281978435441
597,25.75089065103388,6.218575335690072,-23.08404416614442,6.136042744281116
598,10.557893438217262,16.766974136121323,2.073136446610394,7.12416349835853
599,3.1406945961938453,6.373180364356403,-0.054869393043053494,-6.575156131607206
600,36.082544574319655,72.77519320841677,34.32802603586544,38.635377401765616
601,2.8021318488731435,74.04439811082884,10.180998717896282,-15.160502799769693
602,34.90047611668171,42.855017607428756,8.036851644443729,29.107555191773173
603,28.57594136133417,10.975817015633943,-5.202181821169523,15.486941942934155
604,-8.729851552735653,-1.757322057737004,59.21520743725883,-9.530690391481738
605,62.91640322352075,25.881440292076103,4.740926900467759,-56.8905562794763
606,-6.819607201133081,51.47475254404624,16.63925740900705,42.73016316405241
607,26.172278341915504,4.624651360934603,3.2172686351008988,33.071751004355455
608,52.55891388721738,-14.515621482670648,-43.26096302205224,13.412950814439789
609,0.8227042860885716,6.062233601001583,-10.48820977086178,18.526541229982634
610,-1.7959974369737086,-61.466817951470105,25.93567435722814,13.749641022807804
611,-1.7263779015427108,-10.455920368695468,-5.2436136533671185,-24.514071186214068
612,0.3127310870041067,-24.755609651110444,19.445825267272088,-2.1696804341707487
613,55.01015855348125,-41.3121451504952,6.719512874788723,-8.473297002482576
614,7.52682438454949,0.8837843990881158,7.785364415444363,16.15150440999245
615,29.39907848150017,1.6860794374419936,16.874802191170563,13.666893013358841
616,-0.13031980710857274,-15.245179018023705,30.754820981976703,-20.442731023220283
617,11.916630540763054,4.907969641360618,0.4811208532135395,23.496277427168096
618,-15.494260684732513,-32.367237008585185,-20.85255992824481,-10.101210810813518
619,15.459778038629805,-4.266731480125577,36.504660177692315,18.51588071246415
620,25.676258284578015,-3.125458897441249,5.370248147512363,-28.968809125882128
621,13.328778185862353,-13.549276057711651,-1.4286389478836004,29.873935311634465
622,19.2317635850781,49.07737631149948,18.439958135364467,47.56040721405306
623,-39.20029692309143,87.85688586665148,23.385477261517995,-10.16217506326538
624,-19.0439739272376,14.731120743192681,22.49125764868915,13.054962863548436
625,-12.629304687278498,-2.6631416239175163,17.144713430872745,-40.88803583830301
626,38.320521815633946,-29.11943972970411,-17.419982348875646,16.290327415370818
627,-14.058605576914637,23.941227740827784,-15.888506296749323,-14.803456656666322
628,27.168992561136367,36.068832373868894,-11.381087532496778,-31.751199663584288
629,23.904616595733735,-1.8460406289800326,-0.5940689548371756,25.49613381572516
630,-22.281784361928707,40.13035824247608,43.92428694027321,71.72255228249664
631,-4.003972860481358,44.97003728171783,8.711699072643144,20.444437516149172
632,-28.00445671151936,2.738254362322043,-14.111946660384612,48.028133748697826
633,35.59163331990587,35.27613913709296,35.80550406353367,-11.424402009300909
634,-0.8476160485929223,99.78895051531585,29.15238395140549,16.698650207003144
635,-19.805424517152968,56.713299179515396,24.305809700849753,-28.638573190149547
636,46.56376334139509,17.984759891678202,6.69294484596495,-26.598870199748884
637,-3.9608383977063495,0.13454690097557467,41.586854251635785,-6.341761337970093
638,-16.24808685083299,20.208667332398925,-14.163110016982152,-24.82471748126689
639,15.691831145012348,55.6107985828174,-10.227136292786621,-13.524554887284513
640,-9.134279189306065,-20.29276608464179,25.700222682789153,3.933322308369784
641,-2.52132034933085,-31.272850709284107,-8.219954765467383,33.38889784207988
642,45.75199757807616,-9.464563699056379,23.921980263267574,14.556137897366222
643,6.102774266150471,21.694812588938714,-6.952875501778796,38.5822270931571
644,-4.852820243623868,-21.30638631414592,-16.13142382048756,41.82752886216258
645,71.89432625964452,22.56739399988459,-3.6537613767415977,-7.879717558548782
646,30.693139163912736,-4.971844441359462,-9.035969630336472,24.121818750014356
647,3.3870335798878153,-9.612966420112224,15.26474717161825,-12.261880983419328
648,4.356209527872036,15.077985689803821,-1.61268166936835,10.59354009118389
649,8.321246709830223,-28.598565071834084,-42.600917801037376,27.55945863563427
650,37.26775451815077,12.675243917801312,-31.331284918274566,9.165882168238197
651,16.471412851897796,15.147679795566525,21.852747570241924,30.382702387125967
652,2.8691171908078,19.57980382803838,17.27070039632293,-22.223362582992902
653,9.388021094169607,28.635723503635106,23.36964036992724,-1.8688716774208798
654,23.679112682995235,-13.940066086143183,-23.65376162501954,10.012675528988277
655,-1.9061292025627226,10.892814461040828,18.294927133834978,-28.39349227221094
656,41.16095246886213,38.79629866289901,-22.016245078733192,8.494130276390893
657,27.032769216435074,8.104631216212727,18.176493215989517,26.351015215444775
658,0.547431957346204,-35.05383098248283,7.351432345779536,41.19459034273489
659,7.24768212797674,43.5339345895586,-22.249178512793772,23.753332974589988
660,-39.72923993126057,19.877942382467335,-32.80063815147287,31.294616131084897
661,-5.399397073208309,35.22704945020746,-52.122702574349674,2.7024214133713076
662,0.5538671440542184,31.331399921001204,21.590669388629056,21.924370223209014
663,28.42348743016819,16.173466184316332,-5.2550931037684725,-3.147953281747557
664,-8.579392645856727,-1.2182467677246778,36.846559184909665,13.189147005556904
665,-13.555860013290234,-9.97436391438348,-35.86297467968264,-0.7990967538642446
666,12.227173762000081,28.227173762000294,10.448388068735953,15.768759482431943
667,36.18730114389337,5.644686353541376,-3.143204743545014,-4.86669113068195
668,6.28934315785563,14.361567823124473,9.379019066410741,21.162345070603656
669,11.902313655186896,22.254060240708654,-42.80957371615676,30.635412345484745
670,16.441640581985254,6.9494727642437315,45.28118289723638,-34.17478659044458
671,44.03340402281306,-17.77760631502757,-9.23742492313382,17.9332141759688
672,31.660259933955395,-7.813432911467192,41.63258546208507,8.507886275653517
673,50.362383690521554,19.744758242095376,-15.809327421575865,-0.044578318428685204
674,-21.072928705217592,4.04811032709395,2.6387469675047663,34.17828450487458
675,12.83711409455392,-26.987749327566803,28.306034816903068,11.187387250312879
676,-36.70946059269727,-24.676698084603622,20.290539407301996,35.35228413409717
677,7.711531873742967,-4.994613015873609,-10.745451408224458,0.08248171964463946
678,-1.139138251093506,-8.059349999995586,4.61447868881775,-17.552116120171625
679,0.9574631760199068,4.188717443966586,18.674264052218128,-46.07144360747033
680,-3.6415209796048122,-8.961673833373101,-6.770630657268714,6.740565372600802
681,10.840518976079611,23.563681770657528,-26.651015872716354,41.2191233556034
682,-26.08324769087559,-27.710365533019104,29.60319338805073,17.586250650890594
683,-22.775056559586183,1.4110300537454443,-35.48440399958653,-17.8215782129216
684,21.030929375058754,51.46184073756332,20.81126518118329,21.989298761795503
685,27.449960481263396,5.146911782645516,8.75707982225336,6.879113430172712
686,-22.444148737622598,13.841089712024129,48.46077177916504,52.46077177916604
687,-0.5148398395385108,52.73956357768322,-1.3964449653699533,19.77295311244247
688,-14.547558656978847,1.4402258552019276,-9.098288072173387,17.172495827493414
689,9.61291715402048,-1.324909508909248,9.363017665690315,49.70637818296708
690,-8.984550753521107,9.771872971487369,31.03332597830049,-14.88510853080086
691,15.367184378119143,39.653120632965916,-43.34719012381798,34.50999712714952
692,-9.420260121087304,27.47875357291352,-4.839832303933324,-14.49599985058674
693,7.145027621909049,-21.38178165047477,-9.539511893013088,28.353251017449367
694,-0.5652006357664667,-8.40285359645911,8.911145819800966,-12.864940502222044
695,-3.7724656985069434,16.748419213093477,24.51292560875568,-10.839749585460556
696,68.20305561725529,32.6149769093879,34.98625493719148,27.441536365335768
697,24.882304316232357,19.7101552028451,13.301477264711572,12.627813924481393
698,5.943153135153227,-31.795821359317703,-9.348240157311269,-5.595531427660411
699,37.298185742595955,-0.14091095547466537,126.45683078969923,135.2019263078687
700,-17.35864373232732,-2.8717034157260475,-7.958690322100695,-13.3847630991263
701,-19.300549887798663,37.62410922505899,-3.2101408232309323,10.030950015614202
702,19.264235041476645,-26.85611369073589,-16.211206143784075,2.5621300002139544
703,42.14712900402698,6.731030715101859,-18.282440981940194,-3.3428095653988095
704,-14.842467571965905,19.224339484355575,20.6141661523118,-3.0787546321541344
705,1.603399955852435,10.373032128392701,22.889859704856566,-22.132577063761172
706,-43.21607845924859,12.93588187881219,-17.640098290218273,10.048015737856096
707,0.1236939478467538,-3.9069284177044263,-3.327389758655107,71.38134953923321
708,-6.410554210757485,41.034470501341815,45.58246391144882,-0.5344685421556286
709,-5.10153612091021,8.165478706347432,12.453439166993398,15.720453994250997
710,-9.314077792021047,-20.455784161995147,2.080342365032782,12.080342365032754
711,34.79081293586458,-2.1401071053802747,8.863730670105769,-58.18424152347421
712,-33.892894943383794,-3.071774136981097,-18.41112159773622,17.322437558927902
713,24.01801385115916,3.9969700275546645,3.902226334802726,16.881182511197892
714,11.06360696991874,-9.032491602535586,-21.285742792156523,21.190232564729538
715,8.565828769156868,-28.607310403947825,-0.4303956270287332,17.8004566037763
716,-36.219183709029664,10.042681180907103,1.836961231134504,-59.97977679515869
717,9.996937145384594,30.220475677690526,-8.923121031913256,-14.357614483583694
718,45.37051441364456,4.495257378327613,32.24508602145201,-1.223556880501321
719,21.45233651898781,20.092788381087175,18.084765642202395,32.444313780104515
720,-17.373324652541527,15.63071786325732,0.010772835735874564,-5.470359653561104
721,49.680828642022135,37.3962361503008,44.87273225998526,-21.888356341420526
722,-6.699037854057801,0.1767639636569457,-21.407103914818293,1.636433659848977
723,-3.1655340056967534,-8.079283737164417,-3.1842469329685015,7.352775149548993
724,33.60220601416852,25.087305477978745,6.927743983335965,-8.89458649589163
725,15.182698688498036,-8.181004751468237,-15.047769796753606,-1.7445606235076636
726,29.758011203116176,-1.5208142215564817,12.941318723654096,-20.789747748951005
727,44.916135807899906,1.916135807900976,27.80734896194313,-30.397668079772416
728,-29.858844655037245,7.479509815116314,-26.123936499763918,14.951494289595777
729,22.46428533473756,9.925105019656629,-18.337536187304796,-37.517262958998
730,26.113269880848005,-32.15117514838174,-4.669100450533594,28.6725281654632
731,35.30719478074739,-5.8503864802054615,3.817174290411506,-18.609695411907325
732,7.140583822318856,15.33512611358989,-38.937233094187555,-7.365226134984756
733,35.10103408806035,42.973418704469815,12.059187950617098,19.229687957283577
734,9.672442776060757,6.865845264185749,12.40592947457183,6.37056335032544
735,7.9181932208378605,12.62886560996175,58.62457978811414,66.51399172998163
736,23.23703748572747,-13.66188170881603,-30.91278238002937,-24.053574970698634
737,37.143797109748384,-21.218134715196943,20.78186528480381,-12.66586201497713
738,9.414253653351361,26.820695251034287,-72.64420922160392,-18.635457592751397
739,22.741302795270588,23.028922705219912,-11.52993521373299,25.385112750246034
740,43.80372985298675,-11.683889804406531,-2.498746215536581,32.22006821986761
741,43.274414935767815,5.678787554045703,-7.084252543460081,31.863587066510263
742,-7.726456873358063,16.26244975215101,52.98465930536534,5.684682109584512
743,30.687524657125937,11.384104762520927,-22.40864392004592,-13.691750211130227
744,36.46797190910627,3.2341361698161157,24.776381664060498,5.5375874383577255
745,10.434745986420266,39.14540261871787,-15.090521959190784,-4.132680411311746
746,17.580177329810617,12.866938859456228,25.962526036001222,14.580177329807972
747,-49.00393220679494,7.453891042752171,15.660434566734212,21.273165459266213
748,-10.099909172917867,-15.948878138074965,12.785656339277976,45.128959802684676
749,32.55668516264109,23.629553861809665,-3.2498541621803883,69.17980683104915
750,6.57616677412453,-15.130789440977708,11.649622393780295,35.13776913736835
751,51.279027734347814,19.212605705224668,12.486081776415567,33.982187799067965
752,49.80205197438221,-27.11207379248473,10.423707137982836,23.830676718759804
753,14.155743073550472,26.991632584550835,-8.381450282200205,-44.72477846434977
754,9.974375841934222,43.6878962791067,-22.199366859076072,18.331136060521096
755,1.7242740359226976,10.47910455378761,-3.162802258739727,-7.766064928347356
756,-17.011043204849198,24.51440040450685,13.971916192111241,49.751561304623664
757,20.08040658445606,17.913206666691263,40.22840946266364,28.238007982440923
758,52.86543144625817,-3.882659268566025,-24.432277411531437,15.766195160327191
759,25.831125552170086,5.271351270185047,40.98834902288918,18.68013229405723
760,15.964260599773583,19.19963942311323,6.253025519571591,-24.821715015469913
761,30.116141664477052,61.98243642386753,-4.226009351777827,-33.017563576130954
762,-36.117392306381156,-1.2257974245920122,22.398794204128702,-4.633578816889402
763,42.95000190001206,28.416626469920097,4.720631521528869,23.862017054843353
764,8.467740811941114,-22.53420688957137,-2.3347912000262805,1.107039639396426
765,33.98982994666266,-6.9041341991981975,-30.540091946448776,42.9714560705337
766,-19.091545192890788,5.487932180480524,-16.557962989734094,15.728230824268527
767,6.6715676441918585,-1.1917074085320731,10.201162854749963,4.652184012652105
768,4.500978376693787,-42.8247076966017,-44.86891483606568,-0.13080483131922216
769,43.713657032879304,-22.89639667221313,21.347768361691053,40.17685283795961
770,-3.8537677080594093,13.038148597489336,21.315169521100888,25.302908022408847
771,-0.7890371413084037,-1.4733927848491404,25.7137578422085,44.49168879928097
772,-22.82934177187898,24.444207886302227,-27.923540404603983,3.9239325350360796
773,84.82505551204628,-22.25461918303232,28.334294287009868,-5.676385611794739
774,10.548880544313922,-51.569740770853585,-5.934706454899274,-10.204775086810628
775,48.56935078116999,10.641466491105215,21.035936717785894,32.60540863613882
776,18.291093090728655,-3.2380413263234296,3.8470212476109595,10.499400156746999
777,24.039893296458004,-54.63197300803127,31.20671289364885,2.0288822987253967
778,24.94370962344306,22.836926498398658,13.302932160209204,31.590965946947758
779,25.516989869455628,9.549801658048745,-20.173166593967583,-18.727230089934686
780,-2.6160301235553165,22.179786521289795,-19.658858945157444,-5.067225655463541
781,36.712336990939356,37.23268728804969,43.38751805385008,3.55352041958933
782,42.771411758784616,-21.77739270930819,-17.831177553825373,-31.358069976084966
783,-12.54439215738563,-18.632743813602975,13.213305382794502,15.539276078108896
784,-2.4421169684996835,25.82825412869714,38.59727756556965,7.845256075085264
785,20.661921514584158,-38.69100642867578,19.308993571320194,14.16833551396496
786,-14.690095478014598,32.847951395731656,52.771857648238125,21.15771702699914
787,60.49409951840487,-39.225772730876066,33.213971767689344,16.426511689788708
788,17.54752271792889,1.3592626164745594,20.857235679263727,1.7195673216942584
789,56.32294895280255,2.1116495649692233,22.47232736117279,45.9878076060374
790,22.43342476821387,-31.302594256214046,5.5000716177680555,28.908069239714653
791,4.482833409752722,8.579287648107142,53.68360876167581,25.230866690949814
792,-7.659066006206024,-4.209523062631682,50.65286267326364,36.00149150398666
793,17.761344853858525,22.170828488791354,11.485475774393054,22.26492789870453
794,-10.473111539940096,-23.878820375649486,-0.47311153993942573,15.33830613148081
795,38.76827912267425,-0.68699465164391,-25.198983893666288,-25.068035959035853
796,7.193670235313299,-12.830430413387957,48.23468508752321,-4.5602406514226015
797,54.98120243845956,42.375990849911226,13.38005001123101,-19.12603873075031
798,-25.609177598375553,4.829768484257265,5.336552252852993,13.856903558642871
799,-36.81504348477516,-28.95089815941823,34.82427503272144,-16.27641773584661
